year_be,year_ce,month,month_th,period,province_id,province,All_All
2559,2016,1,ม.ค.,2016-01,10,กรุงเทพฯ,3
2559,2016,1,ม.ค.,2016-01,11,สมุทรปราการ,0
2559,2016,1,ม.ค.,2016-01,12,นนทบุรี,2
2559,2016,1,ม.ค.,2016-01,13,ปทุมธานี,0
2559,2016,1,ม.ค.,2016-01,14,พระนครศรีอยุธยา,0
2559,2016,1,ม.ค.,2016-01,15,อ่างทอง,0
2559,2016,1,ม.ค.,2016-01,16,ลพบุรี,0
2559,2016,1,ม.ค.,2016-01,17,สิงห์บุรี,0
2559,2016,1,ม.ค.,2016-01,18,ชัยนาท,0
2559,2016,1,ม.ค.,2016-01,19,สระบุรี,0
2559,2016,1,ม.ค.,2016-01,20,ชลบุรี,5
2559,2016,1,ม.ค.,2016-01,21,ระยอง,3
2559,2016,1,ม.ค.,2016-01,22,จันทบุรี,7
2559,2016,1,ม.ค.,2016-01,23,ตราด,2
2559,2016,1,ม.ค.,2016-01,24,ฉะเชิงเทรา,0
2559,2016,1,ม.ค.,2016-01,25,ปราจีนบุรี,29
2559,2016,1,ม.ค.,2016-01,26,นครนายก,0
2559,2016,1,ม.ค.,2016-01,27,สระแก้ว,14
2559,2016,1,ม.ค.,2016-01,30,นครราชสีมา,6
2559,2016,1,ม.ค.,2016-01,31,บุรีรัมย์,5
2559,2016,1,ม.ค.,2016-01,32,สุรินทร์,20
2559,2016,1,ม.ค.,2016-01,33,ศรีสะเกษ,82
2559,2016,1,ม.ค.,2016-01,34,อุบลราชธานี,218
2559,2016,1,ม.ค.,2016-01,35,ยโสธร,7
2559,2016,1,ม.ค.,2016-01,36,ชัยภูมิ,1
2559,2016,1,ม.ค.,2016-01,37,อำนาจเจริญ,0
2559,2016,1,ม.ค.,2016-01,38,บึงกาฬ,0
2559,2016,1,ม.ค.,2016-01,39,หนองบัวลำภู,0
2559,2016,1,ม.ค.,2016-01,40,ขอนแก่น,1
2559,2016,1,ม.ค.,2016-01,41,อุดรธานี,0
2559,2016,1,ม.ค.,2016-01,42,เลย,0
2559,2016,1,ม.ค.,2016-01,43,หนองคาย,0
2559,2016,1,ม.ค.,2016-01,44,มหาสารคาม,0
2559,2016,1,ม.ค.,2016-01,45,ร้อยเอ็ด,0
2559,2016,1,ม.ค.,2016-01,46,กาฬสินธุ์,0
2559,2016,1,ม.ค.,2016-01,47,สกลนคร,0
2559,2016,1,ม.ค.,2016-01,48,นครพนม,0
2559,2016,1,ม.ค.,2016-01,49,มุกดาหาร,2
2559,2016,1,ม.ค.,2016-01,50,เชียงใหม่,6
2559,2016,1,ม.ค.,2016-01,51,ลำพูน,0
2559,2016,1,ม.ค.,2016-01,52,ลำปาง,0
2559,2016,1,ม.ค.,2016-01,53,อุตรดิตถ์,0
2559,2016,1,ม.ค.,2016-01,54,แพร่,0
2559,2016,1,ม.ค.,2016-01,55,น่าน,0
2559,2016,1,ม.ค.,2016-01,56,พะเยา,0
2559,2016,1,ม.ค.,2016-01,57,เชียงราย,6
2559,2016,1,ม.ค.,2016-01,58,แม่ฮ่องสอน,37
2559,2016,1,ม.ค.,2016-01,60,นครสวรรค์,0
2559,2016,1,ม.ค.,2016-01,61,อุทัยธานี,0
2559,2016,1,ม.ค.,2016-01,62,กำแพงเพชร,0
2559,2016,1,ม.ค.,2016-01,63,ตาก,387
2559,2016,1,ม.ค.,2016-01,64,สุโขทัย,0
2559,2016,1,ม.ค.,2016-01,65,พิษณุโลก,0
2559,2016,1,ม.ค.,2016-01,66,พิจิตร,0
2559,2016,1,ม.ค.,2016-01,67,เพชรบูรณ์,0
2559,2016,1,ม.ค.,2016-01,70,ราชบุรี,4
2559,2016,1,ม.ค.,2016-01,71,กาญจนบุรี,37
2559,2016,1,ม.ค.,2016-01,72,สุพรรณบุรี,1
2559,2016,1,ม.ค.,2016-01,73,นครปฐม,1
2559,2016,1,ม.ค.,2016-01,74,สมุทรสาคร,1
2559,2016,1,ม.ค.,2016-01,75,สมุทรสงคราม,0
2559,2016,1,ม.ค.,2016-01,76,เพชรบุรี,4
2559,2016,1,ม.ค.,2016-01,77,ประจวบคีรีขันธ์,12
2559,2016,1,ม.ค.,2016-01,80,นครศรีธรรมราช,0
2559,2016,1,ม.ค.,2016-01,81,กระบี่,2
2559,2016,1,ม.ค.,2016-01,82,พังงา,0
2559,2016,1,ม.ค.,2016-01,83,ภูเก็ต,0
2559,2016,1,ม.ค.,2016-01,84,สุราษฎร์ธานี,5
2559,2016,1,ม.ค.,2016-01,85,ระนอง,14
2559,2016,1,ม.ค.,2016-01,86,ชุมพร,3
2559,2016,1,ม.ค.,2016-01,90,สงขลา,2
2559,2016,1,ม.ค.,2016-01,91,สตูล,1
2559,2016,1,ม.ค.,2016-01,92,ตรัง,1
2559,2016,1,ม.ค.,2016-01,93,พัทลุง,0
2559,2016,1,ม.ค.,2016-01,94,ปัตตานี,0
2559,2016,1,ม.ค.,2016-01,95,ยะลา,66
2559,2016,1,ม.ค.,2016-01,96,นราธิวาส,12
2559,2016,2,ก.พ.,2016-02,10,กรุงเทพฯ,4
2559,2016,2,ก.พ.,2016-02,11,สมุทรปราการ,0
2559,2016,2,ก.พ.,2016-02,12,นนทบุรี,0
2559,2016,2,ก.พ.,2016-02,13,ปทุมธานี,0
2559,2016,2,ก.พ.,2016-02,14,พระนครศรีอยุธยา,1
2559,2016,2,ก.พ.,2016-02,15,อ่างทอง,0
2559,2016,2,ก.พ.,2016-02,16,ลพบุรี,0
2559,2016,2,ก.พ.,2016-02,17,สิงห์บุรี,0
2559,2016,2,ก.พ.,2016-02,18,ชัยนาท,0
2559,2016,2,ก.พ.,2016-02,19,สระบุรี,0
2559,2016,2,ก.พ.,2016-02,20,ชลบุรี,2
2559,2016,2,ก.พ.,2016-02,21,ระยอง,2
2559,2016,2,ก.พ.,2016-02,22,จันทบุรี,12
2559,2016,2,ก.พ.,2016-02,23,ตราด,10
2559,2016,2,ก.พ.,2016-02,24,ฉะเชิงเทรา,0
2559,2016,2,ก.พ.,2016-02,25,ปราจีนบุรี,36
2559,2016,2,ก.พ.,2016-02,26,นครนายก,0
2559,2016,2,ก.พ.,2016-02,27,สระแก้ว,9
2559,2016,2,ก.พ.,2016-02,30,นครราชสีมา,2
2559,2016,2,ก.พ.,2016-02,31,บุรีรัมย์,0
2559,2016,2,ก.พ.,2016-02,32,สุรินทร์,17
2559,2016,2,ก.พ.,2016-02,33,ศรีสะเกษ,47
2559,2016,2,ก.พ.,2016-02,34,อุบลราชธานี,157
2559,2016,2,ก.พ.,2016-02,35,ยโสธร,1
2559,2016,2,ก.พ.,2016-02,36,ชัยภูมิ,0
2559,2016,2,ก.พ.,2016-02,37,อำนาจเจริญ,0
2559,2016,2,ก.พ.,2016-02,38,บึงกาฬ,0
2559,2016,2,ก.พ.,2016-02,39,หนองบัวลำภู,0
2559,2016,2,ก.พ.,2016-02,40,ขอนแก่น,1
2559,2016,2,ก.พ.,2016-02,41,อุดรธานี,0
2559,2016,2,ก.พ.,2016-02,42,เลย,0
2559,2016,2,ก.พ.,2016-02,43,หนองคาย,0
2559,2016,2,ก.พ.,2016-02,44,มหาสารคาม,0
2559,2016,2,ก.พ.,2016-02,45,ร้อยเอ็ด,0
2559,2016,2,ก.พ.,2016-02,46,กาฬสินธุ์,0
2559,2016,2,ก.พ.,2016-02,47,สกลนคร,0
2559,2016,2,ก.พ.,2016-02,48,นครพนม,0
2559,2016,2,ก.พ.,2016-02,49,มุกดาหาร,0
2559,2016,2,ก.พ.,2016-02,50,เชียงใหม่,3
2559,2016,2,ก.พ.,2016-02,51,ลำพูน,0
2559,2016,2,ก.พ.,2016-02,52,ลำปาง,0
2559,2016,2,ก.พ.,2016-02,53,อุตรดิตถ์,0
2559,2016,2,ก.พ.,2016-02,54,แพร่,0
2559,2016,2,ก.พ.,2016-02,55,น่าน,1
2559,2016,2,ก.พ.,2016-02,56,พะเยา,0
2559,2016,2,ก.พ.,2016-02,57,เชียงราย,2
2559,2016,2,ก.พ.,2016-02,58,แม่ฮ่องสอน,16
2559,2016,2,ก.พ.,2016-02,60,นครสวรรค์,0
2559,2016,2,ก.พ.,2016-02,61,อุทัยธานี,0
2559,2016,2,ก.พ.,2016-02,62,กำแพงเพชร,0
2559,2016,2,ก.พ.,2016-02,63,ตาก,267
2559,2016,2,ก.พ.,2016-02,64,สุโขทัย,0
2559,2016,2,ก.พ.,2016-02,65,พิษณุโลก,0
2559,2016,2,ก.พ.,2016-02,66,พิจิตร,0
2559,2016,2,ก.พ.,2016-02,67,เพชรบูรณ์,1
2559,2016,2,ก.พ.,2016-02,70,ราชบุรี,1
2559,2016,2,ก.พ.,2016-02,71,กาญจนบุรี,23
2559,2016,2,ก.พ.,2016-02,72,สุพรรณบุรี,0
2559,2016,2,ก.พ.,2016-02,73,นครปฐม,0
2559,2016,2,ก.พ.,2016-02,74,สมุทรสาคร,0
2559,2016,2,ก.พ.,2016-02,75,สมุทรสงคราม,0
2559,2016,2,ก.พ.,2016-02,76,เพชรบุรี,5
2559,2016,2,ก.พ.,2016-02,77,ประจวบคีรีขันธ์,6
2559,2016,2,ก.พ.,2016-02,80,นครศรีธรรมราช,0
2559,2016,2,ก.พ.,2016-02,81,กระบี่,1
2559,2016,2,ก.พ.,2016-02,82,พังงา,2
2559,2016,2,ก.พ.,2016-02,83,ภูเก็ต,0
2559,2016,2,ก.พ.,2016-02,84,สุราษฎร์ธานี,10
2559,2016,2,ก.พ.,2016-02,85,ระนอง,6
2559,2016,2,ก.พ.,2016-02,86,ชุมพร,3
2559,2016,2,ก.พ.,2016-02,90,สงขลา,4
2559,2016,2,ก.พ.,2016-02,91,สตูล,0
2559,2016,2,ก.พ.,2016-02,92,ตรัง,0
2559,2016,2,ก.พ.,2016-02,93,พัทลุง,0
2559,2016,2,ก.พ.,2016-02,94,ปัตตานี,4
2559,2016,2,ก.พ.,2016-02,95,ยะลา,95
2559,2016,2,ก.พ.,2016-02,96,นราธิวาส,20
2559,2016,3,มี.ค.,2016-03,10,กรุงเทพฯ,9
2559,2016,3,มี.ค.,2016-03,11,สมุทรปราการ,0
2559,2016,3,มี.ค.,2016-03,12,นนทบุรี,0
2559,2016,3,มี.ค.,2016-03,13,ปทุมธานี,0
2559,2016,3,มี.ค.,2016-03,14,พระนครศรีอยุธยา,0
2559,2016,3,มี.ค.,2016-03,15,อ่างทอง,0
2559,2016,3,มี.ค.,2016-03,16,ลพบุรี,0
2559,2016,3,มี.ค.,2016-03,17,สิงห์บุรี,0
2559,2016,3,มี.ค.,2016-03,18,ชัยนาท,0
2559,2016,3,มี.ค.,2016-03,19,สระบุรี,0
2559,2016,3,มี.ค.,2016-03,20,ชลบุรี,0
2559,2016,3,มี.ค.,2016-03,21,ระยอง,2
2559,2016,3,มี.ค.,2016-03,22,จันทบุรี,5
2559,2016,3,มี.ค.,2016-03,23,ตราด,6
2559,2016,3,มี.ค.,2016-03,24,ฉะเชิงเทรา,0
2559,2016,3,มี.ค.,2016-03,25,ปราจีนบุรี,28
2559,2016,3,มี.ค.,2016-03,26,นครนายก,0
2559,2016,3,มี.ค.,2016-03,27,สระแก้ว,7
2559,2016,3,มี.ค.,2016-03,30,นครราชสีมา,3
2559,2016,3,มี.ค.,2016-03,31,บุรีรัมย์,2
2559,2016,3,มี.ค.,2016-03,32,สุรินทร์,13
2559,2016,3,มี.ค.,2016-03,33,ศรีสะเกษ,28
2559,2016,3,มี.ค.,2016-03,34,อุบลราชธานี,105
2559,2016,3,มี.ค.,2016-03,35,ยโสธร,1
2559,2016,3,มี.ค.,2016-03,36,ชัยภูมิ,0
2559,2016,3,มี.ค.,2016-03,37,อำนาจเจริญ,0
2559,2016,3,มี.ค.,2016-03,38,บึงกาฬ,0
2559,2016,3,มี.ค.,2016-03,39,หนองบัวลำภู,0
2559,2016,3,มี.ค.,2016-03,40,ขอนแก่น,1
2559,2016,3,มี.ค.,2016-03,41,อุดรธานี,1
2559,2016,3,มี.ค.,2016-03,42,เลย,0
2559,2016,3,มี.ค.,2016-03,43,หนองคาย,0
2559,2016,3,มี.ค.,2016-03,44,มหาสารคาม,0
2559,2016,3,มี.ค.,2016-03,45,ร้อยเอ็ด,0
2559,2016,3,มี.ค.,2016-03,46,กาฬสินธุ์,0
2559,2016,3,มี.ค.,2016-03,47,สกลนคร,0
2559,2016,3,มี.ค.,2016-03,48,นครพนม,0
2559,2016,3,มี.ค.,2016-03,49,มุกดาหาร,0
2559,2016,3,มี.ค.,2016-03,50,เชียงใหม่,5
2559,2016,3,มี.ค.,2016-03,51,ลำพูน,0
2559,2016,3,มี.ค.,2016-03,52,ลำปาง,0
2559,2016,3,มี.ค.,2016-03,53,อุตรดิตถ์,0
2559,2016,3,มี.ค.,2016-03,54,แพร่,0
2559,2016,3,มี.ค.,2016-03,55,น่าน,0
2559,2016,3,มี.ค.,2016-03,56,พะเยา,1
2559,2016,3,มี.ค.,2016-03,57,เชียงราย,4
2559,2016,3,มี.ค.,2016-03,58,แม่ฮ่องสอน,14
2559,2016,3,มี.ค.,2016-03,60,นครสวรรค์,0
2559,2016,3,มี.ค.,2016-03,61,อุทัยธานี,0
2559,2016,3,มี.ค.,2016-03,62,กำแพงเพชร,0
2559,2016,3,มี.ค.,2016-03,63,ตาก,259
2559,2016,3,มี.ค.,2016-03,64,สุโขทัย,0
2559,2016,3,มี.ค.,2016-03,65,พิษณุโลก,0
2559,2016,3,มี.ค.,2016-03,66,พิจิตร,0
2559,2016,3,มี.ค.,2016-03,67,เพชรบูรณ์,1
2559,2016,3,มี.ค.,2016-03,70,ราชบุรี,1
2559,2016,3,มี.ค.,2016-03,71,กาญจนบุรี,18
2559,2016,3,มี.ค.,2016-03,72,สุพรรณบุรี,1
2559,2016,3,มี.ค.,2016-03,73,นครปฐม,1
2559,2016,3,มี.ค.,2016-03,74,สมุทรสาคร,0
2559,2016,3,มี.ค.,2016-03,75,สมุทรสงคราม,0
2559,2016,3,มี.ค.,2016-03,76,เพชรบุรี,2
2559,2016,3,มี.ค.,2016-03,77,ประจวบคีรีขันธ์,3
2559,2016,3,มี.ค.,2016-03,80,นครศรีธรรมราช,1
2559,2016,3,มี.ค.,2016-03,81,กระบี่,0
2559,2016,3,มี.ค.,2016-03,82,พังงา,1
2559,2016,3,มี.ค.,2016-03,83,ภูเก็ต,0
2559,2016,3,มี.ค.,2016-03,84,สุราษฎร์ธานี,9
2559,2016,3,มี.ค.,2016-03,85,ระนอง,9
2559,2016,3,มี.ค.,2016-03,86,ชุมพร,3
2559,2016,3,มี.ค.,2016-03,90,สงขลา,8
2559,2016,3,มี.ค.,2016-03,91,สตูล,0
2559,2016,3,มี.ค.,2016-03,92,ตรัง,0
2559,2016,3,มี.ค.,2016-03,93,พัทลุง,0
2559,2016,3,มี.ค.,2016-03,94,ปัตตานี,1
2559,2016,3,มี.ค.,2016-03,95,ยะลา,173
2559,2016,3,มี.ค.,2016-03,96,นราธิวาส,5
2559,2016,4,เม.ย.,2016-04,10,กรุงเทพฯ,5
2559,2016,4,เม.ย.,2016-04,11,สมุทรปราการ,0
2559,2016,4,เม.ย.,2016-04,12,นนทบุรี,0
2559,2016,4,เม.ย.,2016-04,13,ปทุมธานี,0
2559,2016,4,เม.ย.,2016-04,14,พระนครศรีอยุธยา,1
2559,2016,4,เม.ย.,2016-04,15,อ่างทอง,0
2559,2016,4,เม.ย.,2016-04,16,ลพบุรี,1
2559,2016,4,เม.ย.,2016-04,17,สิงห์บุรี,0
2559,2016,4,เม.ย.,2016-04,18,ชัยนาท,0
2559,2016,4,เม.ย.,2016-04,19,สระบุรี,0
2559,2016,4,เม.ย.,2016-04,20,ชลบุรี,0
2559,2016,4,เม.ย.,2016-04,21,ระยอง,0
2559,2016,4,เม.ย.,2016-04,22,จันทบุรี,3
2559,2016,4,เม.ย.,2016-04,23,ตราด,9
2559,2016,4,เม.ย.,2016-04,24,ฉะเชิงเทรา,0
2559,2016,4,เม.ย.,2016-04,25,ปราจีนบุรี,21
2559,2016,4,เม.ย.,2016-04,26,นครนายก,0
2559,2016,4,เม.ย.,2016-04,27,สระแก้ว,7
2559,2016,4,เม.ย.,2016-04,30,นครราชสีมา,3
2559,2016,4,เม.ย.,2016-04,31,บุรีรัมย์,1
2559,2016,4,เม.ย.,2016-04,32,สุรินทร์,7
2559,2016,4,เม.ย.,2016-04,33,ศรีสะเกษ,22
2559,2016,4,เม.ย.,2016-04,34,อุบลราชธานี,57
2559,2016,4,เม.ย.,2016-04,35,ยโสธร,3
2559,2016,4,เม.ย.,2016-04,36,ชัยภูมิ,0
2559,2016,4,เม.ย.,2016-04,37,อำนาจเจริญ,0
2559,2016,4,เม.ย.,2016-04,38,บึงกาฬ,0
2559,2016,4,เม.ย.,2016-04,39,หนองบัวลำภู,0
2559,2016,4,เม.ย.,2016-04,40,ขอนแก่น,0
2559,2016,4,เม.ย.,2016-04,41,อุดรธานี,0
2559,2016,4,เม.ย.,2016-04,42,เลย,0
2559,2016,4,เม.ย.,2016-04,43,หนองคาย,0
2559,2016,4,เม.ย.,2016-04,44,มหาสารคาม,0
2559,2016,4,เม.ย.,2016-04,45,ร้อยเอ็ด,0
2559,2016,4,เม.ย.,2016-04,46,กาฬสินธุ์,0
2559,2016,4,เม.ย.,2016-04,47,สกลนคร,0
2559,2016,4,เม.ย.,2016-04,48,นครพนม,0
2559,2016,4,เม.ย.,2016-04,49,มุกดาหาร,0
2559,2016,4,เม.ย.,2016-04,50,เชียงใหม่,4
2559,2016,4,เม.ย.,2016-04,51,ลำพูน,0
2559,2016,4,เม.ย.,2016-04,52,ลำปาง,0
2559,2016,4,เม.ย.,2016-04,53,อุตรดิตถ์,0
2559,2016,4,เม.ย.,2016-04,54,แพร่,0
2559,2016,4,เม.ย.,2016-04,55,น่าน,1
2559,2016,4,เม.ย.,2016-04,56,พะเยา,0
2559,2016,4,เม.ย.,2016-04,57,เชียงราย,7
2559,2016,4,เม.ย.,2016-04,58,แม่ฮ่องสอน,49
2559,2016,4,เม.ย.,2016-04,60,นครสวรรค์,0
2559,2016,4,เม.ย.,2016-04,61,อุทัยธานี,0
2559,2016,4,เม.ย.,2016-04,62,กำแพงเพชร,0
2559,2016,4,เม.ย.,2016-04,63,ตาก,328
2559,2016,4,เม.ย.,2016-04,64,สุโขทัย,0
2559,2016,4,เม.ย.,2016-04,65,พิษณุโลก,0
2559,2016,4,เม.ย.,2016-04,66,พิจิตร,0
2559,2016,4,เม.ย.,2016-04,67,เพชรบูรณ์,1
2559,2016,4,เม.ย.,2016-04,70,ราชบุรี,4
2559,2016,4,เม.ย.,2016-04,71,กาญจนบุรี,33
2559,2016,4,เม.ย.,2016-04,72,สุพรรณบุรี,0
2559,2016,4,เม.ย.,2016-04,73,นครปฐม,0
2559,2016,4,เม.ย.,2016-04,74,สมุทรสาคร,0
2559,2016,4,เม.ย.,2016-04,75,สมุทรสงคราม,0
2559,2016,4,เม.ย.,2016-04,76,เพชรบุรี,8
2559,2016,4,เม.ย.,2016-04,77,ประจวบคีรีขันธ์,4
2559,2016,4,เม.ย.,2016-04,80,นครศรีธรรมราช,2
2559,2016,4,เม.ย.,2016-04,81,กระบี่,0
2559,2016,4,เม.ย.,2016-04,82,พังงา,1
2559,2016,4,เม.ย.,2016-04,83,ภูเก็ต,0
2559,2016,4,เม.ย.,2016-04,84,สุราษฎร์ธานี,15
2559,2016,4,เม.ย.,2016-04,85,ระนอง,3
2559,2016,4,เม.ย.,2016-04,86,ชุมพร,2
2559,2016,4,เม.ย.,2016-04,90,สงขลา,17
2559,2016,4,เม.ย.,2016-04,91,สตูล,0
2559,2016,4,เม.ย.,2016-04,92,ตรัง,0
2559,2016,4,เม.ย.,2016-04,93,พัทลุง,0
2559,2016,4,เม.ย.,2016-04,94,ปัตตานี,5
2559,2016,4,เม.ย.,2016-04,95,ยะลา,256
2559,2016,4,เม.ย.,2016-04,96,นราธิวาส,13
2559,2016,5,พ.ค.,2016-05,10,กรุงเทพฯ,5
2559,2016,5,พ.ค.,2016-05,11,สมุทรปราการ,0
2559,2016,5,พ.ค.,2016-05,12,นนทบุรี,0
2559,2016,5,พ.ค.,2016-05,13,ปทุมธานี,1
2559,2016,5,พ.ค.,2016-05,14,พระนครศรีอยุธยา,0
2559,2016,5,พ.ค.,2016-05,15,อ่างทอง,0
2559,2016,5,พ.ค.,2016-05,16,ลพบุรี,0
2559,2016,5,พ.ค.,2016-05,17,สิงห์บุรี,0
2559,2016,5,พ.ค.,2016-05,18,ชัยนาท,0
2559,2016,5,พ.ค.,2016-05,19,สระบุรี,0
2559,2016,5,พ.ค.,2016-05,20,ชลบุรี,0
2559,2016,5,พ.ค.,2016-05,21,ระยอง,2
2559,2016,5,พ.ค.,2016-05,22,จันทบุรี,5
2559,2016,5,พ.ค.,2016-05,23,ตราด,11
2559,2016,5,พ.ค.,2016-05,24,ฉะเชิงเทรา,0
2559,2016,5,พ.ค.,2016-05,25,ปราจีนบุรี,7
2559,2016,5,พ.ค.,2016-05,26,นครนายก,0
2559,2016,5,พ.ค.,2016-05,27,สระแก้ว,3
2559,2016,5,พ.ค.,2016-05,30,นครราชสีมา,4
2559,2016,5,พ.ค.,2016-05,31,บุรีรัมย์,1
2559,2016,5,พ.ค.,2016-05,32,สุรินทร์,1
2559,2016,5,พ.ค.,2016-05,33,ศรีสะเกษ,14
2559,2016,5,พ.ค.,2016-05,34,อุบลราชธานี,41
2559,2016,5,พ.ค.,2016-05,35,ยโสธร,1
2559,2016,5,พ.ค.,2016-05,36,ชัยภูมิ,0
2559,2016,5,พ.ค.,2016-05,37,อำนาจเจริญ,0
2559,2016,5,พ.ค.,2016-05,38,บึงกาฬ,0
2559,2016,5,พ.ค.,2016-05,39,หนองบัวลำภู,0
2559,2016,5,พ.ค.,2016-05,40,ขอนแก่น,0
2559,2016,5,พ.ค.,2016-05,41,อุดรธานี,0
2559,2016,5,พ.ค.,2016-05,42,เลย,0
2559,2016,5,พ.ค.,2016-05,43,หนองคาย,0
2559,2016,5,พ.ค.,2016-05,44,มหาสารคาม,0
2559,2016,5,พ.ค.,2016-05,45,ร้อยเอ็ด,0
2559,2016,5,พ.ค.,2016-05,46,กาฬสินธุ์,0
2559,2016,5,พ.ค.,2016-05,47,สกลนคร,0
2559,2016,5,พ.ค.,2016-05,48,นครพนม,0
2559,2016,5,พ.ค.,2016-05,49,มุกดาหาร,0
2559,2016,5,พ.ค.,2016-05,50,เชียงใหม่,9
2559,2016,5,พ.ค.,2016-05,51,ลำพูน,0
2559,2016,5,พ.ค.,2016-05,52,ลำปาง,0
2559,2016,5,พ.ค.,2016-05,53,อุตรดิตถ์,0
2559,2016,5,พ.ค.,2016-05,54,แพร่,0
2559,2016,5,พ.ค.,2016-05,55,น่าน,0
2559,2016,5,พ.ค.,2016-05,56,พะเยา,0
2559,2016,5,พ.ค.,2016-05,57,เชียงราย,39
2559,2016,5,พ.ค.,2016-05,58,แม่ฮ่องสอน,69
2559,2016,5,พ.ค.,2016-05,60,นครสวรรค์,0
2559,2016,5,พ.ค.,2016-05,61,อุทัยธานี,0
2559,2016,5,พ.ค.,2016-05,62,กำแพงเพชร,1
2559,2016,5,พ.ค.,2016-05,63,ตาก,437
2559,2016,5,พ.ค.,2016-05,64,สุโขทัย,0
2559,2016,5,พ.ค.,2016-05,65,พิษณุโลก,0
2559,2016,5,พ.ค.,2016-05,66,พิจิตร,0
2559,2016,5,พ.ค.,2016-05,67,เพชรบูรณ์,0
2559,2016,5,พ.ค.,2016-05,70,ราชบุรี,20
2559,2016,5,พ.ค.,2016-05,71,กาญจนบุรี,57
2559,2016,5,พ.ค.,2016-05,72,สุพรรณบุรี,0
2559,2016,5,พ.ค.,2016-05,73,นครปฐม,1
2559,2016,5,พ.ค.,2016-05,74,สมุทรสาคร,0
2559,2016,5,พ.ค.,2016-05,75,สมุทรสงคราม,2
2559,2016,5,พ.ค.,2016-05,76,เพชรบุรี,12
2559,2016,5,พ.ค.,2016-05,77,ประจวบคีรีขันธ์,19
2559,2016,5,พ.ค.,2016-05,80,นครศรีธรรมราช,1
2559,2016,5,พ.ค.,2016-05,81,กระบี่,0
2559,2016,5,พ.ค.,2016-05,82,พังงา,9
2559,2016,5,พ.ค.,2016-05,83,ภูเก็ต,1
2559,2016,5,พ.ค.,2016-05,84,สุราษฎร์ธานี,8
2559,2016,5,พ.ค.,2016-05,85,ระนอง,8
2559,2016,5,พ.ค.,2016-05,86,ชุมพร,2
2559,2016,5,พ.ค.,2016-05,90,สงขลา,63
2559,2016,5,พ.ค.,2016-05,91,สตูล,0
2559,2016,5,พ.ค.,2016-05,92,ตรัง,0
2559,2016,5,พ.ค.,2016-05,93,พัทลุง,0
2559,2016,5,พ.ค.,2016-05,94,ปัตตานี,38
2559,2016,5,พ.ค.,2016-05,95,ยะลา,605
2559,2016,5,พ.ค.,2016-05,96,นราธิวาส,29
2559,2016,6,มิ.ย.,2016-06,10,กรุงเทพฯ,5
2559,2016,6,มิ.ย.,2016-06,11,สมุทรปราการ,0
2559,2016,6,มิ.ย.,2016-06,12,นนทบุรี,0
2559,2016,6,มิ.ย.,2016-06,13,ปทุมธานี,0
2559,2016,6,มิ.ย.,2016-06,14,พระนครศรีอยุธยา,0
2559,2016,6,มิ.ย.,2016-06,15,อ่างทอง,0
2559,2016,6,มิ.ย.,2016-06,16,ลพบุรี,0
2559,2016,6,มิ.ย.,2016-06,17,สิงห์บุรี,0
2559,2016,6,มิ.ย.,2016-06,18,ชัยนาท,0
2559,2016,6,มิ.ย.,2016-06,19,สระบุรี,0
2559,2016,6,มิ.ย.,2016-06,20,ชลบุรี,0
2559,2016,6,มิ.ย.,2016-06,21,ระยอง,1
2559,2016,6,มิ.ย.,2016-06,22,จันทบุรี,8
2559,2016,6,มิ.ย.,2016-06,23,ตราด,13
2559,2016,6,มิ.ย.,2016-06,24,ฉะเชิงเทรา,0
2559,2016,6,มิ.ย.,2016-06,25,ปราจีนบุรี,15
2559,2016,6,มิ.ย.,2016-06,26,นครนายก,0
2559,2016,6,มิ.ย.,2016-06,27,สระแก้ว,2
2559,2016,6,มิ.ย.,2016-06,30,นครราชสีมา,1
2559,2016,6,มิ.ย.,2016-06,31,บุรีรัมย์,1
2559,2016,6,มิ.ย.,2016-06,32,สุรินทร์,4
2559,2016,6,มิ.ย.,2016-06,33,ศรีสะเกษ,18
2559,2016,6,มิ.ย.,2016-06,34,อุบลราชธานี,43
2559,2016,6,มิ.ย.,2016-06,35,ยโสธร,1
2559,2016,6,มิ.ย.,2016-06,36,ชัยภูมิ,0
2559,2016,6,มิ.ย.,2016-06,37,อำนาจเจริญ,0
2559,2016,6,มิ.ย.,2016-06,38,บึงกาฬ,0
2559,2016,6,มิ.ย.,2016-06,39,หนองบัวลำภู,0
2559,2016,6,มิ.ย.,2016-06,40,ขอนแก่น,0
2559,2016,6,มิ.ย.,2016-06,41,อุดรธานี,0
2559,2016,6,มิ.ย.,2016-06,42,เลย,0
2559,2016,6,มิ.ย.,2016-06,43,หนองคาย,0
2559,2016,6,มิ.ย.,2016-06,44,มหาสารคาม,0
2559,2016,6,มิ.ย.,2016-06,45,ร้อยเอ็ด,0
2559,2016,6,มิ.ย.,2016-06,46,กาฬสินธุ์,0
2559,2016,6,มิ.ย.,2016-06,47,สกลนคร,0
2559,2016,6,มิ.ย.,2016-06,48,นครพนม,0
2559,2016,6,มิ.ย.,2016-06,49,มุกดาหาร,0
2559,2016,6,มิ.ย.,2016-06,50,เชียงใหม่,11
2559,2016,6,มิ.ย.,2016-06,51,ลำพูน,0
2559,2016,6,มิ.ย.,2016-06,52,ลำปาง,2
2559,2016,6,มิ.ย.,2016-06,53,อุตรดิตถ์,1
2559,2016,6,มิ.ย.,2016-06,54,แพร่,0
2559,2016,6,มิ.ย.,2016-06,55,น่าน,1
2559,2016,6,มิ.ย.,2016-06,56,พะเยา,0
2559,2016,6,มิ.ย.,2016-06,57,เชียงราย,68
2559,2016,6,มิ.ย.,2016-06,58,แม่ฮ่องสอน,137
2559,2016,6,มิ.ย.,2016-06,60,นครสวรรค์,0
2559,2016,6,มิ.ย.,2016-06,61,อุทัยธานี,1
2559,2016,6,มิ.ย.,2016-06,62,กำแพงเพชร,1
2559,2016,6,มิ.ย.,2016-06,63,ตาก,1003
2559,2016,6,มิ.ย.,2016-06,64,สุโขทัย,0
2559,2016,6,มิ.ย.,2016-06,65,พิษณุโลก,2
2559,2016,6,มิ.ย.,2016-06,66,พิจิตร,0
2559,2016,6,มิ.ย.,2016-06,67,เพชรบูรณ์,1
2559,2016,6,มิ.ย.,2016-06,70,ราชบุรี,40
2559,2016,6,มิ.ย.,2016-06,71,กาญจนบุรี,138
2559,2016,6,มิ.ย.,2016-06,72,สุพรรณบุรี,1
2559,2016,6,มิ.ย.,2016-06,73,นครปฐม,0
2559,2016,6,มิ.ย.,2016-06,74,สมุทรสาคร,0
2559,2016,6,มิ.ย.,2016-06,75,สมุทรสงคราม,0
2559,2016,6,มิ.ย.,2016-06,76,เพชรบุรี,53
2559,2016,6,มิ.ย.,2016-06,77,ประจวบคีรีขันธ์,47
2559,2016,6,มิ.ย.,2016-06,80,นครศรีธรรมราช,0
2559,2016,6,มิ.ย.,2016-06,81,กระบี่,0
2559,2016,6,มิ.ย.,2016-06,82,พังงา,14
2559,2016,6,มิ.ย.,2016-06,83,ภูเก็ต,0
2559,2016,6,มิ.ย.,2016-06,84,สุราษฎร์ธานี,14
2559,2016,6,มิ.ย.,2016-06,85,ระนอง,26
2559,2016,6,มิ.ย.,2016-06,86,ชุมพร,41
2559,2016,6,มิ.ย.,2016-06,90,สงขลา,99
2559,2016,6,มิ.ย.,2016-06,91,สตูล,1
2559,2016,6,มิ.ย.,2016-06,92,ตรัง,0
2559,2016,6,มิ.ย.,2016-06,93,พัทลุง,1
2559,2016,6,มิ.ย.,2016-06,94,ปัตตานี,19
2559,2016,6,มิ.ย.,2016-06,95,ยะลา,1050
2559,2016,6,มิ.ย.,2016-06,96,นราธิวาส,135
2559,2016,7,ก.ค.,2016-07,10,กรุงเทพฯ,1
2559,2016,7,ก.ค.,2016-07,11,สมุทรปราการ,0
2559,2016,7,ก.ค.,2016-07,12,นนทบุรี,0
2559,2016,7,ก.ค.,2016-07,13,ปทุมธานี,1
2559,2016,7,ก.ค.,2016-07,14,พระนครศรีอยุธยา,0
2559,2016,7,ก.ค.,2016-07,15,อ่างทอง,0
2559,2016,7,ก.ค.,2016-07,16,ลพบุรี,0
2559,2016,7,ก.ค.,2016-07,17,สิงห์บุรี,0
2559,2016,7,ก.ค.,2016-07,18,ชัยนาท,0
2559,2016,7,ก.ค.,2016-07,19,สระบุรี,1
2559,2016,7,ก.ค.,2016-07,20,ชลบุรี,3
2559,2016,7,ก.ค.,2016-07,21,ระยอง,1
2559,2016,7,ก.ค.,2016-07,22,จันทบุรี,6
2559,2016,7,ก.ค.,2016-07,23,ตราด,5
2559,2016,7,ก.ค.,2016-07,24,ฉะเชิงเทรา,0
2559,2016,7,ก.ค.,2016-07,25,ปราจีนบุรี,24
2559,2016,7,ก.ค.,2016-07,26,นครนายก,0
2559,2016,7,ก.ค.,2016-07,27,สระแก้ว,6
2559,2016,7,ก.ค.,2016-07,30,นครราชสีมา,4
2559,2016,7,ก.ค.,2016-07,31,บุรีรัมย์,0
2559,2016,7,ก.ค.,2016-07,32,สุรินทร์,4
2559,2016,7,ก.ค.,2016-07,33,ศรีสะเกษ,30
2559,2016,7,ก.ค.,2016-07,34,อุบลราชธานี,43
2559,2016,7,ก.ค.,2016-07,35,ยโสธร,1
2559,2016,7,ก.ค.,2016-07,36,ชัยภูมิ,0
2559,2016,7,ก.ค.,2016-07,37,อำนาจเจริญ,0
2559,2016,7,ก.ค.,2016-07,38,บึงกาฬ,0
2559,2016,7,ก.ค.,2016-07,39,หนองบัวลำภู,0
2559,2016,7,ก.ค.,2016-07,40,ขอนแก่น,2
2559,2016,7,ก.ค.,2016-07,41,อุดรธานี,0
2559,2016,7,ก.ค.,2016-07,42,เลย,0
2559,2016,7,ก.ค.,2016-07,43,หนองคาย,0
2559,2016,7,ก.ค.,2016-07,44,มหาสารคาม,0
2559,2016,7,ก.ค.,2016-07,45,ร้อยเอ็ด,0
2559,2016,7,ก.ค.,2016-07,46,กาฬสินธุ์,0
2559,2016,7,ก.ค.,2016-07,47,สกลนคร,0
2559,2016,7,ก.ค.,2016-07,48,นครพนม,0
2559,2016,7,ก.ค.,2016-07,49,มุกดาหาร,0
2559,2016,7,ก.ค.,2016-07,50,เชียงใหม่,8
2559,2016,7,ก.ค.,2016-07,51,ลำพูน,0
2559,2016,7,ก.ค.,2016-07,52,ลำปาง,1
2559,2016,7,ก.ค.,2016-07,53,อุตรดิตถ์,1
2559,2016,7,ก.ค.,2016-07,54,แพร่,0
2559,2016,7,ก.ค.,2016-07,55,น่าน,1
2559,2016,7,ก.ค.,2016-07,56,พะเยา,0
2559,2016,7,ก.ค.,2016-07,57,เชียงราย,38
2559,2016,7,ก.ค.,2016-07,58,แม่ฮ่องสอน,101
2559,2016,7,ก.ค.,2016-07,60,นครสวรรค์,1
2559,2016,7,ก.ค.,2016-07,61,อุทัยธานี,0
2559,2016,7,ก.ค.,2016-07,62,กำแพงเพชร,1
2559,2016,7,ก.ค.,2016-07,63,ตาก,843
2559,2016,7,ก.ค.,2016-07,64,สุโขทัย,0
2559,2016,7,ก.ค.,2016-07,65,พิษณุโลก,0
2559,2016,7,ก.ค.,2016-07,66,พิจิตร,0
2559,2016,7,ก.ค.,2016-07,67,เพชรบูรณ์,0
2559,2016,7,ก.ค.,2016-07,70,ราชบุรี,25
2559,2016,7,ก.ค.,2016-07,71,กาญจนบุรี,87
2559,2016,7,ก.ค.,2016-07,72,สุพรรณบุรี,0
2559,2016,7,ก.ค.,2016-07,73,นครปฐม,1
2559,2016,7,ก.ค.,2016-07,74,สมุทรสาคร,0
2559,2016,7,ก.ค.,2016-07,75,สมุทรสงคราม,0
2559,2016,7,ก.ค.,2016-07,76,เพชรบุรี,22
2559,2016,7,ก.ค.,2016-07,77,ประจวบคีรีขันธ์,35
2559,2016,7,ก.ค.,2016-07,80,นครศรีธรรมราช,1
2559,2016,7,ก.ค.,2016-07,81,กระบี่,0
2559,2016,7,ก.ค.,2016-07,82,พังงา,2
2559,2016,7,ก.ค.,2016-07,83,ภูเก็ต,2
2559,2016,7,ก.ค.,2016-07,84,สุราษฎร์ธานี,16
2559,2016,7,ก.ค.,2016-07,85,ระนอง,23
2559,2016,7,ก.ค.,2016-07,86,ชุมพร,11
2559,2016,7,ก.ค.,2016-07,90,สงขลา,162
2559,2016,7,ก.ค.,2016-07,91,สตูล,1
2559,2016,7,ก.ค.,2016-07,92,ตรัง,2
2559,2016,7,ก.ค.,2016-07,93,พัทลุง,0
2559,2016,7,ก.ค.,2016-07,94,ปัตตานี,44
2559,2016,7,ก.ค.,2016-07,95,ยะลา,1034
2559,2016,7,ก.ค.,2016-07,96,นราธิวาส,156
2559,2016,8,ส.ค.,2016-08,10,กรุงเทพฯ,1
2559,2016,8,ส.ค.,2016-08,11,สมุทรปราการ,0
2559,2016,8,ส.ค.,2016-08,12,นนทบุรี,0
2559,2016,8,ส.ค.,2016-08,13,ปทุมธานี,0
2559,2016,8,ส.ค.,2016-08,14,พระนครศรีอยุธยา,0
2559,2016,8,ส.ค.,2016-08,15,อ่างทอง,0
2559,2016,8,ส.ค.,2016-08,16,ลพบุรี,0
2559,2016,8,ส.ค.,2016-08,17,สิงห์บุรี,0
2559,2016,8,ส.ค.,2016-08,18,ชัยนาท,0
2559,2016,8,ส.ค.,2016-08,19,สระบุรี,1
2559,2016,8,ส.ค.,2016-08,20,ชลบุรี,0
2559,2016,8,ส.ค.,2016-08,21,ระยอง,2
2559,2016,8,ส.ค.,2016-08,22,จันทบุรี,7
2559,2016,8,ส.ค.,2016-08,23,ตราด,1
2559,2016,8,ส.ค.,2016-08,24,ฉะเชิงเทรา,1
2559,2016,8,ส.ค.,2016-08,25,ปราจีนบุรี,12
2559,2016,8,ส.ค.,2016-08,26,นครนายก,0
2559,2016,8,ส.ค.,2016-08,27,สระแก้ว,16
2559,2016,8,ส.ค.,2016-08,30,นครราชสีมา,10
2559,2016,8,ส.ค.,2016-08,31,บุรีรัมย์,0
2559,2016,8,ส.ค.,2016-08,32,สุรินทร์,3
2559,2016,8,ส.ค.,2016-08,33,ศรีสะเกษ,9
2559,2016,8,ส.ค.,2016-08,34,อุบลราชธานี,29
2559,2016,8,ส.ค.,2016-08,35,ยโสธร,0
2559,2016,8,ส.ค.,2016-08,36,ชัยภูมิ,0
2559,2016,8,ส.ค.,2016-08,37,อำนาจเจริญ,1
2559,2016,8,ส.ค.,2016-08,38,บึงกาฬ,0
2559,2016,8,ส.ค.,2016-08,39,หนองบัวลำภู,0
2559,2016,8,ส.ค.,2016-08,40,ขอนแก่น,0
2559,2016,8,ส.ค.,2016-08,41,อุดรธานี,0
2559,2016,8,ส.ค.,2016-08,42,เลย,0
2559,2016,8,ส.ค.,2016-08,43,หนองคาย,0
2559,2016,8,ส.ค.,2016-08,44,มหาสารคาม,0
2559,2016,8,ส.ค.,2016-08,45,ร้อยเอ็ด,0
2559,2016,8,ส.ค.,2016-08,46,กาฬสินธุ์,0
2559,2016,8,ส.ค.,2016-08,47,สกลนคร,0
2559,2016,8,ส.ค.,2016-08,48,นครพนม,0
2559,2016,8,ส.ค.,2016-08,49,มุกดาหาร,0
2559,2016,8,ส.ค.,2016-08,50,เชียงใหม่,6
2559,2016,8,ส.ค.,2016-08,51,ลำพูน,0
2559,2016,8,ส.ค.,2016-08,52,ลำปาง,0
2559,2016,8,ส.ค.,2016-08,53,อุตรดิตถ์,0
2559,2016,8,ส.ค.,2016-08,54,แพร่,0
2559,2016,8,ส.ค.,2016-08,55,น่าน,0
2559,2016,8,ส.ค.,2016-08,56,พะเยา,0
2559,2016,8,ส.ค.,2016-08,57,เชียงราย,9
2559,2016,8,ส.ค.,2016-08,58,แม่ฮ่องสอน,51
2559,2016,8,ส.ค.,2016-08,60,นครสวรรค์,1
2559,2016,8,ส.ค.,2016-08,61,อุทัยธานี,2
2559,2016,8,ส.ค.,2016-08,62,กำแพงเพชร,1
2559,2016,8,ส.ค.,2016-08,63,ตาก,512
2559,2016,8,ส.ค.,2016-08,64,สุโขทัย,0
2559,2016,8,ส.ค.,2016-08,65,พิษณุโลก,2
2559,2016,8,ส.ค.,2016-08,66,พิจิตร,0
2559,2016,8,ส.ค.,2016-08,67,เพชรบูรณ์,0
2559,2016,8,ส.ค.,2016-08,70,ราชบุรี,14
2559,2016,8,ส.ค.,2016-08,71,กาญจนบุรี,36
2559,2016,8,ส.ค.,2016-08,72,สุพรรณบุรี,0
2559,2016,8,ส.ค.,2016-08,73,นครปฐม,0
2559,2016,8,ส.ค.,2016-08,74,สมุทรสาคร,0
2559,2016,8,ส.ค.,2016-08,75,สมุทรสงคราม,0
2559,2016,8,ส.ค.,2016-08,76,เพชรบุรี,6
2559,2016,8,ส.ค.,2016-08,77,ประจวบคีรีขันธ์,19
2559,2016,8,ส.ค.,2016-08,80,นครศรีธรรมราช,1
2559,2016,8,ส.ค.,2016-08,81,กระบี่,0
2559,2016,8,ส.ค.,2016-08,82,พังงา,1
2559,2016,8,ส.ค.,2016-08,83,ภูเก็ต,1
2559,2016,8,ส.ค.,2016-08,84,สุราษฎร์ธานี,11
2559,2016,8,ส.ค.,2016-08,85,ระนอง,10
2559,2016,8,ส.ค.,2016-08,86,ชุมพร,5
2559,2016,8,ส.ค.,2016-08,90,สงขลา,90
2559,2016,8,ส.ค.,2016-08,91,สตูล,1
2559,2016,8,ส.ค.,2016-08,92,ตรัง,3
2559,2016,8,ส.ค.,2016-08,93,พัทลุง,0
2559,2016,8,ส.ค.,2016-08,94,ปัตตานี,21
2559,2016,8,ส.ค.,2016-08,95,ยะลา,836
2559,2016,8,ส.ค.,2016-08,96,นราธิวาส,136
2559,2016,9,ก.ย.,2016-09,10,กรุงเทพฯ,0
2559,2016,9,ก.ย.,2016-09,11,สมุทรปราการ,0
2559,2016,9,ก.ย.,2016-09,12,นนทบุรี,2
2559,2016,9,ก.ย.,2016-09,13,ปทุมธานี,0
2559,2016,9,ก.ย.,2016-09,14,พระนครศรีอยุธยา,0
2559,2016,9,ก.ย.,2016-09,15,อ่างทอง,0
2559,2016,9,ก.ย.,2016-09,16,ลพบุรี,0
2559,2016,9,ก.ย.,2016-09,17,สิงห์บุรี,0
2559,2016,9,ก.ย.,2016-09,18,ชัยนาท,0
2559,2016,9,ก.ย.,2016-09,19,สระบุรี,2
2559,2016,9,ก.ย.,2016-09,20,ชลบุรี,0
2559,2016,9,ก.ย.,2016-09,21,ระยอง,4
2559,2016,9,ก.ย.,2016-09,22,จันทบุรี,17
2559,2016,9,ก.ย.,2016-09,23,ตราด,2
2559,2016,9,ก.ย.,2016-09,24,ฉะเชิงเทรา,0
2559,2016,9,ก.ย.,2016-09,25,ปราจีนบุรี,9
2559,2016,9,ก.ย.,2016-09,26,นครนายก,0
2559,2016,9,ก.ย.,2016-09,27,สระแก้ว,8
2559,2016,9,ก.ย.,2016-09,30,นครราชสีมา,1
2559,2016,9,ก.ย.,2016-09,31,บุรีรัมย์,0
2559,2016,9,ก.ย.,2016-09,32,สุรินทร์,4
2559,2016,9,ก.ย.,2016-09,33,ศรีสะเกษ,23
2559,2016,9,ก.ย.,2016-09,34,อุบลราชธานี,25
2559,2016,9,ก.ย.,2016-09,35,ยโสธร,0
2559,2016,9,ก.ย.,2016-09,36,ชัยภูมิ,1
2559,2016,9,ก.ย.,2016-09,37,อำนาจเจริญ,0
2559,2016,9,ก.ย.,2016-09,38,บึงกาฬ,0
2559,2016,9,ก.ย.,2016-09,39,หนองบัวลำภู,0
2559,2016,9,ก.ย.,2016-09,40,ขอนแก่น,3
2559,2016,9,ก.ย.,2016-09,41,อุดรธานี,0
2559,2016,9,ก.ย.,2016-09,42,เลย,1
2559,2016,9,ก.ย.,2016-09,43,หนองคาย,0
2559,2016,9,ก.ย.,2016-09,44,มหาสารคาม,0
2559,2016,9,ก.ย.,2016-09,45,ร้อยเอ็ด,0
2559,2016,9,ก.ย.,2016-09,46,กาฬสินธุ์,0
2559,2016,9,ก.ย.,2016-09,47,สกลนคร,0
2559,2016,9,ก.ย.,2016-09,48,นครพนม,0
2559,2016,9,ก.ย.,2016-09,49,มุกดาหาร,0
2559,2016,9,ก.ย.,2016-09,50,เชียงใหม่,3
2559,2016,9,ก.ย.,2016-09,51,ลำพูน,1
2559,2016,9,ก.ย.,2016-09,52,ลำปาง,0
2559,2016,9,ก.ย.,2016-09,53,อุตรดิตถ์,0
2559,2016,9,ก.ย.,2016-09,54,แพร่,0
2559,2016,9,ก.ย.,2016-09,55,น่าน,0
2559,2016,9,ก.ย.,2016-09,56,พะเยา,0
2559,2016,9,ก.ย.,2016-09,57,เชียงราย,8
2559,2016,9,ก.ย.,2016-09,58,แม่ฮ่องสอน,40
2559,2016,9,ก.ย.,2016-09,60,นครสวรรค์,0
2559,2016,9,ก.ย.,2016-09,61,อุทัยธานี,0
2559,2016,9,ก.ย.,2016-09,62,กำแพงเพชร,0
2559,2016,9,ก.ย.,2016-09,63,ตาก,281
2559,2016,9,ก.ย.,2016-09,64,สุโขทัย,0
2559,2016,9,ก.ย.,2016-09,65,พิษณุโลก,1
2559,2016,9,ก.ย.,2016-09,66,พิจิตร,0
2559,2016,9,ก.ย.,2016-09,67,เพชรบูรณ์,0
2559,2016,9,ก.ย.,2016-09,70,ราชบุรี,3
2559,2016,9,ก.ย.,2016-09,71,กาญจนบุรี,28
2559,2016,9,ก.ย.,2016-09,72,สุพรรณบุรี,0
2559,2016,9,ก.ย.,2016-09,73,นครปฐม,0
2559,2016,9,ก.ย.,2016-09,74,สมุทรสาคร,0
2559,2016,9,ก.ย.,2016-09,75,สมุทรสงคราม,0
2559,2016,9,ก.ย.,2016-09,76,เพชรบุรี,9
2559,2016,9,ก.ย.,2016-09,77,ประจวบคีรีขันธ์,3
2559,2016,9,ก.ย.,2016-09,80,นครศรีธรรมราช,0
2559,2016,9,ก.ย.,2016-09,81,กระบี่,0
2559,2016,9,ก.ย.,2016-09,82,พังงา,0
2559,2016,9,ก.ย.,2016-09,83,ภูเก็ต,0
2559,2016,9,ก.ย.,2016-09,84,สุราษฎร์ธานี,12
2559,2016,9,ก.ย.,2016-09,85,ระนอง,21
2559,2016,9,ก.ย.,2016-09,86,ชุมพร,0
2559,2016,9,ก.ย.,2016-09,90,สงขลา,77
2559,2016,9,ก.ย.,2016-09,91,สตูล,0
2559,2016,9,ก.ย.,2016-09,92,ตรัง,0
2559,2016,9,ก.ย.,2016-09,93,พัทลุง,0
2559,2016,9,ก.ย.,2016-09,94,ปัตตานี,22
2559,2016,9,ก.ย.,2016-09,95,ยะลา,473
2559,2016,9,ก.ย.,2016-09,96,นราธิวาส,68
2559,2016,10,ต.ค.,2016-10,10,กรุงเทพฯ,0
2559,2016,10,ต.ค.,2016-10,11,สมุทรปราการ,0
2559,2016,10,ต.ค.,2016-10,12,นนทบุรี,0
2559,2016,10,ต.ค.,2016-10,13,ปทุมธานี,0
2559,2016,10,ต.ค.,2016-10,14,พระนครศรีอยุธยา,0
2559,2016,10,ต.ค.,2016-10,15,อ่างทอง,0
2559,2016,10,ต.ค.,2016-10,16,ลพบุรี,0
2559,2016,10,ต.ค.,2016-10,17,สิงห์บุรี,0
2559,2016,10,ต.ค.,2016-10,18,ชัยนาท,0
2559,2016,10,ต.ค.,2016-10,19,สระบุรี,1
2559,2016,10,ต.ค.,2016-10,20,ชลบุรี,1
2559,2016,10,ต.ค.,2016-10,21,ระยอง,1
2559,2016,10,ต.ค.,2016-10,22,จันทบุรี,4
2559,2016,10,ต.ค.,2016-10,23,ตราด,1
2559,2016,10,ต.ค.,2016-10,24,ฉะเชิงเทรา,34
2559,2016,10,ต.ค.,2016-10,25,ปราจีนบุรี,15
2559,2016,10,ต.ค.,2016-10,26,นครนายก,0
2559,2016,10,ต.ค.,2016-10,27,สระแก้ว,13
2559,2016,10,ต.ค.,2016-10,30,นครราชสีมา,1
2559,2016,10,ต.ค.,2016-10,31,บุรีรัมย์,1
2559,2016,10,ต.ค.,2016-10,32,สุรินทร์,5
2559,2016,10,ต.ค.,2016-10,33,ศรีสะเกษ,30
2559,2016,10,ต.ค.,2016-10,34,อุบลราชธานี,27
2559,2016,10,ต.ค.,2016-10,35,ยโสธร,2
2559,2016,10,ต.ค.,2016-10,36,ชัยภูมิ,0
2559,2016,10,ต.ค.,2016-10,37,อำนาจเจริญ,0
2559,2016,10,ต.ค.,2016-10,38,บึงกาฬ,0
2559,2016,10,ต.ค.,2016-10,39,หนองบัวลำภู,0
2559,2016,10,ต.ค.,2016-10,40,ขอนแก่น,3
2559,2016,10,ต.ค.,2016-10,41,อุดรธานี,0
2559,2016,10,ต.ค.,2016-10,42,เลย,0
2559,2016,10,ต.ค.,2016-10,43,หนองคาย,0
2559,2016,10,ต.ค.,2016-10,44,มหาสารคาม,0
2559,2016,10,ต.ค.,2016-10,45,ร้อยเอ็ด,0
2559,2016,10,ต.ค.,2016-10,46,กาฬสินธุ์,2
2559,2016,10,ต.ค.,2016-10,47,สกลนคร,0
2559,2016,10,ต.ค.,2016-10,48,นครพนม,0
2559,2016,10,ต.ค.,2016-10,49,มุกดาหาร,0
2559,2016,10,ต.ค.,2016-10,50,เชียงใหม่,2
2559,2016,10,ต.ค.,2016-10,51,ลำพูน,0
2559,2016,10,ต.ค.,2016-10,52,ลำปาง,0
2559,2016,10,ต.ค.,2016-10,53,อุตรดิตถ์,0
2559,2016,10,ต.ค.,2016-10,54,แพร่,0
2559,2016,10,ต.ค.,2016-10,55,น่าน,0
2559,2016,10,ต.ค.,2016-10,56,พะเยา,0
2559,2016,10,ต.ค.,2016-10,57,เชียงราย,4
2559,2016,10,ต.ค.,2016-10,58,แม่ฮ่องสอน,24
2559,2016,10,ต.ค.,2016-10,60,นครสวรรค์,0
2559,2016,10,ต.ค.,2016-10,61,อุทัยธานี,0
2559,2016,10,ต.ค.,2016-10,62,กำแพงเพชร,0
2559,2016,10,ต.ค.,2016-10,63,ตาก,234
2559,2016,10,ต.ค.,2016-10,64,สุโขทัย,0
2559,2016,10,ต.ค.,2016-10,65,พิษณุโลก,0
2559,2016,10,ต.ค.,2016-10,66,พิจิตร,0
2559,2016,10,ต.ค.,2016-10,67,เพชรบูรณ์,0
2559,2016,10,ต.ค.,2016-10,70,ราชบุรี,1
2559,2016,10,ต.ค.,2016-10,71,กาญจนบุรี,28
2559,2016,10,ต.ค.,2016-10,72,สุพรรณบุรี,0
2559,2016,10,ต.ค.,2016-10,73,นครปฐม,0
2559,2016,10,ต.ค.,2016-10,74,สมุทรสาคร,0
2559,2016,10,ต.ค.,2016-10,75,สมุทรสงคราม,0
2559,2016,10,ต.ค.,2016-10,76,เพชรบุรี,5
2559,2016,10,ต.ค.,2016-10,77,ประจวบคีรีขันธ์,7
2559,2016,10,ต.ค.,2016-10,80,นครศรีธรรมราช,0
2559,2016,10,ต.ค.,2016-10,81,กระบี่,0
2559,2016,10,ต.ค.,2016-10,82,พังงา,0
2559,2016,10,ต.ค.,2016-10,83,ภูเก็ต,1
2559,2016,10,ต.ค.,2016-10,84,สุราษฎร์ธานี,5
2559,2016,10,ต.ค.,2016-10,85,ระนอง,14
2559,2016,10,ต.ค.,2016-10,86,ชุมพร,1
2559,2016,10,ต.ค.,2016-10,90,สงขลา,133
2559,2016,10,ต.ค.,2016-10,91,สตูล,0
2559,2016,10,ต.ค.,2016-10,92,ตรัง,0
2559,2016,10,ต.ค.,2016-10,93,พัทลุง,0
2559,2016,10,ต.ค.,2016-10,94,ปัตตานี,31
2559,2016,10,ต.ค.,2016-10,95,ยะลา,743
2559,2016,10,ต.ค.,2016-10,96,นราธิวาส,100
2559,2016,11,พ.ย.,2016-11,10,กรุงเทพฯ,2
2559,2016,11,พ.ย.,2016-11,11,สมุทรปราการ,0
2559,2016,11,พ.ย.,2016-11,12,นนทบุรี,0
2559,2016,11,พ.ย.,2016-11,13,ปทุมธานี,0
2559,2016,11,พ.ย.,2016-11,14,พระนครศรีอยุธยา,0
2559,2016,11,พ.ย.,2016-11,15,อ่างทอง,0
2559,2016,11,พ.ย.,2016-11,16,ลพบุรี,0
2559,2016,11,พ.ย.,2016-11,17,สิงห์บุรี,0
2559,2016,11,พ.ย.,2016-11,18,ชัยนาท,0
2559,2016,11,พ.ย.,2016-11,19,สระบุรี,0
2559,2016,11,พ.ย.,2016-11,20,ชลบุรี,15
2559,2016,11,พ.ย.,2016-11,21,ระยอง,2
2559,2016,11,พ.ย.,2016-11,22,จันทบุรี,12
2559,2016,11,พ.ย.,2016-11,23,ตราด,1
2559,2016,11,พ.ย.,2016-11,24,ฉะเชิงเทรา,11
2559,2016,11,พ.ย.,2016-11,25,ปราจีนบุรี,8
2559,2016,11,พ.ย.,2016-11,26,นครนายก,0
2559,2016,11,พ.ย.,2016-11,27,สระแก้ว,26
2559,2016,11,พ.ย.,2016-11,30,นครราชสีมา,7
2559,2016,11,พ.ย.,2016-11,31,บุรีรัมย์,1
2559,2016,11,พ.ย.,2016-11,32,สุรินทร์,3
2559,2016,11,พ.ย.,2016-11,33,ศรีสะเกษ,27
2559,2016,11,พ.ย.,2016-11,34,อุบลราชธานี,14
2559,2016,11,พ.ย.,2016-11,35,ยโสธร,0
2559,2016,11,พ.ย.,2016-11,36,ชัยภูมิ,0
2559,2016,11,พ.ย.,2016-11,37,อำนาจเจริญ,0
2559,2016,11,พ.ย.,2016-11,38,บึงกาฬ,0
2559,2016,11,พ.ย.,2016-11,39,หนองบัวลำภู,0
2559,2016,11,พ.ย.,2016-11,40,ขอนแก่น,1
2559,2016,11,พ.ย.,2016-11,41,อุดรธานี,1
2559,2016,11,พ.ย.,2016-11,42,เลย,0
2559,2016,11,พ.ย.,2016-11,43,หนองคาย,0
2559,2016,11,พ.ย.,2016-11,44,มหาสารคาม,1
2559,2016,11,พ.ย.,2016-11,45,ร้อยเอ็ด,1
2559,2016,11,พ.ย.,2016-11,46,กาฬสินธุ์,0
2559,2016,11,พ.ย.,2016-11,47,สกลนคร,0
2559,2016,11,พ.ย.,2016-11,48,นครพนม,0
2559,2016,11,พ.ย.,2016-11,49,มุกดาหาร,0
2559,2016,11,พ.ย.,2016-11,50,เชียงใหม่,4
2559,2016,11,พ.ย.,2016-11,51,ลำพูน,0
2559,2016,11,พ.ย.,2016-11,52,ลำปาง,0
2559,2016,11,พ.ย.,2016-11,53,อุตรดิตถ์,0
2559,2016,11,พ.ย.,2016-11,54,แพร่,0
2559,2016,11,พ.ย.,2016-11,55,น่าน,0
2559,2016,11,พ.ย.,2016-11,56,พะเยา,0
2559,2016,11,พ.ย.,2016-11,57,เชียงราย,7
2559,2016,11,พ.ย.,2016-11,58,แม่ฮ่องสอน,24
2559,2016,11,พ.ย.,2016-11,60,นครสวรรค์,0
2559,2016,11,พ.ย.,2016-11,61,อุทัยธานี,0
2559,2016,11,พ.ย.,2016-11,62,กำแพงเพชร,1
2559,2016,11,พ.ย.,2016-11,63,ตาก,208
2559,2016,11,พ.ย.,2016-11,64,สุโขทัย,1
2559,2016,11,พ.ย.,2016-11,65,พิษณุโลก,0
2559,2016,11,พ.ย.,2016-11,66,พิจิตร,0
2559,2016,11,พ.ย.,2016-11,67,เพชรบูรณ์,0
2559,2016,11,พ.ย.,2016-11,70,ราชบุรี,4
2559,2016,11,พ.ย.,2016-11,71,กาญจนบุรี,18
2559,2016,11,พ.ย.,2016-11,72,สุพรรณบุรี,0
2559,2016,11,พ.ย.,2016-11,73,นครปฐม,0
2559,2016,11,พ.ย.,2016-11,74,สมุทรสาคร,0
2559,2016,11,พ.ย.,2016-11,75,สมุทรสงคราม,0
2559,2016,11,พ.ย.,2016-11,76,เพชรบุรี,6
2559,2016,11,พ.ย.,2016-11,77,ประจวบคีรีขันธ์,11
2559,2016,11,พ.ย.,2016-11,80,นครศรีธรรมราช,0
2559,2016,11,พ.ย.,2016-11,81,กระบี่,0
2559,2016,11,พ.ย.,2016-11,82,พังงา,5
2559,2016,11,พ.ย.,2016-11,83,ภูเก็ต,0
2559,2016,11,พ.ย.,2016-11,84,สุราษฎร์ธานี,5
2559,2016,11,พ.ย.,2016-11,85,ระนอง,22
2559,2016,11,พ.ย.,2016-11,86,ชุมพร,2
2559,2016,11,พ.ย.,2016-11,90,สงขลา,206
2559,2016,11,พ.ย.,2016-11,91,สตูล,0
2559,2016,11,พ.ย.,2016-11,92,ตรัง,0
2559,2016,11,พ.ย.,2016-11,93,พัทลุง,1
2559,2016,11,พ.ย.,2016-11,94,ปัตตานี,61
2559,2016,11,พ.ย.,2016-11,95,ยะลา,1342
2559,2016,11,พ.ย.,2016-11,96,นราธิวาส,216
2559,2016,12,ธ.ค.,2016-12,10,กรุงเทพฯ,1
2559,2016,12,ธ.ค.,2016-12,11,สมุทรปราการ,0
2559,2016,12,ธ.ค.,2016-12,12,นนทบุรี,0
2559,2016,12,ธ.ค.,2016-12,13,ปทุมธานี,0
2559,2016,12,ธ.ค.,2016-12,14,พระนครศรีอยุธยา,0
2559,2016,12,ธ.ค.,2016-12,15,อ่างทอง,0
2559,2016,12,ธ.ค.,2016-12,16,ลพบุรี,0
2559,2016,12,ธ.ค.,2016-12,17,สิงห์บุรี,0
2559,2016,12,ธ.ค.,2016-12,18,ชัยนาท,0
2559,2016,12,ธ.ค.,2016-12,19,สระบุรี,0
2559,2016,12,ธ.ค.,2016-12,20,ชลบุรี,3
2559,2016,12,ธ.ค.,2016-12,21,ระยอง,2
2559,2016,12,ธ.ค.,2016-12,22,จันทบุรี,30
2559,2016,12,ธ.ค.,2016-12,23,ตราด,4
2559,2016,12,ธ.ค.,2016-12,24,ฉะเชิงเทรา,2
2559,2016,12,ธ.ค.,2016-12,25,ปราจีนบุรี,6
2559,2016,12,ธ.ค.,2016-12,26,นครนายก,0
2559,2016,12,ธ.ค.,2016-12,27,สระแก้ว,17
2559,2016,12,ธ.ค.,2016-12,30,นครราชสีมา,2
2559,2016,12,ธ.ค.,2016-12,31,บุรีรัมย์,1
2559,2016,12,ธ.ค.,2016-12,32,สุรินทร์,3
2559,2016,12,ธ.ค.,2016-12,33,ศรีสะเกษ,25
2559,2016,12,ธ.ค.,2016-12,34,อุบลราชธานี,16
2559,2016,12,ธ.ค.,2016-12,35,ยโสธร,2
2559,2016,12,ธ.ค.,2016-12,36,ชัยภูมิ,1
2559,2016,12,ธ.ค.,2016-12,37,อำนาจเจริญ,0
2559,2016,12,ธ.ค.,2016-12,38,บึงกาฬ,0
2559,2016,12,ธ.ค.,2016-12,39,หนองบัวลำภู,0
2559,2016,12,ธ.ค.,2016-12,40,ขอนแก่น,1
2559,2016,12,ธ.ค.,2016-12,41,อุดรธานี,0
2559,2016,12,ธ.ค.,2016-12,42,เลย,0
2559,2016,12,ธ.ค.,2016-12,43,หนองคาย,0
2559,2016,12,ธ.ค.,2016-12,44,มหาสารคาม,1
2559,2016,12,ธ.ค.,2016-12,45,ร้อยเอ็ด,1
2559,2016,12,ธ.ค.,2016-12,46,กาฬสินธุ์,0
2559,2016,12,ธ.ค.,2016-12,47,สกลนคร,0
2559,2016,12,ธ.ค.,2016-12,48,นครพนม,0
2559,2016,12,ธ.ค.,2016-12,49,มุกดาหาร,0
2559,2016,12,ธ.ค.,2016-12,50,เชียงใหม่,5
2559,2016,12,ธ.ค.,2016-12,51,ลำพูน,0
2559,2016,12,ธ.ค.,2016-12,52,ลำปาง,0
2559,2016,12,ธ.ค.,2016-12,53,อุตรดิตถ์,0
2559,2016,12,ธ.ค.,2016-12,54,แพร่,0
2559,2016,12,ธ.ค.,2016-12,55,น่าน,0
2559,2016,12,ธ.ค.,2016-12,56,พะเยา,0
2559,2016,12,ธ.ค.,2016-12,57,เชียงราย,5
2559,2016,12,ธ.ค.,2016-12,58,แม่ฮ่องสอน,32
2559,2016,12,ธ.ค.,2016-12,60,นครสวรรค์,0
2559,2016,12,ธ.ค.,2016-12,61,อุทัยธานี,2
2559,2016,12,ธ.ค.,2016-12,62,กำแพงเพชร,0
2559,2016,12,ธ.ค.,2016-12,63,ตาก,216
2559,2016,12,ธ.ค.,2016-12,64,สุโขทัย,0
2559,2016,12,ธ.ค.,2016-12,65,พิษณุโลก,0
2559,2016,12,ธ.ค.,2016-12,66,พิจิตร,0
2559,2016,12,ธ.ค.,2016-12,67,เพชรบูรณ์,0
2559,2016,12,ธ.ค.,2016-12,70,ราชบุรี,5
2559,2016,12,ธ.ค.,2016-12,71,กาญจนบุรี,22
2559,2016,12,ธ.ค.,2016-12,72,สุพรรณบุรี,1
2559,2016,12,ธ.ค.,2016-12,73,นครปฐม,0
2559,2016,12,ธ.ค.,2016-12,74,สมุทรสาคร,0
2559,2016,12,ธ.ค.,2016-12,75,สมุทรสงคราม,0
2559,2016,12,ธ.ค.,2016-12,76,เพชรบุรี,5
2559,2016,12,ธ.ค.,2016-12,77,ประจวบคีรีขันธ์,1
2559,2016,12,ธ.ค.,2016-12,80,นครศรีธรรมราช,1
2559,2016,12,ธ.ค.,2016-12,81,กระบี่,1
2559,2016,12,ธ.ค.,2016-12,82,พังงา,1
2559,2016,12,ธ.ค.,2016-12,83,ภูเก็ต,0
2559,2016,12,ธ.ค.,2016-12,84,สุราษฎร์ธานี,4
2559,2016,12,ธ.ค.,2016-12,85,ระนอง,16
2559,2016,12,ธ.ค.,2016-12,86,ชุมพร,2
2559,2016,12,ธ.ค.,2016-12,90,สงขลา,98
2559,2016,12,ธ.ค.,2016-12,91,สตูล,0
2559,2016,12,ธ.ค.,2016-12,92,ตรัง,0
2559,2016,12,ธ.ค.,2016-12,93,พัทลุง,0
2559,2016,12,ธ.ค.,2016-12,94,ปัตตานี,21
2559,2016,12,ธ.ค.,2016-12,95,ยะลา,920
2559,2016,12,ธ.ค.,2016-12,96,นราธิวาส,146
2560,2017,1,ม.ค.,2017-01,10,กรุงเทพฯ,2
2560,2017,1,ม.ค.,2017-01,11,สมุทรปราการ,0
2560,2017,1,ม.ค.,2017-01,12,นนทบุรี,0
2560,2017,1,ม.ค.,2017-01,13,ปทุมธานี,0
2560,2017,1,ม.ค.,2017-01,14,พระนครศรีอยุธยา,0
2560,2017,1,ม.ค.,2017-01,15,อ่างทอง,0
2560,2017,1,ม.ค.,2017-01,16,ลพบุรี,0
2560,2017,1,ม.ค.,2017-01,17,สิงห์บุรี,0
2560,2017,1,ม.ค.,2017-01,18,ชัยนาท,0
2560,2017,1,ม.ค.,2017-01,19,สระบุรี,0
2560,2017,1,ม.ค.,2017-01,20,ชลบุรี,9
2560,2017,1,ม.ค.,2017-01,21,ระยอง,5
2560,2017,1,ม.ค.,2017-01,22,จันทบุรี,16
2560,2017,1,ม.ค.,2017-01,23,ตราด,5
2560,2017,1,ม.ค.,2017-01,24,ฉะเชิงเทรา,0
2560,2017,1,ม.ค.,2017-01,25,ปราจีนบุรี,11
2560,2017,1,ม.ค.,2017-01,26,นครนายก,0
2560,2017,1,ม.ค.,2017-01,27,สระแก้ว,14
2560,2017,1,ม.ค.,2017-01,30,นครราชสีมา,0
2560,2017,1,ม.ค.,2017-01,31,บุรีรัมย์,1
2560,2017,1,ม.ค.,2017-01,32,สุรินทร์,5
2560,2017,1,ม.ค.,2017-01,33,ศรีสะเกษ,22
2560,2017,1,ม.ค.,2017-01,34,อุบลราชธานี,17
2560,2017,1,ม.ค.,2017-01,35,ยโสธร,0
2560,2017,1,ม.ค.,2017-01,36,ชัยภูมิ,0
2560,2017,1,ม.ค.,2017-01,37,อำนาจเจริญ,1
2560,2017,1,ม.ค.,2017-01,38,บึงกาฬ,0
2560,2017,1,ม.ค.,2017-01,39,หนองบัวลำภู,0
2560,2017,1,ม.ค.,2017-01,40,ขอนแก่น,0
2560,2017,1,ม.ค.,2017-01,41,อุดรธานี,0
2560,2017,1,ม.ค.,2017-01,42,เลย,0
2560,2017,1,ม.ค.,2017-01,43,หนองคาย,0
2560,2017,1,ม.ค.,2017-01,44,มหาสารคาม,0
2560,2017,1,ม.ค.,2017-01,45,ร้อยเอ็ด,2
2560,2017,1,ม.ค.,2017-01,46,กาฬสินธุ์,0
2560,2017,1,ม.ค.,2017-01,47,สกลนคร,0
2560,2017,1,ม.ค.,2017-01,48,นครพนม,0
2560,2017,1,ม.ค.,2017-01,49,มุกดาหาร,0
2560,2017,1,ม.ค.,2017-01,50,เชียงใหม่,5
2560,2017,1,ม.ค.,2017-01,51,ลำพูน,0
2560,2017,1,ม.ค.,2017-01,52,ลำปาง,0
2560,2017,1,ม.ค.,2017-01,53,อุตรดิตถ์,0
2560,2017,1,ม.ค.,2017-01,54,แพร่,0
2560,2017,1,ม.ค.,2017-01,55,น่าน,0
2560,2017,1,ม.ค.,2017-01,56,พะเยา,0
2560,2017,1,ม.ค.,2017-01,57,เชียงราย,5
2560,2017,1,ม.ค.,2017-01,58,แม่ฮ่องสอน,43
2560,2017,1,ม.ค.,2017-01,60,นครสวรรค์,0
2560,2017,1,ม.ค.,2017-01,61,อุทัยธานี,0
2560,2017,1,ม.ค.,2017-01,62,กำแพงเพชร,1
2560,2017,1,ม.ค.,2017-01,63,ตาก,199
2560,2017,1,ม.ค.,2017-01,64,สุโขทัย,0
2560,2017,1,ม.ค.,2017-01,65,พิษณุโลก,0
2560,2017,1,ม.ค.,2017-01,66,พิจิตร,0
2560,2017,1,ม.ค.,2017-01,67,เพชรบูรณ์,0
2560,2017,1,ม.ค.,2017-01,70,ราชบุรี,1
2560,2017,1,ม.ค.,2017-01,71,กาญจนบุรี,16
2560,2017,1,ม.ค.,2017-01,72,สุพรรณบุรี,0
2560,2017,1,ม.ค.,2017-01,73,นครปฐม,0
2560,2017,1,ม.ค.,2017-01,74,สมุทรสาคร,0
2560,2017,1,ม.ค.,2017-01,75,สมุทรสงคราม,0
2560,2017,1,ม.ค.,2017-01,76,เพชรบุรี,5
2560,2017,1,ม.ค.,2017-01,77,ประจวบคีรีขันธ์,4
2560,2017,1,ม.ค.,2017-01,80,นครศรีธรรมราช,0
2560,2017,1,ม.ค.,2017-01,81,กระบี่,0
2560,2017,1,ม.ค.,2017-01,82,พังงา,2
2560,2017,1,ม.ค.,2017-01,83,ภูเก็ต,0
2560,2017,1,ม.ค.,2017-01,84,สุราษฎร์ธานี,6
2560,2017,1,ม.ค.,2017-01,85,ระนอง,35
2560,2017,1,ม.ค.,2017-01,86,ชุมพร,1
2560,2017,1,ม.ค.,2017-01,90,สงขลา,28
2560,2017,1,ม.ค.,2017-01,91,สตูล,0
2560,2017,1,ม.ค.,2017-01,92,ตรัง,0
2560,2017,1,ม.ค.,2017-01,93,พัทลุง,0
2560,2017,1,ม.ค.,2017-01,94,ปัตตานี,11
2560,2017,1,ม.ค.,2017-01,95,ยะลา,536
2560,2017,1,ม.ค.,2017-01,96,นราธิวาส,65
2560,2017,2,ก.พ.,2017-02,10,กรุงเทพฯ,1
2560,2017,2,ก.พ.,2017-02,11,สมุทรปราการ,0
2560,2017,2,ก.พ.,2017-02,12,นนทบุรี,0
2560,2017,2,ก.พ.,2017-02,13,ปทุมธานี,0
2560,2017,2,ก.พ.,2017-02,14,พระนครศรีอยุธยา,0
2560,2017,2,ก.พ.,2017-02,15,อ่างทอง,0
2560,2017,2,ก.พ.,2017-02,16,ลพบุรี,0
2560,2017,2,ก.พ.,2017-02,17,สิงห์บุรี,0
2560,2017,2,ก.พ.,2017-02,18,ชัยนาท,0
2560,2017,2,ก.พ.,2017-02,19,สระบุรี,0
2560,2017,2,ก.พ.,2017-02,20,ชลบุรี,2
2560,2017,2,ก.พ.,2017-02,21,ระยอง,4
2560,2017,2,ก.พ.,2017-02,22,จันทบุรี,16
2560,2017,2,ก.พ.,2017-02,23,ตราด,7
2560,2017,2,ก.พ.,2017-02,24,ฉะเชิงเทรา,0
2560,2017,2,ก.พ.,2017-02,25,ปราจีนบุรี,6
2560,2017,2,ก.พ.,2017-02,26,นครนายก,0
2560,2017,2,ก.พ.,2017-02,27,สระแก้ว,8
2560,2017,2,ก.พ.,2017-02,30,นครราชสีมา,0
2560,2017,2,ก.พ.,2017-02,31,บุรีรัมย์,0
2560,2017,2,ก.พ.,2017-02,32,สุรินทร์,2
2560,2017,2,ก.พ.,2017-02,33,ศรีสะเกษ,23
2560,2017,2,ก.พ.,2017-02,34,อุบลราชธานี,15
2560,2017,2,ก.พ.,2017-02,35,ยโสธร,0
2560,2017,2,ก.พ.,2017-02,36,ชัยภูมิ,0
2560,2017,2,ก.พ.,2017-02,37,อำนาจเจริญ,0
2560,2017,2,ก.พ.,2017-02,38,บึงกาฬ,0
2560,2017,2,ก.พ.,2017-02,39,หนองบัวลำภู,0
2560,2017,2,ก.พ.,2017-02,40,ขอนแก่น,0
2560,2017,2,ก.พ.,2017-02,41,อุดรธานี,0
2560,2017,2,ก.พ.,2017-02,42,เลย,0
2560,2017,2,ก.พ.,2017-02,43,หนองคาย,0
2560,2017,2,ก.พ.,2017-02,44,มหาสารคาม,0
2560,2017,2,ก.พ.,2017-02,45,ร้อยเอ็ด,0
2560,2017,2,ก.พ.,2017-02,46,กาฬสินธุ์,0
2560,2017,2,ก.พ.,2017-02,47,สกลนคร,0
2560,2017,2,ก.พ.,2017-02,48,นครพนม,0
2560,2017,2,ก.พ.,2017-02,49,มุกดาหาร,0
2560,2017,2,ก.พ.,2017-02,50,เชียงใหม่,5
2560,2017,2,ก.พ.,2017-02,51,ลำพูน,0
2560,2017,2,ก.พ.,2017-02,52,ลำปาง,1
2560,2017,2,ก.พ.,2017-02,53,อุตรดิตถ์,0
2560,2017,2,ก.พ.,2017-02,54,แพร่,0
2560,2017,2,ก.พ.,2017-02,55,น่าน,0
2560,2017,2,ก.พ.,2017-02,56,พะเยา,0
2560,2017,2,ก.พ.,2017-02,57,เชียงราย,3
2560,2017,2,ก.พ.,2017-02,58,แม่ฮ่องสอน,33
2560,2017,2,ก.พ.,2017-02,60,นครสวรรค์,0
2560,2017,2,ก.พ.,2017-02,61,อุทัยธานี,1
2560,2017,2,ก.พ.,2017-02,62,กำแพงเพชร,1
2560,2017,2,ก.พ.,2017-02,63,ตาก,169
2560,2017,2,ก.พ.,2017-02,64,สุโขทัย,0
2560,2017,2,ก.พ.,2017-02,65,พิษณุโลก,0
2560,2017,2,ก.พ.,2017-02,66,พิจิตร,0
2560,2017,2,ก.พ.,2017-02,67,เพชรบูรณ์,2
2560,2017,2,ก.พ.,2017-02,70,ราชบุรี,3
2560,2017,2,ก.พ.,2017-02,71,กาญจนบุรี,9
2560,2017,2,ก.พ.,2017-02,72,สุพรรณบุรี,0
2560,2017,2,ก.พ.,2017-02,73,นครปฐม,1
2560,2017,2,ก.พ.,2017-02,74,สมุทรสาคร,0
2560,2017,2,ก.พ.,2017-02,75,สมุทรสงคราม,0
2560,2017,2,ก.พ.,2017-02,76,เพชรบุรี,5
2560,2017,2,ก.พ.,2017-02,77,ประจวบคีรีขันธ์,2
2560,2017,2,ก.พ.,2017-02,80,นครศรีธรรมราช,0
2560,2017,2,ก.พ.,2017-02,81,กระบี่,0
2560,2017,2,ก.พ.,2017-02,82,พังงา,0
2560,2017,2,ก.พ.,2017-02,83,ภูเก็ต,0
2560,2017,2,ก.พ.,2017-02,84,สุราษฎร์ธานี,4
2560,2017,2,ก.พ.,2017-02,85,ระนอง,11
2560,2017,2,ก.พ.,2017-02,86,ชุมพร,4
2560,2017,2,ก.พ.,2017-02,90,สงขลา,16
2560,2017,2,ก.พ.,2017-02,91,สตูล,0
2560,2017,2,ก.พ.,2017-02,92,ตรัง,0
2560,2017,2,ก.พ.,2017-02,93,พัทลุง,0
2560,2017,2,ก.พ.,2017-02,94,ปัตตานี,5
2560,2017,2,ก.พ.,2017-02,95,ยะลา,272
2560,2017,2,ก.พ.,2017-02,96,นราธิวาส,23
2560,2017,3,มี.ค.,2017-03,10,กรุงเทพฯ,1
2560,2017,3,มี.ค.,2017-03,11,สมุทรปราการ,0
2560,2017,3,มี.ค.,2017-03,12,นนทบุรี,0
2560,2017,3,มี.ค.,2017-03,13,ปทุมธานี,1
2560,2017,3,มี.ค.,2017-03,14,พระนครศรีอยุธยา,0
2560,2017,3,มี.ค.,2017-03,15,อ่างทอง,0
2560,2017,3,มี.ค.,2017-03,16,ลพบุรี,0
2560,2017,3,มี.ค.,2017-03,17,สิงห์บุรี,0
2560,2017,3,มี.ค.,2017-03,18,ชัยนาท,0
2560,2017,3,มี.ค.,2017-03,19,สระบุรี,0
2560,2017,3,มี.ค.,2017-03,20,ชลบุรี,3
2560,2017,3,มี.ค.,2017-03,21,ระยอง,2
2560,2017,3,มี.ค.,2017-03,22,จันทบุรี,5
2560,2017,3,มี.ค.,2017-03,23,ตราด,0
2560,2017,3,มี.ค.,2017-03,24,ฉะเชิงเทรา,0
2560,2017,3,มี.ค.,2017-03,25,ปราจีนบุรี,4
2560,2017,3,มี.ค.,2017-03,26,นครนายก,0
2560,2017,3,มี.ค.,2017-03,27,สระแก้ว,2
2560,2017,3,มี.ค.,2017-03,30,นครราชสีมา,0
2560,2017,3,มี.ค.,2017-03,31,บุรีรัมย์,0
2560,2017,3,มี.ค.,2017-03,32,สุรินทร์,2
2560,2017,3,มี.ค.,2017-03,33,ศรีสะเกษ,12
2560,2017,3,มี.ค.,2017-03,34,อุบลราชธานี,10
2560,2017,3,มี.ค.,2017-03,35,ยโสธร,0
2560,2017,3,มี.ค.,2017-03,36,ชัยภูมิ,0
2560,2017,3,มี.ค.,2017-03,37,อำนาจเจริญ,0
2560,2017,3,มี.ค.,2017-03,38,บึงกาฬ,0
2560,2017,3,มี.ค.,2017-03,39,หนองบัวลำภู,0
2560,2017,3,มี.ค.,2017-03,40,ขอนแก่น,0
2560,2017,3,มี.ค.,2017-03,41,อุดรธานี,0
2560,2017,3,มี.ค.,2017-03,42,เลย,0
2560,2017,3,มี.ค.,2017-03,43,หนองคาย,0
2560,2017,3,มี.ค.,2017-03,44,มหาสารคาม,0
2560,2017,3,มี.ค.,2017-03,45,ร้อยเอ็ด,0
2560,2017,3,มี.ค.,2017-03,46,กาฬสินธุ์,0
2560,2017,3,มี.ค.,2017-03,47,สกลนคร,1
2560,2017,3,มี.ค.,2017-03,48,นครพนม,0
2560,2017,3,มี.ค.,2017-03,49,มุกดาหาร,0
2560,2017,3,มี.ค.,2017-03,50,เชียงใหม่,2
2560,2017,3,มี.ค.,2017-03,51,ลำพูน,0
2560,2017,3,มี.ค.,2017-03,52,ลำปาง,0
2560,2017,3,มี.ค.,2017-03,53,อุตรดิตถ์,0
2560,2017,3,มี.ค.,2017-03,54,แพร่,0
2560,2017,3,มี.ค.,2017-03,55,น่าน,0
2560,2017,3,มี.ค.,2017-03,56,พะเยา,0
2560,2017,3,มี.ค.,2017-03,57,เชียงราย,8
2560,2017,3,มี.ค.,2017-03,58,แม่ฮ่องสอน,12
2560,2017,3,มี.ค.,2017-03,60,นครสวรรค์,0
2560,2017,3,มี.ค.,2017-03,61,อุทัยธานี,1
2560,2017,3,มี.ค.,2017-03,62,กำแพงเพชร,1
2560,2017,3,มี.ค.,2017-03,63,ตาก,130
2560,2017,3,มี.ค.,2017-03,64,สุโขทัย,0
2560,2017,3,มี.ค.,2017-03,65,พิษณุโลก,0
2560,2017,3,มี.ค.,2017-03,66,พิจิตร,0
2560,2017,3,มี.ค.,2017-03,67,เพชรบูรณ์,0
2560,2017,3,มี.ค.,2017-03,70,ราชบุรี,10
2560,2017,3,มี.ค.,2017-03,71,กาญจนบุรี,17
2560,2017,3,มี.ค.,2017-03,72,สุพรรณบุรี,0
2560,2017,3,มี.ค.,2017-03,73,นครปฐม,0
2560,2017,3,มี.ค.,2017-03,74,สมุทรสาคร,0
2560,2017,3,มี.ค.,2017-03,75,สมุทรสงคราม,0
2560,2017,3,มี.ค.,2017-03,76,เพชรบุรี,3
2560,2017,3,มี.ค.,2017-03,77,ประจวบคีรีขันธ์,0
2560,2017,3,มี.ค.,2017-03,80,นครศรีธรรมราช,0
2560,2017,3,มี.ค.,2017-03,81,กระบี่,0
2560,2017,3,มี.ค.,2017-03,82,พังงา,2
2560,2017,3,มี.ค.,2017-03,83,ภูเก็ต,0
2560,2017,3,มี.ค.,2017-03,84,สุราษฎร์ธานี,2
2560,2017,3,มี.ค.,2017-03,85,ระนอง,9
2560,2017,3,มี.ค.,2017-03,86,ชุมพร,0
2560,2017,3,มี.ค.,2017-03,90,สงขลา,20
2560,2017,3,มี.ค.,2017-03,91,สตูล,0
2560,2017,3,มี.ค.,2017-03,92,ตรัง,0
2560,2017,3,มี.ค.,2017-03,93,พัทลุง,0
2560,2017,3,มี.ค.,2017-03,94,ปัตตานี,4
2560,2017,3,มี.ค.,2017-03,95,ยะลา,288
2560,2017,3,มี.ค.,2017-03,96,นราธิวาส,34
2560,2017,4,เม.ย.,2017-04,10,กรุงเทพฯ,4
2560,2017,4,เม.ย.,2017-04,11,สมุทรปราการ,0
2560,2017,4,เม.ย.,2017-04,12,นนทบุรี,0
2560,2017,4,เม.ย.,2017-04,13,ปทุมธานี,0
2560,2017,4,เม.ย.,2017-04,14,พระนครศรีอยุธยา,0
2560,2017,4,เม.ย.,2017-04,15,อ่างทอง,0
2560,2017,4,เม.ย.,2017-04,16,ลพบุรี,0
2560,2017,4,เม.ย.,2017-04,17,สิงห์บุรี,0
2560,2017,4,เม.ย.,2017-04,18,ชัยนาท,0
2560,2017,4,เม.ย.,2017-04,19,สระบุรี,2
2560,2017,4,เม.ย.,2017-04,20,ชลบุรี,3
2560,2017,4,เม.ย.,2017-04,21,ระยอง,3
2560,2017,4,เม.ย.,2017-04,22,จันทบุรี,8
2560,2017,4,เม.ย.,2017-04,23,ตราด,1
2560,2017,4,เม.ย.,2017-04,24,ฉะเชิงเทรา,1
2560,2017,4,เม.ย.,2017-04,25,ปราจีนบุรี,6
2560,2017,4,เม.ย.,2017-04,26,นครนายก,0
2560,2017,4,เม.ย.,2017-04,27,สระแก้ว,6
2560,2017,4,เม.ย.,2017-04,30,นครราชสีมา,1
2560,2017,4,เม.ย.,2017-04,31,บุรีรัมย์,1
2560,2017,4,เม.ย.,2017-04,32,สุรินทร์,1
2560,2017,4,เม.ย.,2017-04,33,ศรีสะเกษ,39
2560,2017,4,เม.ย.,2017-04,34,อุบลราชธานี,10
2560,2017,4,เม.ย.,2017-04,35,ยโสธร,0
2560,2017,4,เม.ย.,2017-04,36,ชัยภูมิ,1
2560,2017,4,เม.ย.,2017-04,37,อำนาจเจริญ,0
2560,2017,4,เม.ย.,2017-04,38,บึงกาฬ,0
2560,2017,4,เม.ย.,2017-04,39,หนองบัวลำภู,0
2560,2017,4,เม.ย.,2017-04,40,ขอนแก่น,0
2560,2017,4,เม.ย.,2017-04,41,อุดรธานี,0
2560,2017,4,เม.ย.,2017-04,42,เลย,1
2560,2017,4,เม.ย.,2017-04,43,หนองคาย,0
2560,2017,4,เม.ย.,2017-04,44,มหาสารคาม,1
2560,2017,4,เม.ย.,2017-04,45,ร้อยเอ็ด,1
2560,2017,4,เม.ย.,2017-04,46,กาฬสินธุ์,0
2560,2017,4,เม.ย.,2017-04,47,สกลนคร,0
2560,2017,4,เม.ย.,2017-04,48,นครพนม,0
2560,2017,4,เม.ย.,2017-04,49,มุกดาหาร,0
2560,2017,4,เม.ย.,2017-04,50,เชียงใหม่,3
2560,2017,4,เม.ย.,2017-04,51,ลำพูน,0
2560,2017,4,เม.ย.,2017-04,52,ลำปาง,1
2560,2017,4,เม.ย.,2017-04,53,อุตรดิตถ์,0
2560,2017,4,เม.ย.,2017-04,54,แพร่,0
2560,2017,4,เม.ย.,2017-04,55,น่าน,2
2560,2017,4,เม.ย.,2017-04,56,พะเยา,0
2560,2017,4,เม.ย.,2017-04,57,เชียงราย,3
2560,2017,4,เม.ย.,2017-04,58,แม่ฮ่องสอน,17
2560,2017,4,เม.ย.,2017-04,60,นครสวรรค์,0
2560,2017,4,เม.ย.,2017-04,61,อุทัยธานี,0
2560,2017,4,เม.ย.,2017-04,62,กำแพงเพชร,0
2560,2017,4,เม.ย.,2017-04,63,ตาก,224
2560,2017,4,เม.ย.,2017-04,64,สุโขทัย,0
2560,2017,4,เม.ย.,2017-04,65,พิษณุโลก,0
2560,2017,4,เม.ย.,2017-04,66,พิจิตร,0
2560,2017,4,เม.ย.,2017-04,67,เพชรบูรณ์,0
2560,2017,4,เม.ย.,2017-04,70,ราชบุรี,10
2560,2017,4,เม.ย.,2017-04,71,กาญจนบุรี,12
2560,2017,4,เม.ย.,2017-04,72,สุพรรณบุรี,0
2560,2017,4,เม.ย.,2017-04,73,นครปฐม,0
2560,2017,4,เม.ย.,2017-04,74,สมุทรสาคร,0
2560,2017,4,เม.ย.,2017-04,75,สมุทรสงคราม,0
2560,2017,4,เม.ย.,2017-04,76,เพชรบุรี,8
2560,2017,4,เม.ย.,2017-04,77,ประจวบคีรีขันธ์,8
2560,2017,4,เม.ย.,2017-04,80,นครศรีธรรมราช,0
2560,2017,4,เม.ย.,2017-04,81,กระบี่,0
2560,2017,4,เม.ย.,2017-04,82,พังงา,1
2560,2017,4,เม.ย.,2017-04,83,ภูเก็ต,0
2560,2017,4,เม.ย.,2017-04,84,สุราษฎร์ธานี,5
2560,2017,4,เม.ย.,2017-04,85,ระนอง,16
2560,2017,4,เม.ย.,2017-04,86,ชุมพร,1
2560,2017,4,เม.ย.,2017-04,90,สงขลา,23
2560,2017,4,เม.ย.,2017-04,91,สตูล,3
2560,2017,4,เม.ย.,2017-04,92,ตรัง,0
2560,2017,4,เม.ย.,2017-04,93,พัทลุง,1
2560,2017,4,เม.ย.,2017-04,94,ปัตตานี,3
2560,2017,4,เม.ย.,2017-04,95,ยะลา,272
2560,2017,4,เม.ย.,2017-04,96,นราธิวาส,33
2560,2017,5,พ.ค.,2017-05,10,กรุงเทพฯ,5
2560,2017,5,พ.ค.,2017-05,11,สมุทรปราการ,1
2560,2017,5,พ.ค.,2017-05,12,นนทบุรี,0
2560,2017,5,พ.ค.,2017-05,13,ปทุมธานี,0
2560,2017,5,พ.ค.,2017-05,14,พระนครศรีอยุธยา,0
2560,2017,5,พ.ค.,2017-05,15,อ่างทอง,0
2560,2017,5,พ.ค.,2017-05,16,ลพบุรี,0
2560,2017,5,พ.ค.,2017-05,17,สิงห์บุรี,0
2560,2017,5,พ.ค.,2017-05,18,ชัยนาท,0
2560,2017,5,พ.ค.,2017-05,19,สระบุรี,0
2560,2017,5,พ.ค.,2017-05,20,ชลบุรี,3
2560,2017,5,พ.ค.,2017-05,21,ระยอง,7
2560,2017,5,พ.ค.,2017-05,22,จันทบุรี,7
2560,2017,5,พ.ค.,2017-05,23,ตราด,9
2560,2017,5,พ.ค.,2017-05,24,ฉะเชิงเทรา,1
2560,2017,5,พ.ค.,2017-05,25,ปราจีนบุรี,9
2560,2017,5,พ.ค.,2017-05,26,นครนายก,0
2560,2017,5,พ.ค.,2017-05,27,สระแก้ว,6
2560,2017,5,พ.ค.,2017-05,30,นครราชสีมา,11
2560,2017,5,พ.ค.,2017-05,31,บุรีรัมย์,1
2560,2017,5,พ.ค.,2017-05,32,สุรินทร์,4
2560,2017,5,พ.ค.,2017-05,33,ศรีสะเกษ,146
2560,2017,5,พ.ค.,2017-05,34,อุบลราชธานี,28
2560,2017,5,พ.ค.,2017-05,35,ยโสธร,5
2560,2017,5,พ.ค.,2017-05,36,ชัยภูมิ,0
2560,2017,5,พ.ค.,2017-05,37,อำนาจเจริญ,0
2560,2017,5,พ.ค.,2017-05,38,บึงกาฬ,0
2560,2017,5,พ.ค.,2017-05,39,หนองบัวลำภู,1
2560,2017,5,พ.ค.,2017-05,40,ขอนแก่น,1
2560,2017,5,พ.ค.,2017-05,41,อุดรธานี,0
2560,2017,5,พ.ค.,2017-05,42,เลย,0
2560,2017,5,พ.ค.,2017-05,43,หนองคาย,0
2560,2017,5,พ.ค.,2017-05,44,มหาสารคาม,0
2560,2017,5,พ.ค.,2017-05,45,ร้อยเอ็ด,1
2560,2017,5,พ.ค.,2017-05,46,กาฬสินธุ์,0
2560,2017,5,พ.ค.,2017-05,47,สกลนคร,1
2560,2017,5,พ.ค.,2017-05,48,นครพนม,0
2560,2017,5,พ.ค.,2017-05,49,มุกดาหาร,2
2560,2017,5,พ.ค.,2017-05,50,เชียงใหม่,11
2560,2017,5,พ.ค.,2017-05,51,ลำพูน,1
2560,2017,5,พ.ค.,2017-05,52,ลำปาง,0
2560,2017,5,พ.ค.,2017-05,53,อุตรดิตถ์,0
2560,2017,5,พ.ค.,2017-05,54,แพร่,0
2560,2017,5,พ.ค.,2017-05,55,น่าน,0
2560,2017,5,พ.ค.,2017-05,56,พะเยา,0
2560,2017,5,พ.ค.,2017-05,57,เชียงราย,14
2560,2017,5,พ.ค.,2017-05,58,แม่ฮ่องสอน,48
2560,2017,5,พ.ค.,2017-05,60,นครสวรรค์,0
2560,2017,5,พ.ค.,2017-05,61,อุทัยธานี,0
2560,2017,5,พ.ค.,2017-05,62,กำแพงเพชร,0
2560,2017,5,พ.ค.,2017-05,63,ตาก,527
2560,2017,5,พ.ค.,2017-05,64,สุโขทัย,0
2560,2017,5,พ.ค.,2017-05,65,พิษณุโลก,1
2560,2017,5,พ.ค.,2017-05,66,พิจิตร,0
2560,2017,5,พ.ค.,2017-05,67,เพชรบูรณ์,1
2560,2017,5,พ.ค.,2017-05,70,ราชบุรี,25
2560,2017,5,พ.ค.,2017-05,71,กาญจนบุรี,17
2560,2017,5,พ.ค.,2017-05,72,สุพรรณบุรี,2
2560,2017,5,พ.ค.,2017-05,73,นครปฐม,0
2560,2017,5,พ.ค.,2017-05,74,สมุทรสาคร,2
2560,2017,5,พ.ค.,2017-05,75,สมุทรสงคราม,0
2560,2017,5,พ.ค.,2017-05,76,เพชรบุรี,18
2560,2017,5,พ.ค.,2017-05,77,ประจวบคีรีขันธ์,27
2560,2017,5,พ.ค.,2017-05,80,นครศรีธรรมราช,0
2560,2017,5,พ.ค.,2017-05,81,กระบี่,3
2560,2017,5,พ.ค.,2017-05,82,พังงา,7
2560,2017,5,พ.ค.,2017-05,83,ภูเก็ต,0
2560,2017,5,พ.ค.,2017-05,84,สุราษฎร์ธานี,1
2560,2017,5,พ.ค.,2017-05,85,ระนอง,5
2560,2017,5,พ.ค.,2017-05,86,ชุมพร,2
2560,2017,5,พ.ค.,2017-05,90,สงขลา,22
2560,2017,5,พ.ค.,2017-05,91,สตูล,2
2560,2017,5,พ.ค.,2017-05,92,ตรัง,0
2560,2017,5,พ.ค.,2017-05,93,พัทลุง,0
2560,2017,5,พ.ค.,2017-05,94,ปัตตานี,7
2560,2017,5,พ.ค.,2017-05,95,ยะลา,332
2560,2017,5,พ.ค.,2017-05,96,นราธิวาส,39
2560,2017,6,มิ.ย.,2017-06,10,กรุงเทพฯ,2
2560,2017,6,มิ.ย.,2017-06,11,สมุทรปราการ,1
2560,2017,6,มิ.ย.,2017-06,12,นนทบุรี,0
2560,2017,6,มิ.ย.,2017-06,13,ปทุมธานี,1
2560,2017,6,มิ.ย.,2017-06,14,พระนครศรีอยุธยา,0
2560,2017,6,มิ.ย.,2017-06,15,อ่างทอง,0
2560,2017,6,มิ.ย.,2017-06,16,ลพบุรี,0
2560,2017,6,มิ.ย.,2017-06,17,สิงห์บุรี,0
2560,2017,6,มิ.ย.,2017-06,18,ชัยนาท,0
2560,2017,6,มิ.ย.,2017-06,19,สระบุรี,2
2560,2017,6,มิ.ย.,2017-06,20,ชลบุรี,2
2560,2017,6,มิ.ย.,2017-06,21,ระยอง,8
2560,2017,6,มิ.ย.,2017-06,22,จันทบุรี,11
2560,2017,6,มิ.ย.,2017-06,23,ตราด,13
2560,2017,6,มิ.ย.,2017-06,24,ฉะเชิงเทรา,1
2560,2017,6,มิ.ย.,2017-06,25,ปราจีนบุรี,12
2560,2017,6,มิ.ย.,2017-06,26,นครนายก,0
2560,2017,6,มิ.ย.,2017-06,27,สระแก้ว,9
2560,2017,6,มิ.ย.,2017-06,30,นครราชสีมา,12
2560,2017,6,มิ.ย.,2017-06,31,บุรีรัมย์,1
2560,2017,6,มิ.ย.,2017-06,32,สุรินทร์,10
2560,2017,6,มิ.ย.,2017-06,33,ศรีสะเกษ,211
2560,2017,6,มิ.ย.,2017-06,34,อุบลราชธานี,54
2560,2017,6,มิ.ย.,2017-06,35,ยโสธร,2
2560,2017,6,มิ.ย.,2017-06,36,ชัยภูมิ,0
2560,2017,6,มิ.ย.,2017-06,37,อำนาจเจริญ,0
2560,2017,6,มิ.ย.,2017-06,38,บึงกาฬ,0
2560,2017,6,มิ.ย.,2017-06,39,หนองบัวลำภู,0
2560,2017,6,มิ.ย.,2017-06,40,ขอนแก่น,2
2560,2017,6,มิ.ย.,2017-06,41,อุดรธานี,0
2560,2017,6,มิ.ย.,2017-06,42,เลย,0
2560,2017,6,มิ.ย.,2017-06,43,หนองคาย,0
2560,2017,6,มิ.ย.,2017-06,44,มหาสารคาม,0
2560,2017,6,มิ.ย.,2017-06,45,ร้อยเอ็ด,7
2560,2017,6,มิ.ย.,2017-06,46,กาฬสินธุ์,0
2560,2017,6,มิ.ย.,2017-06,47,สกลนคร,0
2560,2017,6,มิ.ย.,2017-06,48,นครพนม,0
2560,2017,6,มิ.ย.,2017-06,49,มุกดาหาร,17
2560,2017,6,มิ.ย.,2017-06,50,เชียงใหม่,6
2560,2017,6,มิ.ย.,2017-06,51,ลำพูน,0
2560,2017,6,มิ.ย.,2017-06,52,ลำปาง,1
2560,2017,6,มิ.ย.,2017-06,53,อุตรดิตถ์,1
2560,2017,6,มิ.ย.,2017-06,54,แพร่,0
2560,2017,6,มิ.ย.,2017-06,55,น่าน,6
2560,2017,6,มิ.ย.,2017-06,56,พะเยา,0
2560,2017,6,มิ.ย.,2017-06,57,เชียงราย,16
2560,2017,6,มิ.ย.,2017-06,58,แม่ฮ่องสอน,63
2560,2017,6,มิ.ย.,2017-06,60,นครสวรรค์,1
2560,2017,6,มิ.ย.,2017-06,61,อุทัยธานี,2
2560,2017,6,มิ.ย.,2017-06,62,กำแพงเพชร,1
2560,2017,6,มิ.ย.,2017-06,63,ตาก,853
2560,2017,6,มิ.ย.,2017-06,64,สุโขทัย,0
2560,2017,6,มิ.ย.,2017-06,65,พิษณุโลก,3
2560,2017,6,มิ.ย.,2017-06,66,พิจิตร,0
2560,2017,6,มิ.ย.,2017-06,67,เพชรบูรณ์,1
2560,2017,6,มิ.ย.,2017-06,70,ราชบุรี,29
2560,2017,6,มิ.ย.,2017-06,71,กาญจนบุรี,67
2560,2017,6,มิ.ย.,2017-06,72,สุพรรณบุรี,0
2560,2017,6,มิ.ย.,2017-06,73,นครปฐม,1
2560,2017,6,มิ.ย.,2017-06,74,สมุทรสาคร,0
2560,2017,6,มิ.ย.,2017-06,75,สมุทรสงคราม,0
2560,2017,6,มิ.ย.,2017-06,76,เพชรบุรี,31
2560,2017,6,มิ.ย.,2017-06,77,ประจวบคีรีขันธ์,14
2560,2017,6,มิ.ย.,2017-06,80,นครศรีธรรมราช,0
2560,2017,6,มิ.ย.,2017-06,81,กระบี่,0
2560,2017,6,มิ.ย.,2017-06,82,พังงา,2
2560,2017,6,มิ.ย.,2017-06,83,ภูเก็ต,1
2560,2017,6,มิ.ย.,2017-06,84,สุราษฎร์ธานี,1
2560,2017,6,มิ.ย.,2017-06,85,ระนอง,7
2560,2017,6,มิ.ย.,2017-06,86,ชุมพร,1
2560,2017,6,มิ.ย.,2017-06,90,สงขลา,36
2560,2017,6,มิ.ย.,2017-06,91,สตูล,1
2560,2017,6,มิ.ย.,2017-06,92,ตรัง,0
2560,2017,6,มิ.ย.,2017-06,93,พัทลุง,0
2560,2017,6,มิ.ย.,2017-06,94,ปัตตานี,3
2560,2017,6,มิ.ย.,2017-06,95,ยะลา,342
2560,2017,6,มิ.ย.,2017-06,96,นราธิวาส,31
2560,2017,7,ก.ค.,2017-07,10,กรุงเทพฯ,2
2560,2017,7,ก.ค.,2017-07,11,สมุทรปราการ,0
2560,2017,7,ก.ค.,2017-07,12,นนทบุรี,0
2560,2017,7,ก.ค.,2017-07,13,ปทุมธานี,0
2560,2017,7,ก.ค.,2017-07,14,พระนครศรีอยุธยา,0
2560,2017,7,ก.ค.,2017-07,15,อ่างทอง,0
2560,2017,7,ก.ค.,2017-07,16,ลพบุรี,0
2560,2017,7,ก.ค.,2017-07,17,สิงห์บุรี,0
2560,2017,7,ก.ค.,2017-07,18,ชัยนาท,0
2560,2017,7,ก.ค.,2017-07,19,สระบุรี,0
2560,2017,7,ก.ค.,2017-07,20,ชลบุรี,4
2560,2017,7,ก.ค.,2017-07,21,ระยอง,4
2560,2017,7,ก.ค.,2017-07,22,จันทบุรี,12
2560,2017,7,ก.ค.,2017-07,23,ตราด,6
2560,2017,7,ก.ค.,2017-07,24,ฉะเชิงเทรา,1
2560,2017,7,ก.ค.,2017-07,25,ปราจีนบุรี,54
2560,2017,7,ก.ค.,2017-07,26,นครนายก,0
2560,2017,7,ก.ค.,2017-07,27,สระแก้ว,6
2560,2017,7,ก.ค.,2017-07,30,นครราชสีมา,4
2560,2017,7,ก.ค.,2017-07,31,บุรีรัมย์,4
2560,2017,7,ก.ค.,2017-07,32,สุรินทร์,4
2560,2017,7,ก.ค.,2017-07,33,ศรีสะเกษ,155
2560,2017,7,ก.ค.,2017-07,34,อุบลราชธานี,63
2560,2017,7,ก.ค.,2017-07,35,ยโสธร,2
2560,2017,7,ก.ค.,2017-07,36,ชัยภูมิ,0
2560,2017,7,ก.ค.,2017-07,37,อำนาจเจริญ,0
2560,2017,7,ก.ค.,2017-07,38,บึงกาฬ,0
2560,2017,7,ก.ค.,2017-07,39,หนองบัวลำภู,0
2560,2017,7,ก.ค.,2017-07,40,ขอนแก่น,0
2560,2017,7,ก.ค.,2017-07,41,อุดรธานี,0
2560,2017,7,ก.ค.,2017-07,42,เลย,0
2560,2017,7,ก.ค.,2017-07,43,หนองคาย,0
2560,2017,7,ก.ค.,2017-07,44,มหาสารคาม,0
2560,2017,7,ก.ค.,2017-07,45,ร้อยเอ็ด,0
2560,2017,7,ก.ค.,2017-07,46,กาฬสินธุ์,0
2560,2017,7,ก.ค.,2017-07,47,สกลนคร,0
2560,2017,7,ก.ค.,2017-07,48,นครพนม,0
2560,2017,7,ก.ค.,2017-07,49,มุกดาหาร,1
2560,2017,7,ก.ค.,2017-07,50,เชียงใหม่,7
2560,2017,7,ก.ค.,2017-07,51,ลำพูน,1
2560,2017,7,ก.ค.,2017-07,52,ลำปาง,0
2560,2017,7,ก.ค.,2017-07,53,อุตรดิตถ์,0
2560,2017,7,ก.ค.,2017-07,54,แพร่,0
2560,2017,7,ก.ค.,2017-07,55,น่าน,0
2560,2017,7,ก.ค.,2017-07,56,พะเยา,0
2560,2017,7,ก.ค.,2017-07,57,เชียงราย,6
2560,2017,7,ก.ค.,2017-07,58,แม่ฮ่องสอน,52
2560,2017,7,ก.ค.,2017-07,60,นครสวรรค์,0
2560,2017,7,ก.ค.,2017-07,61,อุทัยธานี,0
2560,2017,7,ก.ค.,2017-07,62,กำแพงเพชร,1
2560,2017,7,ก.ค.,2017-07,63,ตาก,604
2560,2017,7,ก.ค.,2017-07,64,สุโขทัย,0
2560,2017,7,ก.ค.,2017-07,65,พิษณุโลก,0
2560,2017,7,ก.ค.,2017-07,66,พิจิตร,0
2560,2017,7,ก.ค.,2017-07,67,เพชรบูรณ์,0
2560,2017,7,ก.ค.,2017-07,70,ราชบุรี,12
2560,2017,7,ก.ค.,2017-07,71,กาญจนบุรี,36
2560,2017,7,ก.ค.,2017-07,72,สุพรรณบุรี,0
2560,2017,7,ก.ค.,2017-07,73,นครปฐม,1
2560,2017,7,ก.ค.,2017-07,74,สมุทรสาคร,0
2560,2017,7,ก.ค.,2017-07,75,สมุทรสงคราม,0
2560,2017,7,ก.ค.,2017-07,76,เพชรบุรี,9
2560,2017,7,ก.ค.,2017-07,77,ประจวบคีรีขันธ์,15
2560,2017,7,ก.ค.,2017-07,80,นครศรีธรรมราช,0
2560,2017,7,ก.ค.,2017-07,81,กระบี่,0
2560,2017,7,ก.ค.,2017-07,82,พังงา,0
2560,2017,7,ก.ค.,2017-07,83,ภูเก็ต,1
2560,2017,7,ก.ค.,2017-07,84,สุราษฎร์ธานี,0
2560,2017,7,ก.ค.,2017-07,85,ระนอง,6
2560,2017,7,ก.ค.,2017-07,86,ชุมพร,1
2560,2017,7,ก.ค.,2017-07,90,สงขลา,37
2560,2017,7,ก.ค.,2017-07,91,สตูล,0
2560,2017,7,ก.ค.,2017-07,92,ตรัง,1
2560,2017,7,ก.ค.,2017-07,93,พัทลุง,0
2560,2017,7,ก.ค.,2017-07,94,ปัตตานี,4
2560,2017,7,ก.ค.,2017-07,95,ยะลา,417
2560,2017,7,ก.ค.,2017-07,96,นราธิวาส,29
2560,2017,8,ส.ค.,2017-08,10,กรุงเทพฯ,1
2560,2017,8,ส.ค.,2017-08,11,สมุทรปราการ,1
2560,2017,8,ส.ค.,2017-08,12,นนทบุรี,0
2560,2017,8,ส.ค.,2017-08,13,ปทุมธานี,1
2560,2017,8,ส.ค.,2017-08,14,พระนครศรีอยุธยา,1
2560,2017,8,ส.ค.,2017-08,15,อ่างทอง,0
2560,2017,8,ส.ค.,2017-08,16,ลพบุรี,0
2560,2017,8,ส.ค.,2017-08,17,สิงห์บุรี,0
2560,2017,8,ส.ค.,2017-08,18,ชัยนาท,0
2560,2017,8,ส.ค.,2017-08,19,สระบุรี,0
2560,2017,8,ส.ค.,2017-08,20,ชลบุรี,0
2560,2017,8,ส.ค.,2017-08,21,ระยอง,13
2560,2017,8,ส.ค.,2017-08,22,จันทบุรี,15
2560,2017,8,ส.ค.,2017-08,23,ตราด,4
2560,2017,8,ส.ค.,2017-08,24,ฉะเชิงเทรา,1
2560,2017,8,ส.ค.,2017-08,25,ปราจีนบุรี,21
2560,2017,8,ส.ค.,2017-08,26,นครนายก,0
2560,2017,8,ส.ค.,2017-08,27,สระแก้ว,5
2560,2017,8,ส.ค.,2017-08,30,นครราชสีมา,8
2560,2017,8,ส.ค.,2017-08,31,บุรีรัมย์,0
2560,2017,8,ส.ค.,2017-08,32,สุรินทร์,4
2560,2017,8,ส.ค.,2017-08,33,ศรีสะเกษ,80
2560,2017,8,ส.ค.,2017-08,34,อุบลราชธานี,22
2560,2017,8,ส.ค.,2017-08,35,ยโสธร,1
2560,2017,8,ส.ค.,2017-08,36,ชัยภูมิ,0
2560,2017,8,ส.ค.,2017-08,37,อำนาจเจริญ,0
2560,2017,8,ส.ค.,2017-08,38,บึงกาฬ,0
2560,2017,8,ส.ค.,2017-08,39,หนองบัวลำภู,0
2560,2017,8,ส.ค.,2017-08,40,ขอนแก่น,2
2560,2017,8,ส.ค.,2017-08,41,อุดรธานี,1
2560,2017,8,ส.ค.,2017-08,42,เลย,0
2560,2017,8,ส.ค.,2017-08,43,หนองคาย,0
2560,2017,8,ส.ค.,2017-08,44,มหาสารคาม,0
2560,2017,8,ส.ค.,2017-08,45,ร้อยเอ็ด,0
2560,2017,8,ส.ค.,2017-08,46,กาฬสินธุ์,4
2560,2017,8,ส.ค.,2017-08,47,สกลนคร,0
2560,2017,8,ส.ค.,2017-08,48,นครพนม,0
2560,2017,8,ส.ค.,2017-08,49,มุกดาหาร,2
2560,2017,8,ส.ค.,2017-08,50,เชียงใหม่,4
2560,2017,8,ส.ค.,2017-08,51,ลำพูน,0
2560,2017,8,ส.ค.,2017-08,52,ลำปาง,0
2560,2017,8,ส.ค.,2017-08,53,อุตรดิตถ์,0
2560,2017,8,ส.ค.,2017-08,54,แพร่,0
2560,2017,8,ส.ค.,2017-08,55,น่าน,1
2560,2017,8,ส.ค.,2017-08,56,พะเยา,0
2560,2017,8,ส.ค.,2017-08,57,เชียงราย,5
2560,2017,8,ส.ค.,2017-08,58,แม่ฮ่องสอน,30
2560,2017,8,ส.ค.,2017-08,60,นครสวรรค์,0
2560,2017,8,ส.ค.,2017-08,61,อุทัยธานี,2
2560,2017,8,ส.ค.,2017-08,62,กำแพงเพชร,0
2560,2017,8,ส.ค.,2017-08,63,ตาก,410
2560,2017,8,ส.ค.,2017-08,64,สุโขทัย,0
2560,2017,8,ส.ค.,2017-08,65,พิษณุโลก,1
2560,2017,8,ส.ค.,2017-08,66,พิจิตร,0
2560,2017,8,ส.ค.,2017-08,67,เพชรบูรณ์,0
2560,2017,8,ส.ค.,2017-08,70,ราชบุรี,8
2560,2017,8,ส.ค.,2017-08,71,กาญจนบุรี,17
2560,2017,8,ส.ค.,2017-08,72,สุพรรณบุรี,0
2560,2017,8,ส.ค.,2017-08,73,นครปฐม,0
2560,2017,8,ส.ค.,2017-08,74,สมุทรสาคร,0
2560,2017,8,ส.ค.,2017-08,75,สมุทรสงคราม,1
2560,2017,8,ส.ค.,2017-08,76,เพชรบุรี,5
2560,2017,8,ส.ค.,2017-08,77,ประจวบคีรีขันธ์,4
2560,2017,8,ส.ค.,2017-08,80,นครศรีธรรมราช,1
2560,2017,8,ส.ค.,2017-08,81,กระบี่,0
2560,2017,8,ส.ค.,2017-08,82,พังงา,2
2560,2017,8,ส.ค.,2017-08,83,ภูเก็ต,0
2560,2017,8,ส.ค.,2017-08,84,สุราษฎร์ธานี,5
2560,2017,8,ส.ค.,2017-08,85,ระนอง,12
2560,2017,8,ส.ค.,2017-08,86,ชุมพร,3
2560,2017,8,ส.ค.,2017-08,90,สงขลา,23
2560,2017,8,ส.ค.,2017-08,91,สตูล,0
2560,2017,8,ส.ค.,2017-08,92,ตรัง,0
2560,2017,8,ส.ค.,2017-08,93,พัทลุง,1
2560,2017,8,ส.ค.,2017-08,94,ปัตตานี,2
2560,2017,8,ส.ค.,2017-08,95,ยะลา,346
2560,2017,8,ส.ค.,2017-08,96,นราธิวาส,17
2560,2017,9,ก.ย.,2017-09,10,กรุงเทพฯ,1
2560,2017,9,ก.ย.,2017-09,11,สมุทรปราการ,0
2560,2017,9,ก.ย.,2017-09,12,นนทบุรี,0
2560,2017,9,ก.ย.,2017-09,13,ปทุมธานี,0
2560,2017,9,ก.ย.,2017-09,14,พระนครศรีอยุธยา,0
2560,2017,9,ก.ย.,2017-09,15,อ่างทอง,0
2560,2017,9,ก.ย.,2017-09,16,ลพบุรี,0
2560,2017,9,ก.ย.,2017-09,17,สิงห์บุรี,0
2560,2017,9,ก.ย.,2017-09,18,ชัยนาท,0
2560,2017,9,ก.ย.,2017-09,19,สระบุรี,0
2560,2017,9,ก.ย.,2017-09,20,ชลบุรี,3
2560,2017,9,ก.ย.,2017-09,21,ระยอง,1
2560,2017,9,ก.ย.,2017-09,22,จันทบุรี,14
2560,2017,9,ก.ย.,2017-09,23,ตราด,4
2560,2017,9,ก.ย.,2017-09,24,ฉะเชิงเทรา,6
2560,2017,9,ก.ย.,2017-09,25,ปราจีนบุรี,20
2560,2017,9,ก.ย.,2017-09,26,นครนายก,0
2560,2017,9,ก.ย.,2017-09,27,สระแก้ว,10
2560,2017,9,ก.ย.,2017-09,30,นครราชสีมา,0
2560,2017,9,ก.ย.,2017-09,31,บุรีรัมย์,0
2560,2017,9,ก.ย.,2017-09,32,สุรินทร์,2
2560,2017,9,ก.ย.,2017-09,33,ศรีสะเกษ,69
2560,2017,9,ก.ย.,2017-09,34,อุบลราชธานี,12
2560,2017,9,ก.ย.,2017-09,35,ยโสธร,4
2560,2017,9,ก.ย.,2017-09,36,ชัยภูมิ,0
2560,2017,9,ก.ย.,2017-09,37,อำนาจเจริญ,0
2560,2017,9,ก.ย.,2017-09,38,บึงกาฬ,0
2560,2017,9,ก.ย.,2017-09,39,หนองบัวลำภู,0
2560,2017,9,ก.ย.,2017-09,40,ขอนแก่น,1
2560,2017,9,ก.ย.,2017-09,41,อุดรธานี,0
2560,2017,9,ก.ย.,2017-09,42,เลย,0
2560,2017,9,ก.ย.,2017-09,43,หนองคาย,0
2560,2017,9,ก.ย.,2017-09,44,มหาสารคาม,0
2560,2017,9,ก.ย.,2017-09,45,ร้อยเอ็ด,0
2560,2017,9,ก.ย.,2017-09,46,กาฬสินธุ์,2
2560,2017,9,ก.ย.,2017-09,47,สกลนคร,0
2560,2017,9,ก.ย.,2017-09,48,นครพนม,0
2560,2017,9,ก.ย.,2017-09,49,มุกดาหาร,0
2560,2017,9,ก.ย.,2017-09,50,เชียงใหม่,2
2560,2017,9,ก.ย.,2017-09,51,ลำพูน,1
2560,2017,9,ก.ย.,2017-09,52,ลำปาง,0
2560,2017,9,ก.ย.,2017-09,53,อุตรดิตถ์,0
2560,2017,9,ก.ย.,2017-09,54,แพร่,0
2560,2017,9,ก.ย.,2017-09,55,น่าน,0
2560,2017,9,ก.ย.,2017-09,56,พะเยา,0
2560,2017,9,ก.ย.,2017-09,57,เชียงราย,4
2560,2017,9,ก.ย.,2017-09,58,แม่ฮ่องสอน,22
2560,2017,9,ก.ย.,2017-09,60,นครสวรรค์,0
2560,2017,9,ก.ย.,2017-09,61,อุทัยธานี,3
2560,2017,9,ก.ย.,2017-09,62,กำแพงเพชร,0
2560,2017,9,ก.ย.,2017-09,63,ตาก,196
2560,2017,9,ก.ย.,2017-09,64,สุโขทัย,0
2560,2017,9,ก.ย.,2017-09,65,พิษณุโลก,0
2560,2017,9,ก.ย.,2017-09,66,พิจิตร,0
2560,2017,9,ก.ย.,2017-09,67,เพชรบูรณ์,0
2560,2017,9,ก.ย.,2017-09,70,ราชบุรี,6
2560,2017,9,ก.ย.,2017-09,71,กาญจนบุรี,12
2560,2017,9,ก.ย.,2017-09,72,สุพรรณบุรี,0
2560,2017,9,ก.ย.,2017-09,73,นครปฐม,0
2560,2017,9,ก.ย.,2017-09,74,สมุทรสาคร,0
2560,2017,9,ก.ย.,2017-09,75,สมุทรสงคราม,0
2560,2017,9,ก.ย.,2017-09,76,เพชรบุรี,5
2560,2017,9,ก.ย.,2017-09,77,ประจวบคีรีขันธ์,6
2560,2017,9,ก.ย.,2017-09,80,นครศรีธรรมราช,0
2560,2017,9,ก.ย.,2017-09,81,กระบี่,0
2560,2017,9,ก.ย.,2017-09,82,พังงา,0
2560,2017,9,ก.ย.,2017-09,83,ภูเก็ต,1
2560,2017,9,ก.ย.,2017-09,84,สุราษฎร์ธานี,1
2560,2017,9,ก.ย.,2017-09,85,ระนอง,10
2560,2017,9,ก.ย.,2017-09,86,ชุมพร,4
2560,2017,9,ก.ย.,2017-09,90,สงขลา,17
2560,2017,9,ก.ย.,2017-09,91,สตูล,1
2560,2017,9,ก.ย.,2017-09,92,ตรัง,0
2560,2017,9,ก.ย.,2017-09,93,พัทลุง,0
2560,2017,9,ก.ย.,2017-09,94,ปัตตานี,7
2560,2017,9,ก.ย.,2017-09,95,ยะลา,219
2560,2017,9,ก.ย.,2017-09,96,นราธิวาส,33
2560,2017,10,ต.ค.,2017-10,10,กรุงเทพฯ,2
2560,2017,10,ต.ค.,2017-10,11,สมุทรปราการ,0
2560,2017,10,ต.ค.,2017-10,12,นนทบุรี,0
2560,2017,10,ต.ค.,2017-10,13,ปทุมธานี,0
2560,2017,10,ต.ค.,2017-10,14,พระนครศรีอยุธยา,0
2560,2017,10,ต.ค.,2017-10,15,อ่างทอง,0
2560,2017,10,ต.ค.,2017-10,16,ลพบุรี,0
2560,2017,10,ต.ค.,2017-10,17,สิงห์บุรี,0
2560,2017,10,ต.ค.,2017-10,18,ชัยนาท,0
2560,2017,10,ต.ค.,2017-10,19,สระบุรี,0
2560,2017,10,ต.ค.,2017-10,20,ชลบุรี,1
2560,2017,10,ต.ค.,2017-10,21,ระยอง,3
2560,2017,10,ต.ค.,2017-10,22,จันทบุรี,36
2560,2017,10,ต.ค.,2017-10,23,ตราด,8
2560,2017,10,ต.ค.,2017-10,24,ฉะเชิงเทรา,22
2560,2017,10,ต.ค.,2017-10,25,ปราจีนบุรี,8
2560,2017,10,ต.ค.,2017-10,26,นครนายก,0
2560,2017,10,ต.ค.,2017-10,27,สระแก้ว,4
2560,2017,10,ต.ค.,2017-10,30,นครราชสีมา,0
2560,2017,10,ต.ค.,2017-10,31,บุรีรัมย์,1
2560,2017,10,ต.ค.,2017-10,32,สุรินทร์,4
2560,2017,10,ต.ค.,2017-10,33,ศรีสะเกษ,68
2560,2017,10,ต.ค.,2017-10,34,อุบลราชธานี,14
2560,2017,10,ต.ค.,2017-10,35,ยโสธร,0
2560,2017,10,ต.ค.,2017-10,36,ชัยภูมิ,0
2560,2017,10,ต.ค.,2017-10,37,อำนาจเจริญ,1
2560,2017,10,ต.ค.,2017-10,38,บึงกาฬ,0
2560,2017,10,ต.ค.,2017-10,39,หนองบัวลำภู,0
2560,2017,10,ต.ค.,2017-10,40,ขอนแก่น,0
2560,2017,10,ต.ค.,2017-10,41,อุดรธานี,0
2560,2017,10,ต.ค.,2017-10,42,เลย,0
2560,2017,10,ต.ค.,2017-10,43,หนองคาย,0
2560,2017,10,ต.ค.,2017-10,44,มหาสารคาม,0
2560,2017,10,ต.ค.,2017-10,45,ร้อยเอ็ด,0
2560,2017,10,ต.ค.,2017-10,46,กาฬสินธุ์,1
2560,2017,10,ต.ค.,2017-10,47,สกลนคร,3
2560,2017,10,ต.ค.,2017-10,48,นครพนม,0
2560,2017,10,ต.ค.,2017-10,49,มุกดาหาร,1
2560,2017,10,ต.ค.,2017-10,50,เชียงใหม่,1
2560,2017,10,ต.ค.,2017-10,51,ลำพูน,0
2560,2017,10,ต.ค.,2017-10,52,ลำปาง,0
2560,2017,10,ต.ค.,2017-10,53,อุตรดิตถ์,1
2560,2017,10,ต.ค.,2017-10,54,แพร่,0
2560,2017,10,ต.ค.,2017-10,55,น่าน,1
2560,2017,10,ต.ค.,2017-10,56,พะเยา,0
2560,2017,10,ต.ค.,2017-10,57,เชียงราย,0
2560,2017,10,ต.ค.,2017-10,58,แม่ฮ่องสอน,24
2560,2017,10,ต.ค.,2017-10,60,นครสวรรค์,0
2560,2017,10,ต.ค.,2017-10,61,อุทัยธานี,2
2560,2017,10,ต.ค.,2017-10,62,กำแพงเพชร,1
2560,2017,10,ต.ค.,2017-10,63,ตาก,206
2560,2017,10,ต.ค.,2017-10,64,สุโขทัย,0
2560,2017,10,ต.ค.,2017-10,65,พิษณุโลก,0
2560,2017,10,ต.ค.,2017-10,66,พิจิตร,1
2560,2017,10,ต.ค.,2017-10,67,เพชรบูรณ์,0
2560,2017,10,ต.ค.,2017-10,70,ราชบุรี,3
2560,2017,10,ต.ค.,2017-10,71,กาญจนบุรี,26
2560,2017,10,ต.ค.,2017-10,72,สุพรรณบุรี,0
2560,2017,10,ต.ค.,2017-10,73,นครปฐม,0
2560,2017,10,ต.ค.,2017-10,74,สมุทรสาคร,0
2560,2017,10,ต.ค.,2017-10,75,สมุทรสงคราม,1
2560,2017,10,ต.ค.,2017-10,76,เพชรบุรี,4
2560,2017,10,ต.ค.,2017-10,77,ประจวบคีรีขันธ์,3
2560,2017,10,ต.ค.,2017-10,80,นครศรีธรรมราช,0
2560,2017,10,ต.ค.,2017-10,81,กระบี่,1
2560,2017,10,ต.ค.,2017-10,82,พังงา,4
2560,2017,10,ต.ค.,2017-10,83,ภูเก็ต,0
2560,2017,10,ต.ค.,2017-10,84,สุราษฎร์ธานี,12
2560,2017,10,ต.ค.,2017-10,85,ระนอง,4
2560,2017,10,ต.ค.,2017-10,86,ชุมพร,1
2560,2017,10,ต.ค.,2017-10,90,สงขลา,16
2560,2017,10,ต.ค.,2017-10,91,สตูล,0
2560,2017,10,ต.ค.,2017-10,92,ตรัง,0
2560,2017,10,ต.ค.,2017-10,93,พัทลุง,1
2560,2017,10,ต.ค.,2017-10,94,ปัตตานี,0
2560,2017,10,ต.ค.,2017-10,95,ยะลา,141
2560,2017,10,ต.ค.,2017-10,96,นราธิวาส,25
2560,2017,11,พ.ย.,2017-11,10,กรุงเทพฯ,2
2560,2017,11,พ.ย.,2017-11,11,สมุทรปราการ,1
2560,2017,11,พ.ย.,2017-11,12,นนทบุรี,0
2560,2017,11,พ.ย.,2017-11,13,ปทุมธานี,0
2560,2017,11,พ.ย.,2017-11,14,พระนครศรีอยุธยา,0
2560,2017,11,พ.ย.,2017-11,15,อ่างทอง,0
2560,2017,11,พ.ย.,2017-11,16,ลพบุรี,0
2560,2017,11,พ.ย.,2017-11,17,สิงห์บุรี,0
2560,2017,11,พ.ย.,2017-11,18,ชัยนาท,0
2560,2017,11,พ.ย.,2017-11,19,สระบุรี,0
2560,2017,11,พ.ย.,2017-11,20,ชลบุรี,0
2560,2017,11,พ.ย.,2017-11,21,ระยอง,2
2560,2017,11,พ.ย.,2017-11,22,จันทบุรี,13
2560,2017,11,พ.ย.,2017-11,23,ตราด,10
2560,2017,11,พ.ย.,2017-11,24,ฉะเชิงเทรา,14
2560,2017,11,พ.ย.,2017-11,25,ปราจีนบุรี,5
2560,2017,11,พ.ย.,2017-11,26,นครนายก,0
2560,2017,11,พ.ย.,2017-11,27,สระแก้ว,20
2560,2017,11,พ.ย.,2017-11,30,นครราชสีมา,2
2560,2017,11,พ.ย.,2017-11,31,บุรีรัมย์,0
2560,2017,11,พ.ย.,2017-11,32,สุรินทร์,4
2560,2017,11,พ.ย.,2017-11,33,ศรีสะเกษ,72
2560,2017,11,พ.ย.,2017-11,34,อุบลราชธานี,20
2560,2017,11,พ.ย.,2017-11,35,ยโสธร,2
2560,2017,11,พ.ย.,2017-11,36,ชัยภูมิ,0
2560,2017,11,พ.ย.,2017-11,37,อำนาจเจริญ,0
2560,2017,11,พ.ย.,2017-11,38,บึงกาฬ,0
2560,2017,11,พ.ย.,2017-11,39,หนองบัวลำภู,0
2560,2017,11,พ.ย.,2017-11,40,ขอนแก่น,1
2560,2017,11,พ.ย.,2017-11,41,อุดรธานี,2
2560,2017,11,พ.ย.,2017-11,42,เลย,0
2560,2017,11,พ.ย.,2017-11,43,หนองคาย,0
2560,2017,11,พ.ย.,2017-11,44,มหาสารคาม,1
2560,2017,11,พ.ย.,2017-11,45,ร้อยเอ็ด,0
2560,2017,11,พ.ย.,2017-11,46,กาฬสินธุ์,0
2560,2017,11,พ.ย.,2017-11,47,สกลนคร,1
2560,2017,11,พ.ย.,2017-11,48,นครพนม,0
2560,2017,11,พ.ย.,2017-11,49,มุกดาหาร,0
2560,2017,11,พ.ย.,2017-11,50,เชียงใหม่,1
2560,2017,11,พ.ย.,2017-11,51,ลำพูน,0
2560,2017,11,พ.ย.,2017-11,52,ลำปาง,0
2560,2017,11,พ.ย.,2017-11,53,อุตรดิตถ์,0
2560,2017,11,พ.ย.,2017-11,54,แพร่,0
2560,2017,11,พ.ย.,2017-11,55,น่าน,1
2560,2017,11,พ.ย.,2017-11,56,พะเยา,0
2560,2017,11,พ.ย.,2017-11,57,เชียงราย,1
2560,2017,11,พ.ย.,2017-11,58,แม่ฮ่องสอน,30
2560,2017,11,พ.ย.,2017-11,60,นครสวรรค์,2
2560,2017,11,พ.ย.,2017-11,61,อุทัยธานี,0
2560,2017,11,พ.ย.,2017-11,62,กำแพงเพชร,0
2560,2017,11,พ.ย.,2017-11,63,ตาก,277
2560,2017,11,พ.ย.,2017-11,64,สุโขทัย,0
2560,2017,11,พ.ย.,2017-11,65,พิษณุโลก,1
2560,2017,11,พ.ย.,2017-11,66,พิจิตร,0
2560,2017,11,พ.ย.,2017-11,67,เพชรบูรณ์,0
2560,2017,11,พ.ย.,2017-11,70,ราชบุรี,2
2560,2017,11,พ.ย.,2017-11,71,กาญจนบุรี,11
2560,2017,11,พ.ย.,2017-11,72,สุพรรณบุรี,0
2560,2017,11,พ.ย.,2017-11,73,นครปฐม,0
2560,2017,11,พ.ย.,2017-11,74,สมุทรสาคร,0
2560,2017,11,พ.ย.,2017-11,75,สมุทรสงคราม,0
2560,2017,11,พ.ย.,2017-11,76,เพชรบุรี,1
2560,2017,11,พ.ย.,2017-11,77,ประจวบคีรีขันธ์,2
2560,2017,11,พ.ย.,2017-11,80,นครศรีธรรมราช,0
2560,2017,11,พ.ย.,2017-11,81,กระบี่,0
2560,2017,11,พ.ย.,2017-11,82,พังงา,1
2560,2017,11,พ.ย.,2017-11,83,ภูเก็ต,0
2560,2017,11,พ.ย.,2017-11,84,สุราษฎร์ธานี,0
2560,2017,11,พ.ย.,2017-11,85,ระนอง,9
2560,2017,11,พ.ย.,2017-11,86,ชุมพร,2
2560,2017,11,พ.ย.,2017-11,90,สงขลา,7
2560,2017,11,พ.ย.,2017-11,91,สตูล,0
2560,2017,11,พ.ย.,2017-11,92,ตรัง,0
2560,2017,11,พ.ย.,2017-11,93,พัทลุง,0
2560,2017,11,พ.ย.,2017-11,94,ปัตตานี,4
2560,2017,11,พ.ย.,2017-11,95,ยะลา,125
2560,2017,11,พ.ย.,2017-11,96,นราธิวาส,14
2560,2017,12,ธ.ค.,2017-12,10,กรุงเทพฯ,2
2560,2017,12,ธ.ค.,2017-12,11,สมุทรปราการ,2
2560,2017,12,ธ.ค.,2017-12,12,นนทบุรี,0
2560,2017,12,ธ.ค.,2017-12,13,ปทุมธานี,0
2560,2017,12,ธ.ค.,2017-12,14,พระนครศรีอยุธยา,0
2560,2017,12,ธ.ค.,2017-12,15,อ่างทอง,0
2560,2017,12,ธ.ค.,2017-12,16,ลพบุรี,0
2560,2017,12,ธ.ค.,2017-12,17,สิงห์บุรี,0
2560,2017,12,ธ.ค.,2017-12,18,ชัยนาท,0
2560,2017,12,ธ.ค.,2017-12,19,สระบุรี,0
2560,2017,12,ธ.ค.,2017-12,20,ชลบุรี,3
2560,2017,12,ธ.ค.,2017-12,21,ระยอง,5
2560,2017,12,ธ.ค.,2017-12,22,จันทบุรี,9
2560,2017,12,ธ.ค.,2017-12,23,ตราด,3
2560,2017,12,ธ.ค.,2017-12,24,ฉะเชิงเทรา,17
2560,2017,12,ธ.ค.,2017-12,25,ปราจีนบุรี,3
2560,2017,12,ธ.ค.,2017-12,26,นครนายก,0
2560,2017,12,ธ.ค.,2017-12,27,สระแก้ว,12
2560,2017,12,ธ.ค.,2017-12,30,นครราชสีมา,3
2560,2017,12,ธ.ค.,2017-12,31,บุรีรัมย์,0
2560,2017,12,ธ.ค.,2017-12,32,สุรินทร์,1
2560,2017,12,ธ.ค.,2017-12,33,ศรีสะเกษ,70
2560,2017,12,ธ.ค.,2017-12,34,อุบลราชธานี,33
2560,2017,12,ธ.ค.,2017-12,35,ยโสธร,1
2560,2017,12,ธ.ค.,2017-12,36,ชัยภูมิ,0
2560,2017,12,ธ.ค.,2017-12,37,อำนาจเจริญ,0
2560,2017,12,ธ.ค.,2017-12,38,บึงกาฬ,0
2560,2017,12,ธ.ค.,2017-12,39,หนองบัวลำภู,0
2560,2017,12,ธ.ค.,2017-12,40,ขอนแก่น,0
2560,2017,12,ธ.ค.,2017-12,41,อุดรธานี,0
2560,2017,12,ธ.ค.,2017-12,42,เลย,0
2560,2017,12,ธ.ค.,2017-12,43,หนองคาย,0
2560,2017,12,ธ.ค.,2017-12,44,มหาสารคาม,0
2560,2017,12,ธ.ค.,2017-12,45,ร้อยเอ็ด,0
2560,2017,12,ธ.ค.,2017-12,46,กาฬสินธุ์,1
2560,2017,12,ธ.ค.,2017-12,47,สกลนคร,0
2560,2017,12,ธ.ค.,2017-12,48,นครพนม,1
2560,2017,12,ธ.ค.,2017-12,49,มุกดาหาร,0
2560,2017,12,ธ.ค.,2017-12,50,เชียงใหม่,2
2560,2017,12,ธ.ค.,2017-12,51,ลำพูน,0
2560,2017,12,ธ.ค.,2017-12,52,ลำปาง,0
2560,2017,12,ธ.ค.,2017-12,53,อุตรดิตถ์,0
2560,2017,12,ธ.ค.,2017-12,54,แพร่,0
2560,2017,12,ธ.ค.,2017-12,55,น่าน,0
2560,2017,12,ธ.ค.,2017-12,56,พะเยา,0
2560,2017,12,ธ.ค.,2017-12,57,เชียงราย,0
2560,2017,12,ธ.ค.,2017-12,58,แม่ฮ่องสอน,46
2560,2017,12,ธ.ค.,2017-12,60,นครสวรรค์,0
2560,2017,12,ธ.ค.,2017-12,61,อุทัยธานี,0
2560,2017,12,ธ.ค.,2017-12,62,กำแพงเพชร,0
2560,2017,12,ธ.ค.,2017-12,63,ตาก,331
2560,2017,12,ธ.ค.,2017-12,64,สุโขทัย,0
2560,2017,12,ธ.ค.,2017-12,65,พิษณุโลก,0
2560,2017,12,ธ.ค.,2017-12,66,พิจิตร,0
2560,2017,12,ธ.ค.,2017-12,67,เพชรบูรณ์,0
2560,2017,12,ธ.ค.,2017-12,70,ราชบุรี,0
2560,2017,12,ธ.ค.,2017-12,71,กาญจนบุรี,7
2560,2017,12,ธ.ค.,2017-12,72,สุพรรณบุรี,0
2560,2017,12,ธ.ค.,2017-12,73,นครปฐม,1
2560,2017,12,ธ.ค.,2017-12,74,สมุทรสาคร,0
2560,2017,12,ธ.ค.,2017-12,75,สมุทรสงคราม,0
2560,2017,12,ธ.ค.,2017-12,76,เพชรบุรี,2
2560,2017,12,ธ.ค.,2017-12,77,ประจวบคีรีขันธ์,0
2560,2017,12,ธ.ค.,2017-12,80,นครศรีธรรมราช,0
2560,2017,12,ธ.ค.,2017-12,81,กระบี่,0
2560,2017,12,ธ.ค.,2017-12,82,พังงา,0
2560,2017,12,ธ.ค.,2017-12,83,ภูเก็ต,0
2560,2017,12,ธ.ค.,2017-12,84,สุราษฎร์ธานี,0
2560,2017,12,ธ.ค.,2017-12,85,ระนอง,1
2560,2017,12,ธ.ค.,2017-12,86,ชุมพร,8
2560,2017,12,ธ.ค.,2017-12,90,สงขลา,2
2560,2017,12,ธ.ค.,2017-12,91,สตูล,0
2560,2017,12,ธ.ค.,2017-12,92,ตรัง,0
2560,2017,12,ธ.ค.,2017-12,93,พัทลุง,0
2560,2017,12,ธ.ค.,2017-12,94,ปัตตานี,2
2560,2017,12,ธ.ค.,2017-12,95,ยะลา,152
2560,2017,12,ธ.ค.,2017-12,96,นราธิวาส,8
2561,2018,1,ม.ค.,2018-01,10,กรุงเทพฯ,2
2561,2018,1,ม.ค.,2018-01,11,สมุทรปราการ,1
2561,2018,1,ม.ค.,2018-01,12,นนทบุรี,0
2561,2018,1,ม.ค.,2018-01,13,ปทุมธานี,0
2561,2018,1,ม.ค.,2018-01,14,พระนครศรีอยุธยา,0
2561,2018,1,ม.ค.,2018-01,15,อ่างทอง,0
2561,2018,1,ม.ค.,2018-01,16,ลพบุรี,0
2561,2018,1,ม.ค.,2018-01,17,สิงห์บุรี,0
2561,2018,1,ม.ค.,2018-01,18,ชัยนาท,0
2561,2018,1,ม.ค.,2018-01,19,สระบุรี,0
2561,2018,1,ม.ค.,2018-01,20,ชลบุรี,1
2561,2018,1,ม.ค.,2018-01,21,ระยอง,5
2561,2018,1,ม.ค.,2018-01,22,จันทบุรี,12
2561,2018,1,ม.ค.,2018-01,23,ตราด,4
2561,2018,1,ม.ค.,2018-01,24,ฉะเชิงเทรา,11
2561,2018,1,ม.ค.,2018-01,25,ปราจีนบุรี,4
2561,2018,1,ม.ค.,2018-01,26,นครนายก,0
2561,2018,1,ม.ค.,2018-01,27,สระแก้ว,13
2561,2018,1,ม.ค.,2018-01,30,นครราชสีมา,5
2561,2018,1,ม.ค.,2018-01,31,บุรีรัมย์,0
2561,2018,1,ม.ค.,2018-01,32,สุรินทร์,4
2561,2018,1,ม.ค.,2018-01,33,ศรีสะเกษ,42
2561,2018,1,ม.ค.,2018-01,34,อุบลราชธานี,51
2561,2018,1,ม.ค.,2018-01,35,ยโสธร,2
2561,2018,1,ม.ค.,2018-01,36,ชัยภูมิ,0
2561,2018,1,ม.ค.,2018-01,37,อำนาจเจริญ,0
2561,2018,1,ม.ค.,2018-01,38,บึงกาฬ,0
2561,2018,1,ม.ค.,2018-01,39,หนองบัวลำภู,0
2561,2018,1,ม.ค.,2018-01,40,ขอนแก่น,0
2561,2018,1,ม.ค.,2018-01,41,อุดรธานี,0
2561,2018,1,ม.ค.,2018-01,42,เลย,1
2561,2018,1,ม.ค.,2018-01,43,หนองคาย,0
2561,2018,1,ม.ค.,2018-01,44,มหาสารคาม,0
2561,2018,1,ม.ค.,2018-01,45,ร้อยเอ็ด,0
2561,2018,1,ม.ค.,2018-01,46,กาฬสินธุ์,0
2561,2018,1,ม.ค.,2018-01,47,สกลนคร,0
2561,2018,1,ม.ค.,2018-01,48,นครพนม,0
2561,2018,1,ม.ค.,2018-01,49,มุกดาหาร,0
2561,2018,1,ม.ค.,2018-01,50,เชียงใหม่,1
2561,2018,1,ม.ค.,2018-01,51,ลำพูน,0
2561,2018,1,ม.ค.,2018-01,52,ลำปาง,0
2561,2018,1,ม.ค.,2018-01,53,อุตรดิตถ์,0
2561,2018,1,ม.ค.,2018-01,54,แพร่,0
2561,2018,1,ม.ค.,2018-01,55,น่าน,1
2561,2018,1,ม.ค.,2018-01,56,พะเยา,0
2561,2018,1,ม.ค.,2018-01,57,เชียงราย,1
2561,2018,1,ม.ค.,2018-01,58,แม่ฮ่องสอน,23
2561,2018,1,ม.ค.,2018-01,60,นครสวรรค์,0
2561,2018,1,ม.ค.,2018-01,61,อุทัยธานี,0
2561,2018,1,ม.ค.,2018-01,62,กำแพงเพชร,0
2561,2018,1,ม.ค.,2018-01,63,ตาก,145
2561,2018,1,ม.ค.,2018-01,64,สุโขทัย,2
2561,2018,1,ม.ค.,2018-01,65,พิษณุโลก,0
2561,2018,1,ม.ค.,2018-01,66,พิจิตร,0
2561,2018,1,ม.ค.,2018-01,67,เพชรบูรณ์,0
2561,2018,1,ม.ค.,2018-01,70,ราชบุรี,5
2561,2018,1,ม.ค.,2018-01,71,กาญจนบุรี,10
2561,2018,1,ม.ค.,2018-01,72,สุพรรณบุรี,0
2561,2018,1,ม.ค.,2018-01,73,นครปฐม,0
2561,2018,1,ม.ค.,2018-01,74,สมุทรสาคร,0
2561,2018,1,ม.ค.,2018-01,75,สมุทรสงคราม,0
2561,2018,1,ม.ค.,2018-01,76,เพชรบุรี,3
2561,2018,1,ม.ค.,2018-01,77,ประจวบคีรีขันธ์,3
2561,2018,1,ม.ค.,2018-01,80,นครศรีธรรมราช,0
2561,2018,1,ม.ค.,2018-01,81,กระบี่,0
2561,2018,1,ม.ค.,2018-01,82,พังงา,2
2561,2018,1,ม.ค.,2018-01,83,ภูเก็ต,0
2561,2018,1,ม.ค.,2018-01,84,สุราษฎร์ธานี,3
2561,2018,1,ม.ค.,2018-01,85,ระนอง,5
2561,2018,1,ม.ค.,2018-01,86,ชุมพร,3
2561,2018,1,ม.ค.,2018-01,90,สงขลา,8
2561,2018,1,ม.ค.,2018-01,91,สตูล,0
2561,2018,1,ม.ค.,2018-01,92,ตรัง,2
2561,2018,1,ม.ค.,2018-01,93,พัทลุง,0
2561,2018,1,ม.ค.,2018-01,94,ปัตตานี,1
2561,2018,1,ม.ค.,2018-01,95,ยะลา,93
2561,2018,1,ม.ค.,2018-01,96,นราธิวาส,5
2561,2018,2,ก.พ.,2018-02,10,กรุงเทพฯ,1
2561,2018,2,ก.พ.,2018-02,11,สมุทรปราการ,1
2561,2018,2,ก.พ.,2018-02,12,นนทบุรี,0
2561,2018,2,ก.พ.,2018-02,13,ปทุมธานี,0
2561,2018,2,ก.พ.,2018-02,14,พระนครศรีอยุธยา,0
2561,2018,2,ก.พ.,2018-02,15,อ่างทอง,0
2561,2018,2,ก.พ.,2018-02,16,ลพบุรี,0
2561,2018,2,ก.พ.,2018-02,17,สิงห์บุรี,0
2561,2018,2,ก.พ.,2018-02,18,ชัยนาท,0
2561,2018,2,ก.พ.,2018-02,19,สระบุรี,0
2561,2018,2,ก.พ.,2018-02,20,ชลบุรี,2
2561,2018,2,ก.พ.,2018-02,21,ระยอง,0
2561,2018,2,ก.พ.,2018-02,22,จันทบุรี,4
2561,2018,2,ก.พ.,2018-02,23,ตราด,2
2561,2018,2,ก.พ.,2018-02,24,ฉะเชิงเทรา,2
2561,2018,2,ก.พ.,2018-02,25,ปราจีนบุรี,5
2561,2018,2,ก.พ.,2018-02,26,นครนายก,0
2561,2018,2,ก.พ.,2018-02,27,สระแก้ว,15
2561,2018,2,ก.พ.,2018-02,30,นครราชสีมา,2
2561,2018,2,ก.พ.,2018-02,31,บุรีรัมย์,0
2561,2018,2,ก.พ.,2018-02,32,สุรินทร์,4
2561,2018,2,ก.พ.,2018-02,33,ศรีสะเกษ,40
2561,2018,2,ก.พ.,2018-02,34,อุบลราชธานี,41
2561,2018,2,ก.พ.,2018-02,35,ยโสธร,2
2561,2018,2,ก.พ.,2018-02,36,ชัยภูมิ,0
2561,2018,2,ก.พ.,2018-02,37,อำนาจเจริญ,0
2561,2018,2,ก.พ.,2018-02,38,บึงกาฬ,0
2561,2018,2,ก.พ.,2018-02,39,หนองบัวลำภู,0
2561,2018,2,ก.พ.,2018-02,40,ขอนแก่น,0
2561,2018,2,ก.พ.,2018-02,41,อุดรธานี,0
2561,2018,2,ก.พ.,2018-02,42,เลย,0
2561,2018,2,ก.พ.,2018-02,43,หนองคาย,0
2561,2018,2,ก.พ.,2018-02,44,มหาสารคาม,0
2561,2018,2,ก.พ.,2018-02,45,ร้อยเอ็ด,0
2561,2018,2,ก.พ.,2018-02,46,กาฬสินธุ์,2
2561,2018,2,ก.พ.,2018-02,47,สกลนคร,1
2561,2018,2,ก.พ.,2018-02,48,นครพนม,1
2561,2018,2,ก.พ.,2018-02,49,มุกดาหาร,0
2561,2018,2,ก.พ.,2018-02,50,เชียงใหม่,1
2561,2018,2,ก.พ.,2018-02,51,ลำพูน,0
2561,2018,2,ก.พ.,2018-02,52,ลำปาง,0
2561,2018,2,ก.พ.,2018-02,53,อุตรดิตถ์,0
2561,2018,2,ก.พ.,2018-02,54,แพร่,0
2561,2018,2,ก.พ.,2018-02,55,น่าน,0
2561,2018,2,ก.พ.,2018-02,56,พะเยา,0
2561,2018,2,ก.พ.,2018-02,57,เชียงราย,2
2561,2018,2,ก.พ.,2018-02,58,แม่ฮ่องสอน,12
2561,2018,2,ก.พ.,2018-02,60,นครสวรรค์,0
2561,2018,2,ก.พ.,2018-02,61,อุทัยธานี,0
2561,2018,2,ก.พ.,2018-02,62,กำแพงเพชร,0
2561,2018,2,ก.พ.,2018-02,63,ตาก,127
2561,2018,2,ก.พ.,2018-02,64,สุโขทัย,0
2561,2018,2,ก.พ.,2018-02,65,พิษณุโลก,0
2561,2018,2,ก.พ.,2018-02,66,พิจิตร,0
2561,2018,2,ก.พ.,2018-02,67,เพชรบูรณ์,1
2561,2018,2,ก.พ.,2018-02,70,ราชบุรี,6
2561,2018,2,ก.พ.,2018-02,71,กาญจนบุรี,13
2561,2018,2,ก.พ.,2018-02,72,สุพรรณบุรี,0
2561,2018,2,ก.พ.,2018-02,73,นครปฐม,1
2561,2018,2,ก.พ.,2018-02,74,สมุทรสาคร,0
2561,2018,2,ก.พ.,2018-02,75,สมุทรสงคราม,0
2561,2018,2,ก.พ.,2018-02,76,เพชรบุรี,1
2561,2018,2,ก.พ.,2018-02,77,ประจวบคีรีขันธ์,1
2561,2018,2,ก.พ.,2018-02,80,นครศรีธรรมราช,0
2561,2018,2,ก.พ.,2018-02,81,กระบี่,0
2561,2018,2,ก.พ.,2018-02,82,พังงา,2
2561,2018,2,ก.พ.,2018-02,83,ภูเก็ต,0
2561,2018,2,ก.พ.,2018-02,84,สุราษฎร์ธานี,6
2561,2018,2,ก.พ.,2018-02,85,ระนอง,2
2561,2018,2,ก.พ.,2018-02,86,ชุมพร,6
2561,2018,2,ก.พ.,2018-02,90,สงขลา,5
2561,2018,2,ก.พ.,2018-02,91,สตูล,0
2561,2018,2,ก.พ.,2018-02,92,ตรัง,0
2561,2018,2,ก.พ.,2018-02,93,พัทลุง,0
2561,2018,2,ก.พ.,2018-02,94,ปัตตานี,0
2561,2018,2,ก.พ.,2018-02,95,ยะลา,79
2561,2018,2,ก.พ.,2018-02,96,นราธิวาส,7
2561,2018,3,มี.ค.,2018-03,10,กรุงเทพฯ,0
2561,2018,3,มี.ค.,2018-03,11,สมุทรปราการ,1
2561,2018,3,มี.ค.,2018-03,12,นนทบุรี,0
2561,2018,3,มี.ค.,2018-03,13,ปทุมธานี,0
2561,2018,3,มี.ค.,2018-03,14,พระนครศรีอยุธยา,1
2561,2018,3,มี.ค.,2018-03,15,อ่างทอง,0
2561,2018,3,มี.ค.,2018-03,16,ลพบุรี,0
2561,2018,3,มี.ค.,2018-03,17,สิงห์บุรี,0
2561,2018,3,มี.ค.,2018-03,18,ชัยนาท,0
2561,2018,3,มี.ค.,2018-03,19,สระบุรี,0
2561,2018,3,มี.ค.,2018-03,20,ชลบุรี,2
2561,2018,3,มี.ค.,2018-03,21,ระยอง,0
2561,2018,3,มี.ค.,2018-03,22,จันทบุรี,9
2561,2018,3,มี.ค.,2018-03,23,ตราด,6
2561,2018,3,มี.ค.,2018-03,24,ฉะเชิงเทรา,1
2561,2018,3,มี.ค.,2018-03,25,ปราจีนบุรี,3
2561,2018,3,มี.ค.,2018-03,26,นครนายก,0
2561,2018,3,มี.ค.,2018-03,27,สระแก้ว,2
2561,2018,3,มี.ค.,2018-03,30,นครราชสีมา,0
2561,2018,3,มี.ค.,2018-03,31,บุรีรัมย์,0
2561,2018,3,มี.ค.,2018-03,32,สุรินทร์,2
2561,2018,3,มี.ค.,2018-03,33,ศรีสะเกษ,41
2561,2018,3,มี.ค.,2018-03,34,อุบลราชธานี,32
2561,2018,3,มี.ค.,2018-03,35,ยโสธร,0
2561,2018,3,มี.ค.,2018-03,36,ชัยภูมิ,0
2561,2018,3,มี.ค.,2018-03,37,อำนาจเจริญ,0
2561,2018,3,มี.ค.,2018-03,38,บึงกาฬ,0
2561,2018,3,มี.ค.,2018-03,39,หนองบัวลำภู,0
2561,2018,3,มี.ค.,2018-03,40,ขอนแก่น,0
2561,2018,3,มี.ค.,2018-03,41,อุดรธานี,0
2561,2018,3,มี.ค.,2018-03,42,เลย,0
2561,2018,3,มี.ค.,2018-03,43,หนองคาย,0
2561,2018,3,มี.ค.,2018-03,44,มหาสารคาม,0
2561,2018,3,มี.ค.,2018-03,45,ร้อยเอ็ด,0
2561,2018,3,มี.ค.,2018-03,46,กาฬสินธุ์,1
2561,2018,3,มี.ค.,2018-03,47,สกลนคร,0
2561,2018,3,มี.ค.,2018-03,48,นครพนม,0
2561,2018,3,มี.ค.,2018-03,49,มุกดาหาร,0
2561,2018,3,มี.ค.,2018-03,50,เชียงใหม่,0
2561,2018,3,มี.ค.,2018-03,51,ลำพูน,0
2561,2018,3,มี.ค.,2018-03,52,ลำปาง,0
2561,2018,3,มี.ค.,2018-03,53,อุตรดิตถ์,0
2561,2018,3,มี.ค.,2018-03,54,แพร่,0
2561,2018,3,มี.ค.,2018-03,55,น่าน,0
2561,2018,3,มี.ค.,2018-03,56,พะเยา,0
2561,2018,3,มี.ค.,2018-03,57,เชียงราย,3
2561,2018,3,มี.ค.,2018-03,58,แม่ฮ่องสอน,21
2561,2018,3,มี.ค.,2018-03,60,นครสวรรค์,0
2561,2018,3,มี.ค.,2018-03,61,อุทัยธานี,0
2561,2018,3,มี.ค.,2018-03,62,กำแพงเพชร,0
2561,2018,3,มี.ค.,2018-03,63,ตาก,82
2561,2018,3,มี.ค.,2018-03,64,สุโขทัย,2
2561,2018,3,มี.ค.,2018-03,65,พิษณุโลก,0
2561,2018,3,มี.ค.,2018-03,66,พิจิตร,0
2561,2018,3,มี.ค.,2018-03,67,เพชรบูรณ์,0
2561,2018,3,มี.ค.,2018-03,70,ราชบุรี,8
2561,2018,3,มี.ค.,2018-03,71,กาญจนบุรี,13
2561,2018,3,มี.ค.,2018-03,72,สุพรรณบุรี,0
2561,2018,3,มี.ค.,2018-03,73,นครปฐม,1
2561,2018,3,มี.ค.,2018-03,74,สมุทรสาคร,0
2561,2018,3,มี.ค.,2018-03,75,สมุทรสงคราม,0
2561,2018,3,มี.ค.,2018-03,76,เพชรบุรี,4
2561,2018,3,มี.ค.,2018-03,77,ประจวบคีรีขันธ์,6
2561,2018,3,มี.ค.,2018-03,80,นครศรีธรรมราช,1
2561,2018,3,มี.ค.,2018-03,81,กระบี่,0
2561,2018,3,มี.ค.,2018-03,82,พังงา,0
2561,2018,3,มี.ค.,2018-03,83,ภูเก็ต,0
2561,2018,3,มี.ค.,2018-03,84,สุราษฎร์ธานี,1
2561,2018,3,มี.ค.,2018-03,85,ระนอง,0
2561,2018,3,มี.ค.,2018-03,86,ชุมพร,2
2561,2018,3,มี.ค.,2018-03,90,สงขลา,3
2561,2018,3,มี.ค.,2018-03,91,สตูล,0
2561,2018,3,มี.ค.,2018-03,92,ตรัง,0
2561,2018,3,มี.ค.,2018-03,93,พัทลุง,0
2561,2018,3,มี.ค.,2018-03,94,ปัตตานี,1
2561,2018,3,มี.ค.,2018-03,95,ยะลา,63
2561,2018,3,มี.ค.,2018-03,96,นราธิวาส,2
2561,2018,4,เม.ย.,2018-04,10,กรุงเทพฯ,0
2561,2018,4,เม.ย.,2018-04,11,สมุทรปราการ,0
2561,2018,4,เม.ย.,2018-04,12,นนทบุรี,0
2561,2018,4,เม.ย.,2018-04,13,ปทุมธานี,0
2561,2018,4,เม.ย.,2018-04,14,พระนครศรีอยุธยา,0
2561,2018,4,เม.ย.,2018-04,15,อ่างทอง,0
2561,2018,4,เม.ย.,2018-04,16,ลพบุรี,0
2561,2018,4,เม.ย.,2018-04,17,สิงห์บุรี,0
2561,2018,4,เม.ย.,2018-04,18,ชัยนาท,0
2561,2018,4,เม.ย.,2018-04,19,สระบุรี,0
2561,2018,4,เม.ย.,2018-04,20,ชลบุรี,2
2561,2018,4,เม.ย.,2018-04,21,ระยอง,4
2561,2018,4,เม.ย.,2018-04,22,จันทบุรี,6
2561,2018,4,เม.ย.,2018-04,23,ตราด,3
2561,2018,4,เม.ย.,2018-04,24,ฉะเชิงเทรา,4
2561,2018,4,เม.ย.,2018-04,25,ปราจีนบุรี,3
2561,2018,4,เม.ย.,2018-04,26,นครนายก,0
2561,2018,4,เม.ย.,2018-04,27,สระแก้ว,2
2561,2018,4,เม.ย.,2018-04,30,นครราชสีมา,0
2561,2018,4,เม.ย.,2018-04,31,บุรีรัมย์,0
2561,2018,4,เม.ย.,2018-04,32,สุรินทร์,2
2561,2018,4,เม.ย.,2018-04,33,ศรีสะเกษ,53
2561,2018,4,เม.ย.,2018-04,34,อุบลราชธานี,27
2561,2018,4,เม.ย.,2018-04,35,ยโสธร,2
2561,2018,4,เม.ย.,2018-04,36,ชัยภูมิ,0
2561,2018,4,เม.ย.,2018-04,37,อำนาจเจริญ,0
2561,2018,4,เม.ย.,2018-04,38,บึงกาฬ,0
2561,2018,4,เม.ย.,2018-04,39,หนองบัวลำภู,0
2561,2018,4,เม.ย.,2018-04,40,ขอนแก่น,0
2561,2018,4,เม.ย.,2018-04,41,อุดรธานี,0
2561,2018,4,เม.ย.,2018-04,42,เลย,0
2561,2018,4,เม.ย.,2018-04,43,หนองคาย,0
2561,2018,4,เม.ย.,2018-04,44,มหาสารคาม,0
2561,2018,4,เม.ย.,2018-04,45,ร้อยเอ็ด,1
2561,2018,4,เม.ย.,2018-04,46,กาฬสินธุ์,0
2561,2018,4,เม.ย.,2018-04,47,สกลนคร,0
2561,2018,4,เม.ย.,2018-04,48,นครพนม,0
2561,2018,4,เม.ย.,2018-04,49,มุกดาหาร,0
2561,2018,4,เม.ย.,2018-04,50,เชียงใหม่,1
2561,2018,4,เม.ย.,2018-04,51,ลำพูน,0
2561,2018,4,เม.ย.,2018-04,52,ลำปาง,0
2561,2018,4,เม.ย.,2018-04,53,อุตรดิตถ์,0
2561,2018,4,เม.ย.,2018-04,54,แพร่,0
2561,2018,4,เม.ย.,2018-04,55,น่าน,0
2561,2018,4,เม.ย.,2018-04,56,พะเยา,0
2561,2018,4,เม.ย.,2018-04,57,เชียงราย,1
2561,2018,4,เม.ย.,2018-04,58,แม่ฮ่องสอน,18
2561,2018,4,เม.ย.,2018-04,60,นครสวรรค์,1
2561,2018,4,เม.ย.,2018-04,61,อุทัยธานี,0
2561,2018,4,เม.ย.,2018-04,62,กำแพงเพชร,0
2561,2018,4,เม.ย.,2018-04,63,ตาก,111
2561,2018,4,เม.ย.,2018-04,64,สุโขทัย,0
2561,2018,4,เม.ย.,2018-04,65,พิษณุโลก,0
2561,2018,4,เม.ย.,2018-04,66,พิจิตร,0
2561,2018,4,เม.ย.,2018-04,67,เพชรบูรณ์,0
2561,2018,4,เม.ย.,2018-04,70,ราชบุรี,5
2561,2018,4,เม.ย.,2018-04,71,กาญจนบุรี,29
2561,2018,4,เม.ย.,2018-04,72,สุพรรณบุรี,0
2561,2018,4,เม.ย.,2018-04,73,นครปฐม,0
2561,2018,4,เม.ย.,2018-04,74,สมุทรสาคร,0
2561,2018,4,เม.ย.,2018-04,75,สมุทรสงคราม,0
2561,2018,4,เม.ย.,2018-04,76,เพชรบุรี,8
2561,2018,4,เม.ย.,2018-04,77,ประจวบคีรีขันธ์,6
2561,2018,4,เม.ย.,2018-04,80,นครศรีธรรมราช,0
2561,2018,4,เม.ย.,2018-04,81,กระบี่,0
2561,2018,4,เม.ย.,2018-04,82,พังงา,1
2561,2018,4,เม.ย.,2018-04,83,ภูเก็ต,0
2561,2018,4,เม.ย.,2018-04,84,สุราษฎร์ธานี,1
2561,2018,4,เม.ย.,2018-04,85,ระนอง,1
2561,2018,4,เม.ย.,2018-04,86,ชุมพร,2
2561,2018,4,เม.ย.,2018-04,90,สงขลา,13
2561,2018,4,เม.ย.,2018-04,91,สตูล,0
2561,2018,4,เม.ย.,2018-04,92,ตรัง,0
2561,2018,4,เม.ย.,2018-04,93,พัทลุง,0
2561,2018,4,เม.ย.,2018-04,94,ปัตตานี,2
2561,2018,4,เม.ย.,2018-04,95,ยะลา,124
2561,2018,4,เม.ย.,2018-04,96,นราธิวาส,9
2561,2018,5,พ.ค.,2018-05,10,กรุงเทพฯ,0
2561,2018,5,พ.ค.,2018-05,11,สมุทรปราการ,0
2561,2018,5,พ.ค.,2018-05,12,นนทบุรี,0
2561,2018,5,พ.ค.,2018-05,13,ปทุมธานี,0
2561,2018,5,พ.ค.,2018-05,14,พระนครศรีอยุธยา,0
2561,2018,5,พ.ค.,2018-05,15,อ่างทอง,0
2561,2018,5,พ.ค.,2018-05,16,ลพบุรี,0
2561,2018,5,พ.ค.,2018-05,17,สิงห์บุรี,0
2561,2018,5,พ.ค.,2018-05,18,ชัยนาท,0
2561,2018,5,พ.ค.,2018-05,19,สระบุรี,1
2561,2018,5,พ.ค.,2018-05,20,ชลบุรี,1
2561,2018,5,พ.ค.,2018-05,21,ระยอง,4
2561,2018,5,พ.ค.,2018-05,22,จันทบุรี,4
2561,2018,5,พ.ค.,2018-05,23,ตราด,5
2561,2018,5,พ.ค.,2018-05,24,ฉะเชิงเทรา,0
2561,2018,5,พ.ค.,2018-05,25,ปราจีนบุรี,3
2561,2018,5,พ.ค.,2018-05,26,นครนายก,0
2561,2018,5,พ.ค.,2018-05,27,สระแก้ว,3
2561,2018,5,พ.ค.,2018-05,30,นครราชสีมา,4
2561,2018,5,พ.ค.,2018-05,31,บุรีรัมย์,0
2561,2018,5,พ.ค.,2018-05,32,สุรินทร์,4
2561,2018,5,พ.ค.,2018-05,33,ศรีสะเกษ,82
2561,2018,5,พ.ค.,2018-05,34,อุบลราชธานี,75
2561,2018,5,พ.ค.,2018-05,35,ยโสธร,2
2561,2018,5,พ.ค.,2018-05,36,ชัยภูมิ,0
2561,2018,5,พ.ค.,2018-05,37,อำนาจเจริญ,1
2561,2018,5,พ.ค.,2018-05,38,บึงกาฬ,0
2561,2018,5,พ.ค.,2018-05,39,หนองบัวลำภู,0
2561,2018,5,พ.ค.,2018-05,40,ขอนแก่น,1
2561,2018,5,พ.ค.,2018-05,41,อุดรธานี,0
2561,2018,5,พ.ค.,2018-05,42,เลย,1
2561,2018,5,พ.ค.,2018-05,43,หนองคาย,0
2561,2018,5,พ.ค.,2018-05,44,มหาสารคาม,2
2561,2018,5,พ.ค.,2018-05,45,ร้อยเอ็ด,0
2561,2018,5,พ.ค.,2018-05,46,กาฬสินธุ์,0
2561,2018,5,พ.ค.,2018-05,47,สกลนคร,0
2561,2018,5,พ.ค.,2018-05,48,นครพนม,1
2561,2018,5,พ.ค.,2018-05,49,มุกดาหาร,0
2561,2018,5,พ.ค.,2018-05,50,เชียงใหม่,5
2561,2018,5,พ.ค.,2018-05,51,ลำพูน,1
2561,2018,5,พ.ค.,2018-05,52,ลำปาง,0
2561,2018,5,พ.ค.,2018-05,53,อุตรดิตถ์,0
2561,2018,5,พ.ค.,2018-05,54,แพร่,0
2561,2018,5,พ.ค.,2018-05,55,น่าน,0
2561,2018,5,พ.ค.,2018-05,56,พะเยา,0
2561,2018,5,พ.ค.,2018-05,57,เชียงราย,1
2561,2018,5,พ.ค.,2018-05,58,แม่ฮ่องสอน,33
2561,2018,5,พ.ค.,2018-05,60,นครสวรรค์,1
2561,2018,5,พ.ค.,2018-05,61,อุทัยธานี,3
2561,2018,5,พ.ค.,2018-05,62,กำแพงเพชร,0
2561,2018,5,พ.ค.,2018-05,63,ตาก,202
2561,2018,5,พ.ค.,2018-05,64,สุโขทัย,0
2561,2018,5,พ.ค.,2018-05,65,พิษณุโลก,1
2561,2018,5,พ.ค.,2018-05,66,พิจิตร,0
2561,2018,5,พ.ค.,2018-05,67,เพชรบูรณ์,0
2561,2018,5,พ.ค.,2018-05,70,ราชบุรี,26
2561,2018,5,พ.ค.,2018-05,71,กาญจนบุรี,42
2561,2018,5,พ.ค.,2018-05,72,สุพรรณบุรี,3
2561,2018,5,พ.ค.,2018-05,73,นครปฐม,0
2561,2018,5,พ.ค.,2018-05,74,สมุทรสาคร,0
2561,2018,5,พ.ค.,2018-05,75,สมุทรสงคราม,0
2561,2018,5,พ.ค.,2018-05,76,เพชรบุรี,21
2561,2018,5,พ.ค.,2018-05,77,ประจวบคีรีขันธ์,29
2561,2018,5,พ.ค.,2018-05,80,นครศรีธรรมราช,3
2561,2018,5,พ.ค.,2018-05,81,กระบี่,0
2561,2018,5,พ.ค.,2018-05,82,พังงา,1
2561,2018,5,พ.ค.,2018-05,83,ภูเก็ต,0
2561,2018,5,พ.ค.,2018-05,84,สุราษฎร์ธานี,8
2561,2018,5,พ.ค.,2018-05,85,ระนอง,9
2561,2018,5,พ.ค.,2018-05,86,ชุมพร,0
2561,2018,5,พ.ค.,2018-05,90,สงขลา,16
2561,2018,5,พ.ค.,2018-05,91,สตูล,0
2561,2018,5,พ.ค.,2018-05,92,ตรัง,0
2561,2018,5,พ.ค.,2018-05,93,พัทลุง,0
2561,2018,5,พ.ค.,2018-05,94,ปัตตานี,2
2561,2018,5,พ.ค.,2018-05,95,ยะลา,154
2561,2018,5,พ.ค.,2018-05,96,นราธิวาส,2
2561,2018,6,มิ.ย.,2018-06,10,กรุงเทพฯ,2
2561,2018,6,มิ.ย.,2018-06,11,สมุทรปราการ,0
2561,2018,6,มิ.ย.,2018-06,12,นนทบุรี,1
2561,2018,6,มิ.ย.,2018-06,13,ปทุมธานี,0
2561,2018,6,มิ.ย.,2018-06,14,พระนครศรีอยุธยา,0
2561,2018,6,มิ.ย.,2018-06,15,อ่างทอง,0
2561,2018,6,มิ.ย.,2018-06,16,ลพบุรี,0
2561,2018,6,มิ.ย.,2018-06,17,สิงห์บุรี,0
2561,2018,6,มิ.ย.,2018-06,18,ชัยนาท,0
2561,2018,6,มิ.ย.,2018-06,19,สระบุรี,0
2561,2018,6,มิ.ย.,2018-06,20,ชลบุรี,1
2561,2018,6,มิ.ย.,2018-06,21,ระยอง,1
2561,2018,6,มิ.ย.,2018-06,22,จันทบุรี,11
2561,2018,6,มิ.ย.,2018-06,23,ตราด,8
2561,2018,6,มิ.ย.,2018-06,24,ฉะเชิงเทรา,3
2561,2018,6,มิ.ย.,2018-06,25,ปราจีนบุรี,5
2561,2018,6,มิ.ย.,2018-06,26,นครนายก,0
2561,2018,6,มิ.ย.,2018-06,27,สระแก้ว,3
2561,2018,6,มิ.ย.,2018-06,30,นครราชสีมา,2
2561,2018,6,มิ.ย.,2018-06,31,บุรีรัมย์,0
2561,2018,6,มิ.ย.,2018-06,32,สุรินทร์,0
2561,2018,6,มิ.ย.,2018-06,33,ศรีสะเกษ,155
2561,2018,6,มิ.ย.,2018-06,34,อุบลราชธานี,54
2561,2018,6,มิ.ย.,2018-06,35,ยโสธร,7
2561,2018,6,มิ.ย.,2018-06,36,ชัยภูมิ,3
2561,2018,6,มิ.ย.,2018-06,37,อำนาจเจริญ,7
2561,2018,6,มิ.ย.,2018-06,38,บึงกาฬ,0
2561,2018,6,มิ.ย.,2018-06,39,หนองบัวลำภู,0
2561,2018,6,มิ.ย.,2018-06,40,ขอนแก่น,0
2561,2018,6,มิ.ย.,2018-06,41,อุดรธานี,0
2561,2018,6,มิ.ย.,2018-06,42,เลย,1
2561,2018,6,มิ.ย.,2018-06,43,หนองคาย,0
2561,2018,6,มิ.ย.,2018-06,44,มหาสารคาม,1
2561,2018,6,มิ.ย.,2018-06,45,ร้อยเอ็ด,3
2561,2018,6,มิ.ย.,2018-06,46,กาฬสินธุ์,0
2561,2018,6,มิ.ย.,2018-06,47,สกลนคร,0
2561,2018,6,มิ.ย.,2018-06,48,นครพนม,0
2561,2018,6,มิ.ย.,2018-06,49,มุกดาหาร,0
2561,2018,6,มิ.ย.,2018-06,50,เชียงใหม่,5
2561,2018,6,มิ.ย.,2018-06,51,ลำพูน,0
2561,2018,6,มิ.ย.,2018-06,52,ลำปาง,1
2561,2018,6,มิ.ย.,2018-06,53,อุตรดิตถ์,0
2561,2018,6,มิ.ย.,2018-06,54,แพร่,1
2561,2018,6,มิ.ย.,2018-06,55,น่าน,1
2561,2018,6,มิ.ย.,2018-06,56,พะเยา,0
2561,2018,6,มิ.ย.,2018-06,57,เชียงราย,1
2561,2018,6,มิ.ย.,2018-06,58,แม่ฮ่องสอน,79
2561,2018,6,มิ.ย.,2018-06,60,นครสวรรค์,0
2561,2018,6,มิ.ย.,2018-06,61,อุทัยธานี,10
2561,2018,6,มิ.ย.,2018-06,62,กำแพงเพชร,0
2561,2018,6,มิ.ย.,2018-06,63,ตาก,361
2561,2018,6,มิ.ย.,2018-06,64,สุโขทัย,0
2561,2018,6,มิ.ย.,2018-06,65,พิษณุโลก,0
2561,2018,6,มิ.ย.,2018-06,66,พิจิตร,0
2561,2018,6,มิ.ย.,2018-06,67,เพชรบูรณ์,0
2561,2018,6,มิ.ย.,2018-06,70,ราชบุรี,25
2561,2018,6,มิ.ย.,2018-06,71,กาญจนบุรี,73
2561,2018,6,มิ.ย.,2018-06,72,สุพรรณบุรี,1
2561,2018,6,มิ.ย.,2018-06,73,นครปฐม,0
2561,2018,6,มิ.ย.,2018-06,74,สมุทรสาคร,0
2561,2018,6,มิ.ย.,2018-06,75,สมุทรสงคราม,0
2561,2018,6,มิ.ย.,2018-06,76,เพชรบุรี,12
2561,2018,6,มิ.ย.,2018-06,77,ประจวบคีรีขันธ์,8
2561,2018,6,มิ.ย.,2018-06,80,นครศรีธรรมราช,1
2561,2018,6,มิ.ย.,2018-06,81,กระบี่,0
2561,2018,6,มิ.ย.,2018-06,82,พังงา,0
2561,2018,6,มิ.ย.,2018-06,83,ภูเก็ต,0
2561,2018,6,มิ.ย.,2018-06,84,สุราษฎร์ธานี,10
2561,2018,6,มิ.ย.,2018-06,85,ระนอง,2
2561,2018,6,มิ.ย.,2018-06,86,ชุมพร,6
2561,2018,6,มิ.ย.,2018-06,90,สงขลา,13
2561,2018,6,มิ.ย.,2018-06,91,สตูล,1
2561,2018,6,มิ.ย.,2018-06,92,ตรัง,0
2561,2018,6,มิ.ย.,2018-06,93,พัทลุง,0
2561,2018,6,มิ.ย.,2018-06,94,ปัตตานี,3
2561,2018,6,มิ.ย.,2018-06,95,ยะลา,158
2561,2018,6,มิ.ย.,2018-06,96,นราธิวาส,9
2561,2018,7,ก.ค.,2018-07,10,กรุงเทพฯ,2
2561,2018,7,ก.ค.,2018-07,11,สมุทรปราการ,0
2561,2018,7,ก.ค.,2018-07,12,นนทบุรี,0
2561,2018,7,ก.ค.,2018-07,13,ปทุมธานี,0
2561,2018,7,ก.ค.,2018-07,14,พระนครศรีอยุธยา,0
2561,2018,7,ก.ค.,2018-07,15,อ่างทอง,0
2561,2018,7,ก.ค.,2018-07,16,ลพบุรี,0
2561,2018,7,ก.ค.,2018-07,17,สิงห์บุรี,0
2561,2018,7,ก.ค.,2018-07,18,ชัยนาท,0
2561,2018,7,ก.ค.,2018-07,19,สระบุรี,1
2561,2018,7,ก.ค.,2018-07,20,ชลบุรี,0
2561,2018,7,ก.ค.,2018-07,21,ระยอง,1
2561,2018,7,ก.ค.,2018-07,22,จันทบุรี,10
2561,2018,7,ก.ค.,2018-07,23,ตราด,8
2561,2018,7,ก.ค.,2018-07,24,ฉะเชิงเทรา,5
2561,2018,7,ก.ค.,2018-07,25,ปราจีนบุรี,9
2561,2018,7,ก.ค.,2018-07,26,นครนายก,0
2561,2018,7,ก.ค.,2018-07,27,สระแก้ว,10
2561,2018,7,ก.ค.,2018-07,30,นครราชสีมา,2
2561,2018,7,ก.ค.,2018-07,31,บุรีรัมย์,0
2561,2018,7,ก.ค.,2018-07,32,สุรินทร์,1
2561,2018,7,ก.ค.,2018-07,33,ศรีสะเกษ,136
2561,2018,7,ก.ค.,2018-07,34,อุบลราชธานี,75
2561,2018,7,ก.ค.,2018-07,35,ยโสธร,3
2561,2018,7,ก.ค.,2018-07,36,ชัยภูมิ,0
2561,2018,7,ก.ค.,2018-07,37,อำนาจเจริญ,4
2561,2018,7,ก.ค.,2018-07,38,บึงกาฬ,0
2561,2018,7,ก.ค.,2018-07,39,หนองบัวลำภู,0
2561,2018,7,ก.ค.,2018-07,40,ขอนแก่น,4
2561,2018,7,ก.ค.,2018-07,41,อุดรธานี,0
2561,2018,7,ก.ค.,2018-07,42,เลย,0
2561,2018,7,ก.ค.,2018-07,43,หนองคาย,0
2561,2018,7,ก.ค.,2018-07,44,มหาสารคาม,0
2561,2018,7,ก.ค.,2018-07,45,ร้อยเอ็ด,0
2561,2018,7,ก.ค.,2018-07,46,กาฬสินธุ์,1
2561,2018,7,ก.ค.,2018-07,47,สกลนคร,1
2561,2018,7,ก.ค.,2018-07,48,นครพนม,0
2561,2018,7,ก.ค.,2018-07,49,มุกดาหาร,3
2561,2018,7,ก.ค.,2018-07,50,เชียงใหม่,4
2561,2018,7,ก.ค.,2018-07,51,ลำพูน,0
2561,2018,7,ก.ค.,2018-07,52,ลำปาง,0
2561,2018,7,ก.ค.,2018-07,53,อุตรดิตถ์,0
2561,2018,7,ก.ค.,2018-07,54,แพร่,0
2561,2018,7,ก.ค.,2018-07,55,น่าน,0
2561,2018,7,ก.ค.,2018-07,56,พะเยา,0
2561,2018,7,ก.ค.,2018-07,57,เชียงราย,1
2561,2018,7,ก.ค.,2018-07,58,แม่ฮ่องสอน,64
2561,2018,7,ก.ค.,2018-07,60,นครสวรรค์,1
2561,2018,7,ก.ค.,2018-07,61,อุทัยธานี,20
2561,2018,7,ก.ค.,2018-07,62,กำแพงเพชร,0
2561,2018,7,ก.ค.,2018-07,63,ตาก,272
2561,2018,7,ก.ค.,2018-07,64,สุโขทัย,0
2561,2018,7,ก.ค.,2018-07,65,พิษณุโลก,0
2561,2018,7,ก.ค.,2018-07,66,พิจิตร,0
2561,2018,7,ก.ค.,2018-07,67,เพชรบูรณ์,0
2561,2018,7,ก.ค.,2018-07,70,ราชบุรี,24
2561,2018,7,ก.ค.,2018-07,71,กาญจนบุรี,41
2561,2018,7,ก.ค.,2018-07,72,สุพรรณบุรี,1
2561,2018,7,ก.ค.,2018-07,73,นครปฐม,0
2561,2018,7,ก.ค.,2018-07,74,สมุทรสาคร,0
2561,2018,7,ก.ค.,2018-07,75,สมุทรสงคราม,0
2561,2018,7,ก.ค.,2018-07,76,เพชรบุรี,7
2561,2018,7,ก.ค.,2018-07,77,ประจวบคีรีขันธ์,9
2561,2018,7,ก.ค.,2018-07,80,นครศรีธรรมราช,3
2561,2018,7,ก.ค.,2018-07,81,กระบี่,0
2561,2018,7,ก.ค.,2018-07,82,พังงา,1
2561,2018,7,ก.ค.,2018-07,83,ภูเก็ต,0
2561,2018,7,ก.ค.,2018-07,84,สุราษฎร์ธานี,2
2561,2018,7,ก.ค.,2018-07,85,ระนอง,5
2561,2018,7,ก.ค.,2018-07,86,ชุมพร,2
2561,2018,7,ก.ค.,2018-07,90,สงขลา,11
2561,2018,7,ก.ค.,2018-07,91,สตูล,0
2561,2018,7,ก.ค.,2018-07,92,ตรัง,0
2561,2018,7,ก.ค.,2018-07,93,พัทลุง,0
2561,2018,7,ก.ค.,2018-07,94,ปัตตานี,6
2561,2018,7,ก.ค.,2018-07,95,ยะลา,137
2561,2018,7,ก.ค.,2018-07,96,นราธิวาส,11
2561,2018,8,ส.ค.,2018-08,10,กรุงเทพฯ,5
2561,2018,8,ส.ค.,2018-08,11,สมุทรปราการ,0
2561,2018,8,ส.ค.,2018-08,12,นนทบุรี,1
2561,2018,8,ส.ค.,2018-08,13,ปทุมธานี,0
2561,2018,8,ส.ค.,2018-08,14,พระนครศรีอยุธยา,0
2561,2018,8,ส.ค.,2018-08,15,อ่างทอง,0
2561,2018,8,ส.ค.,2018-08,16,ลพบุรี,0
2561,2018,8,ส.ค.,2018-08,17,สิงห์บุรี,0
2561,2018,8,ส.ค.,2018-08,18,ชัยนาท,0
2561,2018,8,ส.ค.,2018-08,19,สระบุรี,1
2561,2018,8,ส.ค.,2018-08,20,ชลบุรี,1
2561,2018,8,ส.ค.,2018-08,21,ระยอง,2
2561,2018,8,ส.ค.,2018-08,22,จันทบุรี,12
2561,2018,8,ส.ค.,2018-08,23,ตราด,5
2561,2018,8,ส.ค.,2018-08,24,ฉะเชิงเทรา,2
2561,2018,8,ส.ค.,2018-08,25,ปราจีนบุรี,6
2561,2018,8,ส.ค.,2018-08,26,นครนายก,0
2561,2018,8,ส.ค.,2018-08,27,สระแก้ว,4
2561,2018,8,ส.ค.,2018-08,30,นครราชสีมา,1
2561,2018,8,ส.ค.,2018-08,31,บุรีรัมย์,0
2561,2018,8,ส.ค.,2018-08,32,สุรินทร์,0
2561,2018,8,ส.ค.,2018-08,33,ศรีสะเกษ,68
2561,2018,8,ส.ค.,2018-08,34,อุบลราชธานี,41
2561,2018,8,ส.ค.,2018-08,35,ยโสธร,4
2561,2018,8,ส.ค.,2018-08,36,ชัยภูมิ,0
2561,2018,8,ส.ค.,2018-08,37,อำนาจเจริญ,0
2561,2018,8,ส.ค.,2018-08,38,บึงกาฬ,0
2561,2018,8,ส.ค.,2018-08,39,หนองบัวลำภู,0
2561,2018,8,ส.ค.,2018-08,40,ขอนแก่น,0
2561,2018,8,ส.ค.,2018-08,41,อุดรธานี,0
2561,2018,8,ส.ค.,2018-08,42,เลย,1
2561,2018,8,ส.ค.,2018-08,43,หนองคาย,0
2561,2018,8,ส.ค.,2018-08,44,มหาสารคาม,0
2561,2018,8,ส.ค.,2018-08,45,ร้อยเอ็ด,0
2561,2018,8,ส.ค.,2018-08,46,กาฬสินธุ์,1
2561,2018,8,ส.ค.,2018-08,47,สกลนคร,0
2561,2018,8,ส.ค.,2018-08,48,นครพนม,0
2561,2018,8,ส.ค.,2018-08,49,มุกดาหาร,0
2561,2018,8,ส.ค.,2018-08,50,เชียงใหม่,1
2561,2018,8,ส.ค.,2018-08,51,ลำพูน,0
2561,2018,8,ส.ค.,2018-08,52,ลำปาง,0
2561,2018,8,ส.ค.,2018-08,53,อุตรดิตถ์,0
2561,2018,8,ส.ค.,2018-08,54,แพร่,0
2561,2018,8,ส.ค.,2018-08,55,น่าน,0
2561,2018,8,ส.ค.,2018-08,56,พะเยา,0
2561,2018,8,ส.ค.,2018-08,57,เชียงราย,2
2561,2018,8,ส.ค.,2018-08,58,แม่ฮ่องสอน,36
2561,2018,8,ส.ค.,2018-08,60,นครสวรรค์,0
2561,2018,8,ส.ค.,2018-08,61,อุทัยธานี,5
2561,2018,8,ส.ค.,2018-08,62,กำแพงเพชร,1
2561,2018,8,ส.ค.,2018-08,63,ตาก,171
2561,2018,8,ส.ค.,2018-08,64,สุโขทัย,0
2561,2018,8,ส.ค.,2018-08,65,พิษณุโลก,0
2561,2018,8,ส.ค.,2018-08,66,พิจิตร,0
2561,2018,8,ส.ค.,2018-08,67,เพชรบูรณ์,0
2561,2018,8,ส.ค.,2018-08,70,ราชบุรี,11
2561,2018,8,ส.ค.,2018-08,71,กาญจนบุรี,31
2561,2018,8,ส.ค.,2018-08,72,สุพรรณบุรี,0
2561,2018,8,ส.ค.,2018-08,73,นครปฐม,0
2561,2018,8,ส.ค.,2018-08,74,สมุทรสาคร,0
2561,2018,8,ส.ค.,2018-08,75,สมุทรสงคราม,0
2561,2018,8,ส.ค.,2018-08,76,เพชรบุรี,3
2561,2018,8,ส.ค.,2018-08,77,ประจวบคีรีขันธ์,2
2561,2018,8,ส.ค.,2018-08,80,นครศรีธรรมราช,0
2561,2018,8,ส.ค.,2018-08,81,กระบี่,0
2561,2018,8,ส.ค.,2018-08,82,พังงา,1
2561,2018,8,ส.ค.,2018-08,83,ภูเก็ต,0
2561,2018,8,ส.ค.,2018-08,84,สุราษฎร์ธานี,2
2561,2018,8,ส.ค.,2018-08,85,ระนอง,1
2561,2018,8,ส.ค.,2018-08,86,ชุมพร,2
2561,2018,8,ส.ค.,2018-08,90,สงขลา,8
2561,2018,8,ส.ค.,2018-08,91,สตูล,1
2561,2018,8,ส.ค.,2018-08,92,ตรัง,0
2561,2018,8,ส.ค.,2018-08,93,พัทลุง,0
2561,2018,8,ส.ค.,2018-08,94,ปัตตานี,2
2561,2018,8,ส.ค.,2018-08,95,ยะลา,160
2561,2018,8,ส.ค.,2018-08,96,นราธิวาส,4
2561,2018,9,ก.ย.,2018-09,10,กรุงเทพฯ,1
2561,2018,9,ก.ย.,2018-09,11,สมุทรปราการ,0
2561,2018,9,ก.ย.,2018-09,12,นนทบุรี,0
2561,2018,9,ก.ย.,2018-09,13,ปทุมธานี,0
2561,2018,9,ก.ย.,2018-09,14,พระนครศรีอยุธยา,0
2561,2018,9,ก.ย.,2018-09,15,อ่างทอง,0
2561,2018,9,ก.ย.,2018-09,16,ลพบุรี,0
2561,2018,9,ก.ย.,2018-09,17,สิงห์บุรี,0
2561,2018,9,ก.ย.,2018-09,18,ชัยนาท,0
2561,2018,9,ก.ย.,2018-09,19,สระบุรี,0
2561,2018,9,ก.ย.,2018-09,20,ชลบุรี,0
2561,2018,9,ก.ย.,2018-09,21,ระยอง,1
2561,2018,9,ก.ย.,2018-09,22,จันทบุรี,10
2561,2018,9,ก.ย.,2018-09,23,ตราด,2
2561,2018,9,ก.ย.,2018-09,24,ฉะเชิงเทรา,1
2561,2018,9,ก.ย.,2018-09,25,ปราจีนบุรี,1
2561,2018,9,ก.ย.,2018-09,26,นครนายก,0
2561,2018,9,ก.ย.,2018-09,27,สระแก้ว,1
2561,2018,9,ก.ย.,2018-09,30,นครราชสีมา,2
2561,2018,9,ก.ย.,2018-09,31,บุรีรัมย์,0
2561,2018,9,ก.ย.,2018-09,32,สุรินทร์,1
2561,2018,9,ก.ย.,2018-09,33,ศรีสะเกษ,60
2561,2018,9,ก.ย.,2018-09,34,อุบลราชธานี,31
2561,2018,9,ก.ย.,2018-09,35,ยโสธร,2
2561,2018,9,ก.ย.,2018-09,36,ชัยภูมิ,0
2561,2018,9,ก.ย.,2018-09,37,อำนาจเจริญ,0
2561,2018,9,ก.ย.,2018-09,38,บึงกาฬ,0
2561,2018,9,ก.ย.,2018-09,39,หนองบัวลำภู,0
2561,2018,9,ก.ย.,2018-09,40,ขอนแก่น,0
2561,2018,9,ก.ย.,2018-09,41,อุดรธานี,1
2561,2018,9,ก.ย.,2018-09,42,เลย,0
2561,2018,9,ก.ย.,2018-09,43,หนองคาย,0
2561,2018,9,ก.ย.,2018-09,44,มหาสารคาม,1
2561,2018,9,ก.ย.,2018-09,45,ร้อยเอ็ด,0
2561,2018,9,ก.ย.,2018-09,46,กาฬสินธุ์,0
2561,2018,9,ก.ย.,2018-09,47,สกลนคร,0
2561,2018,9,ก.ย.,2018-09,48,นครพนม,0
2561,2018,9,ก.ย.,2018-09,49,มุกดาหาร,1
2561,2018,9,ก.ย.,2018-09,50,เชียงใหม่,0
2561,2018,9,ก.ย.,2018-09,51,ลำพูน,0
2561,2018,9,ก.ย.,2018-09,52,ลำปาง,1
2561,2018,9,ก.ย.,2018-09,53,อุตรดิตถ์,0
2561,2018,9,ก.ย.,2018-09,54,แพร่,0
2561,2018,9,ก.ย.,2018-09,55,น่าน,1
2561,2018,9,ก.ย.,2018-09,56,พะเยา,0
2561,2018,9,ก.ย.,2018-09,57,เชียงราย,0
2561,2018,9,ก.ย.,2018-09,58,แม่ฮ่องสอน,19
2561,2018,9,ก.ย.,2018-09,60,นครสวรรค์,1
2561,2018,9,ก.ย.,2018-09,61,อุทัยธานี,2
2561,2018,9,ก.ย.,2018-09,62,กำแพงเพชร,2
2561,2018,9,ก.ย.,2018-09,63,ตาก,121
2561,2018,9,ก.ย.,2018-09,64,สุโขทัย,0
2561,2018,9,ก.ย.,2018-09,65,พิษณุโลก,0
2561,2018,9,ก.ย.,2018-09,66,พิจิตร,0
2561,2018,9,ก.ย.,2018-09,67,เพชรบูรณ์,0
2561,2018,9,ก.ย.,2018-09,70,ราชบุรี,17
2561,2018,9,ก.ย.,2018-09,71,กาญจนบุรี,21
2561,2018,9,ก.ย.,2018-09,72,สุพรรณบุรี,0
2561,2018,9,ก.ย.,2018-09,73,นครปฐม,0
2561,2018,9,ก.ย.,2018-09,74,สมุทรสาคร,0
2561,2018,9,ก.ย.,2018-09,75,สมุทรสงคราม,0
2561,2018,9,ก.ย.,2018-09,76,เพชรบุรี,0
2561,2018,9,ก.ย.,2018-09,77,ประจวบคีรีขันธ์,6
2561,2018,9,ก.ย.,2018-09,80,นครศรีธรรมราช,1
2561,2018,9,ก.ย.,2018-09,81,กระบี่,0
2561,2018,9,ก.ย.,2018-09,82,พังงา,1
2561,2018,9,ก.ย.,2018-09,83,ภูเก็ต,0
2561,2018,9,ก.ย.,2018-09,84,สุราษฎร์ธานี,4
2561,2018,9,ก.ย.,2018-09,85,ระนอง,8
2561,2018,9,ก.ย.,2018-09,86,ชุมพร,3
2561,2018,9,ก.ย.,2018-09,90,สงขลา,8
2561,2018,9,ก.ย.,2018-09,91,สตูล,0
2561,2018,9,ก.ย.,2018-09,92,ตรัง,0
2561,2018,9,ก.ย.,2018-09,93,พัทลุง,0
2561,2018,9,ก.ย.,2018-09,94,ปัตตานี,1
2561,2018,9,ก.ย.,2018-09,95,ยะลา,187
2561,2018,9,ก.ย.,2018-09,96,นราธิวาส,2
2561,2018,10,ต.ค.,2018-10,10,กรุงเทพฯ,1
2561,2018,10,ต.ค.,2018-10,11,สมุทรปราการ,1
2561,2018,10,ต.ค.,2018-10,12,นนทบุรี,1
2561,2018,10,ต.ค.,2018-10,13,ปทุมธานี,0
2561,2018,10,ต.ค.,2018-10,14,พระนครศรีอยุธยา,0
2561,2018,10,ต.ค.,2018-10,15,อ่างทอง,0
2561,2018,10,ต.ค.,2018-10,16,ลพบุรี,0
2561,2018,10,ต.ค.,2018-10,17,สิงห์บุรี,0
2561,2018,10,ต.ค.,2018-10,18,ชัยนาท,0
2561,2018,10,ต.ค.,2018-10,19,สระบุรี,0
2561,2018,10,ต.ค.,2018-10,20,ชลบุรี,2
2561,2018,10,ต.ค.,2018-10,21,ระยอง,1
2561,2018,10,ต.ค.,2018-10,22,จันทบุรี,5
2561,2018,10,ต.ค.,2018-10,23,ตราด,2
2561,2018,10,ต.ค.,2018-10,24,ฉะเชิงเทรา,1
2561,2018,10,ต.ค.,2018-10,25,ปราจีนบุรี,5
2561,2018,10,ต.ค.,2018-10,26,นครนายก,0
2561,2018,10,ต.ค.,2018-10,27,สระแก้ว,15
2561,2018,10,ต.ค.,2018-10,30,นครราชสีมา,3
2561,2018,10,ต.ค.,2018-10,31,บุรีรัมย์,0
2561,2018,10,ต.ค.,2018-10,32,สุรินทร์,2
2561,2018,10,ต.ค.,2018-10,33,ศรีสะเกษ,87
2561,2018,10,ต.ค.,2018-10,34,อุบลราชธานี,50
2561,2018,10,ต.ค.,2018-10,35,ยโสธร,2
2561,2018,10,ต.ค.,2018-10,36,ชัยภูมิ,0
2561,2018,10,ต.ค.,2018-10,37,อำนาจเจริญ,0
2561,2018,10,ต.ค.,2018-10,38,บึงกาฬ,0
2561,2018,10,ต.ค.,2018-10,39,หนองบัวลำภู,1
2561,2018,10,ต.ค.,2018-10,40,ขอนแก่น,0
2561,2018,10,ต.ค.,2018-10,41,อุดรธานี,0
2561,2018,10,ต.ค.,2018-10,42,เลย,0
2561,2018,10,ต.ค.,2018-10,43,หนองคาย,0
2561,2018,10,ต.ค.,2018-10,44,มหาสารคาม,0
2561,2018,10,ต.ค.,2018-10,45,ร้อยเอ็ด,0
2561,2018,10,ต.ค.,2018-10,46,กาฬสินธุ์,1
2561,2018,10,ต.ค.,2018-10,47,สกลนคร,0
2561,2018,10,ต.ค.,2018-10,48,นครพนม,0
2561,2018,10,ต.ค.,2018-10,49,มุกดาหาร,0
2561,2018,10,ต.ค.,2018-10,50,เชียงใหม่,1
2561,2018,10,ต.ค.,2018-10,51,ลำพูน,0
2561,2018,10,ต.ค.,2018-10,52,ลำปาง,1
2561,2018,10,ต.ค.,2018-10,53,อุตรดิตถ์,0
2561,2018,10,ต.ค.,2018-10,54,แพร่,0
2561,2018,10,ต.ค.,2018-10,55,น่าน,0
2561,2018,10,ต.ค.,2018-10,56,พะเยา,0
2561,2018,10,ต.ค.,2018-10,57,เชียงราย,0
2561,2018,10,ต.ค.,2018-10,58,แม่ฮ่องสอน,14
2561,2018,10,ต.ค.,2018-10,60,นครสวรรค์,0
2561,2018,10,ต.ค.,2018-10,61,อุทัยธานี,5
2561,2018,10,ต.ค.,2018-10,62,กำแพงเพชร,0
2561,2018,10,ต.ค.,2018-10,63,ตาก,97
2561,2018,10,ต.ค.,2018-10,64,สุโขทัย,0
2561,2018,10,ต.ค.,2018-10,65,พิษณุโลก,0
2561,2018,10,ต.ค.,2018-10,66,พิจิตร,0
2561,2018,10,ต.ค.,2018-10,67,เพชรบูรณ์,0
2561,2018,10,ต.ค.,2018-10,70,ราชบุรี,7
2561,2018,10,ต.ค.,2018-10,71,กาญจนบุรี,22
2561,2018,10,ต.ค.,2018-10,72,สุพรรณบุรี,0
2561,2018,10,ต.ค.,2018-10,73,นครปฐม,0
2561,2018,10,ต.ค.,2018-10,74,สมุทรสาคร,0
2561,2018,10,ต.ค.,2018-10,75,สมุทรสงคราม,0
2561,2018,10,ต.ค.,2018-10,76,เพชรบุรี,3
2561,2018,10,ต.ค.,2018-10,77,ประจวบคีรีขันธ์,7
2561,2018,10,ต.ค.,2018-10,80,นครศรีธรรมราช,0
2561,2018,10,ต.ค.,2018-10,81,กระบี่,0
2561,2018,10,ต.ค.,2018-10,82,พังงา,2
2561,2018,10,ต.ค.,2018-10,83,ภูเก็ต,0
2561,2018,10,ต.ค.,2018-10,84,สุราษฎร์ธานี,1
2561,2018,10,ต.ค.,2018-10,85,ระนอง,3
2561,2018,10,ต.ค.,2018-10,86,ชุมพร,3
2561,2018,10,ต.ค.,2018-10,90,สงขลา,3
2561,2018,10,ต.ค.,2018-10,91,สตูล,1
2561,2018,10,ต.ค.,2018-10,92,ตรัง,0
2561,2018,10,ต.ค.,2018-10,93,พัทลุง,0
2561,2018,10,ต.ค.,2018-10,94,ปัตตานี,0
2561,2018,10,ต.ค.,2018-10,95,ยะลา,242
2561,2018,10,ต.ค.,2018-10,96,นราธิวาส,12
2561,2018,11,พ.ย.,2018-11,10,กรุงเทพฯ,2
2561,2018,11,พ.ย.,2018-11,11,สมุทรปราการ,0
2561,2018,11,พ.ย.,2018-11,12,นนทบุรี,0
2561,2018,11,พ.ย.,2018-11,13,ปทุมธานี,0
2561,2018,11,พ.ย.,2018-11,14,พระนครศรีอยุธยา,0
2561,2018,11,พ.ย.,2018-11,15,อ่างทอง,0
2561,2018,11,พ.ย.,2018-11,16,ลพบุรี,0
2561,2018,11,พ.ย.,2018-11,17,สิงห์บุรี,0
2561,2018,11,พ.ย.,2018-11,18,ชัยนาท,0
2561,2018,11,พ.ย.,2018-11,19,สระบุรี,0
2561,2018,11,พ.ย.,2018-11,20,ชลบุรี,0
2561,2018,11,พ.ย.,2018-11,21,ระยอง,3
2561,2018,11,พ.ย.,2018-11,22,จันทบุรี,9
2561,2018,11,พ.ย.,2018-11,23,ตราด,6
2561,2018,11,พ.ย.,2018-11,24,ฉะเชิงเทรา,9
2561,2018,11,พ.ย.,2018-11,25,ปราจีนบุรี,0
2561,2018,11,พ.ย.,2018-11,26,นครนายก,0
2561,2018,11,พ.ย.,2018-11,27,สระแก้ว,3
2561,2018,11,พ.ย.,2018-11,30,นครราชสีมา,2
2561,2018,11,พ.ย.,2018-11,31,บุรีรัมย์,0
2561,2018,11,พ.ย.,2018-11,32,สุรินทร์,0
2561,2018,11,พ.ย.,2018-11,33,ศรีสะเกษ,109
2561,2018,11,พ.ย.,2018-11,34,อุบลราชธานี,46
2561,2018,11,พ.ย.,2018-11,35,ยโสธร,5
2561,2018,11,พ.ย.,2018-11,36,ชัยภูมิ,1
2561,2018,11,พ.ย.,2018-11,37,อำนาจเจริญ,2
2561,2018,11,พ.ย.,2018-11,38,บึงกาฬ,0
2561,2018,11,พ.ย.,2018-11,39,หนองบัวลำภู,0
2561,2018,11,พ.ย.,2018-11,40,ขอนแก่น,3
2561,2018,11,พ.ย.,2018-11,41,อุดรธานี,0
2561,2018,11,พ.ย.,2018-11,42,เลย,1
2561,2018,11,พ.ย.,2018-11,43,หนองคาย,0
2561,2018,11,พ.ย.,2018-11,44,มหาสารคาม,0
2561,2018,11,พ.ย.,2018-11,45,ร้อยเอ็ด,0
2561,2018,11,พ.ย.,2018-11,46,กาฬสินธุ์,0
2561,2018,11,พ.ย.,2018-11,47,สกลนคร,0
2561,2018,11,พ.ย.,2018-11,48,นครพนม,0
2561,2018,11,พ.ย.,2018-11,49,มุกดาหาร,1
2561,2018,11,พ.ย.,2018-11,50,เชียงใหม่,0
2561,2018,11,พ.ย.,2018-11,51,ลำพูน,0
2561,2018,11,พ.ย.,2018-11,52,ลำปาง,0
2561,2018,11,พ.ย.,2018-11,53,อุตรดิตถ์,0
2561,2018,11,พ.ย.,2018-11,54,แพร่,0
2561,2018,11,พ.ย.,2018-11,55,น่าน,0
2561,2018,11,พ.ย.,2018-11,56,พะเยา,0
2561,2018,11,พ.ย.,2018-11,57,เชียงราย,0
2561,2018,11,พ.ย.,2018-11,58,แม่ฮ่องสอน,12
2561,2018,11,พ.ย.,2018-11,60,นครสวรรค์,0
2561,2018,11,พ.ย.,2018-11,61,อุทัยธานี,4
2561,2018,11,พ.ย.,2018-11,62,กำแพงเพชร,0
2561,2018,11,พ.ย.,2018-11,63,ตาก,100
2561,2018,11,พ.ย.,2018-11,64,สุโขทัย,0
2561,2018,11,พ.ย.,2018-11,65,พิษณุโลก,0
2561,2018,11,พ.ย.,2018-11,66,พิจิตร,0
2561,2018,11,พ.ย.,2018-11,67,เพชรบูรณ์,0
2561,2018,11,พ.ย.,2018-11,70,ราชบุรี,8
2561,2018,11,พ.ย.,2018-11,71,กาญจนบุรี,20
2561,2018,11,พ.ย.,2018-11,72,สุพรรณบุรี,0
2561,2018,11,พ.ย.,2018-11,73,นครปฐม,0
2561,2018,11,พ.ย.,2018-11,74,สมุทรสาคร,0
2561,2018,11,พ.ย.,2018-11,75,สมุทรสงคราม,0
2561,2018,11,พ.ย.,2018-11,76,เพชรบุรี,1
2561,2018,11,พ.ย.,2018-11,77,ประจวบคีรีขันธ์,1
2561,2018,11,พ.ย.,2018-11,80,นครศรีธรรมราช,0
2561,2018,11,พ.ย.,2018-11,81,กระบี่,0
2561,2018,11,พ.ย.,2018-11,82,พังงา,2
2561,2018,11,พ.ย.,2018-11,83,ภูเก็ต,0
2561,2018,11,พ.ย.,2018-11,84,สุราษฎร์ธานี,3
2561,2018,11,พ.ย.,2018-11,85,ระนอง,4
2561,2018,11,พ.ย.,2018-11,86,ชุมพร,3
2561,2018,11,พ.ย.,2018-11,90,สงขลา,1
2561,2018,11,พ.ย.,2018-11,91,สตูล,1
2561,2018,11,พ.ย.,2018-11,92,ตรัง,0
2561,2018,11,พ.ย.,2018-11,93,พัทลุง,0
2561,2018,11,พ.ย.,2018-11,94,ปัตตานี,0
2561,2018,11,พ.ย.,2018-11,95,ยะลา,107
2561,2018,11,พ.ย.,2018-11,96,นราธิวาส,7
2561,2018,12,ธ.ค.,2018-12,10,กรุงเทพฯ,2
2561,2018,12,ธ.ค.,2018-12,11,สมุทรปราการ,0
2561,2018,12,ธ.ค.,2018-12,12,นนทบุรี,0
2561,2018,12,ธ.ค.,2018-12,13,ปทุมธานี,0
2561,2018,12,ธ.ค.,2018-12,14,พระนครศรีอยุธยา,0
2561,2018,12,ธ.ค.,2018-12,15,อ่างทอง,0
2561,2018,12,ธ.ค.,2018-12,16,ลพบุรี,0
2561,2018,12,ธ.ค.,2018-12,17,สิงห์บุรี,0
2561,2018,12,ธ.ค.,2018-12,18,ชัยนาท,0
2561,2018,12,ธ.ค.,2018-12,19,สระบุรี,0
2561,2018,12,ธ.ค.,2018-12,20,ชลบุรี,1
2561,2018,12,ธ.ค.,2018-12,21,ระยอง,0
2561,2018,12,ธ.ค.,2018-12,22,จันทบุรี,4
2561,2018,12,ธ.ค.,2018-12,23,ตราด,1
2561,2018,12,ธ.ค.,2018-12,24,ฉะเชิงเทรา,10
2561,2018,12,ธ.ค.,2018-12,25,ปราจีนบุรี,3
2561,2018,12,ธ.ค.,2018-12,26,นครนายก,0
2561,2018,12,ธ.ค.,2018-12,27,สระแก้ว,7
2561,2018,12,ธ.ค.,2018-12,30,นครราชสีมา,0
2561,2018,12,ธ.ค.,2018-12,31,บุรีรัมย์,0
2561,2018,12,ธ.ค.,2018-12,32,สุรินทร์,0
2561,2018,12,ธ.ค.,2018-12,33,ศรีสะเกษ,55
2561,2018,12,ธ.ค.,2018-12,34,อุบลราชธานี,29
2561,2018,12,ธ.ค.,2018-12,35,ยโสธร,1
2561,2018,12,ธ.ค.,2018-12,36,ชัยภูมิ,0
2561,2018,12,ธ.ค.,2018-12,37,อำนาจเจริญ,1
2561,2018,12,ธ.ค.,2018-12,38,บึงกาฬ,0
2561,2018,12,ธ.ค.,2018-12,39,หนองบัวลำภู,0
2561,2018,12,ธ.ค.,2018-12,40,ขอนแก่น,1
2561,2018,12,ธ.ค.,2018-12,41,อุดรธานี,0
2561,2018,12,ธ.ค.,2018-12,42,เลย,0
2561,2018,12,ธ.ค.,2018-12,43,หนองคาย,0
2561,2018,12,ธ.ค.,2018-12,44,มหาสารคาม,0
2561,2018,12,ธ.ค.,2018-12,45,ร้อยเอ็ด,0
2561,2018,12,ธ.ค.,2018-12,46,กาฬสินธุ์,0
2561,2018,12,ธ.ค.,2018-12,47,สกลนคร,1
2561,2018,12,ธ.ค.,2018-12,48,นครพนม,0
2561,2018,12,ธ.ค.,2018-12,49,มุกดาหาร,1
2561,2018,12,ธ.ค.,2018-12,50,เชียงใหม่,0
2561,2018,12,ธ.ค.,2018-12,51,ลำพูน,0
2561,2018,12,ธ.ค.,2018-12,52,ลำปาง,0
2561,2018,12,ธ.ค.,2018-12,53,อุตรดิตถ์,0
2561,2018,12,ธ.ค.,2018-12,54,แพร่,0
2561,2018,12,ธ.ค.,2018-12,55,น่าน,0
2561,2018,12,ธ.ค.,2018-12,56,พะเยา,0
2561,2018,12,ธ.ค.,2018-12,57,เชียงราย,0
2561,2018,12,ธ.ค.,2018-12,58,แม่ฮ่องสอน,22
2561,2018,12,ธ.ค.,2018-12,60,นครสวรรค์,0
2561,2018,12,ธ.ค.,2018-12,61,อุทัยธานี,2
2561,2018,12,ธ.ค.,2018-12,62,กำแพงเพชร,2
2561,2018,12,ธ.ค.,2018-12,63,ตาก,104
2561,2018,12,ธ.ค.,2018-12,64,สุโขทัย,1
2561,2018,12,ธ.ค.,2018-12,65,พิษณุโลก,0
2561,2018,12,ธ.ค.,2018-12,66,พิจิตร,0
2561,2018,12,ธ.ค.,2018-12,67,เพชรบูรณ์,0
2561,2018,12,ธ.ค.,2018-12,70,ราชบุรี,5
2561,2018,12,ธ.ค.,2018-12,71,กาญจนบุรี,9
2561,2018,12,ธ.ค.,2018-12,72,สุพรรณบุรี,0
2561,2018,12,ธ.ค.,2018-12,73,นครปฐม,1
2561,2018,12,ธ.ค.,2018-12,74,สมุทรสาคร,0
2561,2018,12,ธ.ค.,2018-12,75,สมุทรสงคราม,0
2561,2018,12,ธ.ค.,2018-12,76,เพชรบุรี,2
2561,2018,12,ธ.ค.,2018-12,77,ประจวบคีรีขันธ์,7
2561,2018,12,ธ.ค.,2018-12,80,นครศรีธรรมราช,0
2561,2018,12,ธ.ค.,2018-12,81,กระบี่,0
2561,2018,12,ธ.ค.,2018-12,82,พังงา,1
2561,2018,12,ธ.ค.,2018-12,83,ภูเก็ต,0
2561,2018,12,ธ.ค.,2018-12,84,สุราษฎร์ธานี,4
2561,2018,12,ธ.ค.,2018-12,85,ระนอง,4
2561,2018,12,ธ.ค.,2018-12,86,ชุมพร,2
2561,2018,12,ธ.ค.,2018-12,90,สงขลา,0
2561,2018,12,ธ.ค.,2018-12,91,สตูล,1
2561,2018,12,ธ.ค.,2018-12,92,ตรัง,0
2561,2018,12,ธ.ค.,2018-12,93,พัทลุง,0
2561,2018,12,ธ.ค.,2018-12,94,ปัตตานี,1
2561,2018,12,ธ.ค.,2018-12,95,ยะลา,53
2561,2018,12,ธ.ค.,2018-12,96,นราธิวาส,6
2562,2019,1,ม.ค.,2019-01,10,กรุงเทพฯ,2
2562,2019,1,ม.ค.,2019-01,11,สมุทรปราการ,0
2562,2019,1,ม.ค.,2019-01,12,นนทบุรี,0
2562,2019,1,ม.ค.,2019-01,13,ปทุมธานี,0
2562,2019,1,ม.ค.,2019-01,14,พระนครศรีอยุธยา,0
2562,2019,1,ม.ค.,2019-01,15,อ่างทอง,0
2562,2019,1,ม.ค.,2019-01,16,ลพบุรี,0
2562,2019,1,ม.ค.,2019-01,17,สิงห์บุรี,0
2562,2019,1,ม.ค.,2019-01,18,ชัยนาท,0
2562,2019,1,ม.ค.,2019-01,19,สระบุรี,0
2562,2019,1,ม.ค.,2019-01,20,ชลบุรี,0
2562,2019,1,ม.ค.,2019-01,21,ระยอง,1
2562,2019,1,ม.ค.,2019-01,22,จันทบุรี,3
2562,2019,1,ม.ค.,2019-01,23,ตราด,2
2562,2019,1,ม.ค.,2019-01,24,ฉะเชิงเทรา,4
2562,2019,1,ม.ค.,2019-01,25,ปราจีนบุรี,0
2562,2019,1,ม.ค.,2019-01,26,นครนายก,0
2562,2019,1,ม.ค.,2019-01,27,สระแก้ว,6
2562,2019,1,ม.ค.,2019-01,30,นครราชสีมา,2
2562,2019,1,ม.ค.,2019-01,31,บุรีรัมย์,0
2562,2019,1,ม.ค.,2019-01,32,สุรินทร์,1
2562,2019,1,ม.ค.,2019-01,33,ศรีสะเกษ,37
2562,2019,1,ม.ค.,2019-01,34,อุบลราชธานี,21
2562,2019,1,ม.ค.,2019-01,35,ยโสธร,1
2562,2019,1,ม.ค.,2019-01,36,ชัยภูมิ,0
2562,2019,1,ม.ค.,2019-01,37,อำนาจเจริญ,0
2562,2019,1,ม.ค.,2019-01,38,บึงกาฬ,0
2562,2019,1,ม.ค.,2019-01,39,หนองบัวลำภู,0
2562,2019,1,ม.ค.,2019-01,40,ขอนแก่น,0
2562,2019,1,ม.ค.,2019-01,41,อุดรธานี,0
2562,2019,1,ม.ค.,2019-01,42,เลย,1
2562,2019,1,ม.ค.,2019-01,43,หนองคาย,0
2562,2019,1,ม.ค.,2019-01,44,มหาสารคาม,0
2562,2019,1,ม.ค.,2019-01,45,ร้อยเอ็ด,0
2562,2019,1,ม.ค.,2019-01,46,กาฬสินธุ์,0
2562,2019,1,ม.ค.,2019-01,47,สกลนคร,0
2562,2019,1,ม.ค.,2019-01,48,นครพนม,0
2562,2019,1,ม.ค.,2019-01,49,มุกดาหาร,0
2562,2019,1,ม.ค.,2019-01,50,เชียงใหม่,3
2562,2019,1,ม.ค.,2019-01,51,ลำพูน,0
2562,2019,1,ม.ค.,2019-01,52,ลำปาง,0
2562,2019,1,ม.ค.,2019-01,53,อุตรดิตถ์,0
2562,2019,1,ม.ค.,2019-01,54,แพร่,0
2562,2019,1,ม.ค.,2019-01,55,น่าน,0
2562,2019,1,ม.ค.,2019-01,56,พะเยา,0
2562,2019,1,ม.ค.,2019-01,57,เชียงราย,0
2562,2019,1,ม.ค.,2019-01,58,แม่ฮ่องสอน,16
2562,2019,1,ม.ค.,2019-01,60,นครสวรรค์,0
2562,2019,1,ม.ค.,2019-01,61,อุทัยธานี,0
2562,2019,1,ม.ค.,2019-01,62,กำแพงเพชร,0
2562,2019,1,ม.ค.,2019-01,63,ตาก,111
2562,2019,1,ม.ค.,2019-01,64,สุโขทัย,0
2562,2019,1,ม.ค.,2019-01,65,พิษณุโลก,0
2562,2019,1,ม.ค.,2019-01,66,พิจิตร,0
2562,2019,1,ม.ค.,2019-01,67,เพชรบูรณ์,0
2562,2019,1,ม.ค.,2019-01,70,ราชบุรี,4
2562,2019,1,ม.ค.,2019-01,71,กาญจนบุรี,7
2562,2019,1,ม.ค.,2019-01,72,สุพรรณบุรี,0
2562,2019,1,ม.ค.,2019-01,73,นครปฐม,0
2562,2019,1,ม.ค.,2019-01,74,สมุทรสาคร,0
2562,2019,1,ม.ค.,2019-01,75,สมุทรสงคราม,0
2562,2019,1,ม.ค.,2019-01,76,เพชรบุรี,5
2562,2019,1,ม.ค.,2019-01,77,ประจวบคีรีขันธ์,3
2562,2019,1,ม.ค.,2019-01,80,นครศรีธรรมราช,0
2562,2019,1,ม.ค.,2019-01,81,กระบี่,0
2562,2019,1,ม.ค.,2019-01,82,พังงา,0
2562,2019,1,ม.ค.,2019-01,83,ภูเก็ต,0
2562,2019,1,ม.ค.,2019-01,84,สุราษฎร์ธานี,4
2562,2019,1,ม.ค.,2019-01,85,ระนอง,10
2562,2019,1,ม.ค.,2019-01,86,ชุมพร,2
2562,2019,1,ม.ค.,2019-01,90,สงขลา,6
2562,2019,1,ม.ค.,2019-01,91,สตูล,0
2562,2019,1,ม.ค.,2019-01,92,ตรัง,0
2562,2019,1,ม.ค.,2019-01,93,พัทลุง,1
2562,2019,1,ม.ค.,2019-01,94,ปัตตานี,0
2562,2019,1,ม.ค.,2019-01,95,ยะลา,52
2562,2019,1,ม.ค.,2019-01,96,นราธิวาส,3
2562,2019,2,ก.พ.,2019-02,10,กรุงเทพฯ,1
2562,2019,2,ก.พ.,2019-02,11,สมุทรปราการ,1
2562,2019,2,ก.พ.,2019-02,12,นนทบุรี,0
2562,2019,2,ก.พ.,2019-02,13,ปทุมธานี,0
2562,2019,2,ก.พ.,2019-02,14,พระนครศรีอยุธยา,0
2562,2019,2,ก.พ.,2019-02,15,อ่างทอง,0
2562,2019,2,ก.พ.,2019-02,16,ลพบุรี,0
2562,2019,2,ก.พ.,2019-02,17,สิงห์บุรี,0
2562,2019,2,ก.พ.,2019-02,18,ชัยนาท,0
2562,2019,2,ก.พ.,2019-02,19,สระบุรี,0
2562,2019,2,ก.พ.,2019-02,20,ชลบุรี,2
2562,2019,2,ก.พ.,2019-02,21,ระยอง,0
2562,2019,2,ก.พ.,2019-02,22,จันทบุรี,2
2562,2019,2,ก.พ.,2019-02,23,ตราด,4
2562,2019,2,ก.พ.,2019-02,24,ฉะเชิงเทรา,3
2562,2019,2,ก.พ.,2019-02,25,ปราจีนบุรี,0
2562,2019,2,ก.พ.,2019-02,26,นครนายก,0
2562,2019,2,ก.พ.,2019-02,27,สระแก้ว,3
2562,2019,2,ก.พ.,2019-02,30,นครราชสีมา,0
2562,2019,2,ก.พ.,2019-02,31,บุรีรัมย์,0
2562,2019,2,ก.พ.,2019-02,32,สุรินทร์,1
2562,2019,2,ก.พ.,2019-02,33,ศรีสะเกษ,22
2562,2019,2,ก.พ.,2019-02,34,อุบลราชธานี,12
2562,2019,2,ก.พ.,2019-02,35,ยโสธร,2
2562,2019,2,ก.พ.,2019-02,36,ชัยภูมิ,0
2562,2019,2,ก.พ.,2019-02,37,อำนาจเจริญ,1
2562,2019,2,ก.พ.,2019-02,38,บึงกาฬ,0
2562,2019,2,ก.พ.,2019-02,39,หนองบัวลำภู,0
2562,2019,2,ก.พ.,2019-02,40,ขอนแก่น,2
2562,2019,2,ก.พ.,2019-02,41,อุดรธานี,0
2562,2019,2,ก.พ.,2019-02,42,เลย,0
2562,2019,2,ก.พ.,2019-02,43,หนองคาย,0
2562,2019,2,ก.พ.,2019-02,44,มหาสารคาม,0
2562,2019,2,ก.พ.,2019-02,45,ร้อยเอ็ด,0
2562,2019,2,ก.พ.,2019-02,46,กาฬสินธุ์,0
2562,2019,2,ก.พ.,2019-02,47,สกลนคร,1
2562,2019,2,ก.พ.,2019-02,48,นครพนม,1
2562,2019,2,ก.พ.,2019-02,49,มุกดาหาร,0
2562,2019,2,ก.พ.,2019-02,50,เชียงใหม่,0
2562,2019,2,ก.พ.,2019-02,51,ลำพูน,0
2562,2019,2,ก.พ.,2019-02,52,ลำปาง,1
2562,2019,2,ก.พ.,2019-02,53,อุตรดิตถ์,0
2562,2019,2,ก.พ.,2019-02,54,แพร่,0
2562,2019,2,ก.พ.,2019-02,55,น่าน,0
2562,2019,2,ก.พ.,2019-02,56,พะเยา,0
2562,2019,2,ก.พ.,2019-02,57,เชียงราย,0
2562,2019,2,ก.พ.,2019-02,58,แม่ฮ่องสอน,15
2562,2019,2,ก.พ.,2019-02,60,นครสวรรค์,0
2562,2019,2,ก.พ.,2019-02,61,อุทัยธานี,0
2562,2019,2,ก.พ.,2019-02,62,กำแพงเพชร,0
2562,2019,2,ก.พ.,2019-02,63,ตาก,82
2562,2019,2,ก.พ.,2019-02,64,สุโขทัย,0
2562,2019,2,ก.พ.,2019-02,65,พิษณุโลก,0
2562,2019,2,ก.พ.,2019-02,66,พิจิตร,0
2562,2019,2,ก.พ.,2019-02,67,เพชรบูรณ์,0
2562,2019,2,ก.พ.,2019-02,70,ราชบุรี,2
2562,2019,2,ก.พ.,2019-02,71,กาญจนบุรี,10
2562,2019,2,ก.พ.,2019-02,72,สุพรรณบุรี,0
2562,2019,2,ก.พ.,2019-02,73,นครปฐม,0
2562,2019,2,ก.พ.,2019-02,74,สมุทรสาคร,1
2562,2019,2,ก.พ.,2019-02,75,สมุทรสงคราม,0
2562,2019,2,ก.พ.,2019-02,76,เพชรบุรี,2
2562,2019,2,ก.พ.,2019-02,77,ประจวบคีรีขันธ์,4
2562,2019,2,ก.พ.,2019-02,80,นครศรีธรรมราช,0
2562,2019,2,ก.พ.,2019-02,81,กระบี่,0
2562,2019,2,ก.พ.,2019-02,82,พังงา,0
2562,2019,2,ก.พ.,2019-02,83,ภูเก็ต,0
2562,2019,2,ก.พ.,2019-02,84,สุราษฎร์ธานี,2
2562,2019,2,ก.พ.,2019-02,85,ระนอง,6
2562,2019,2,ก.พ.,2019-02,86,ชุมพร,2
2562,2019,2,ก.พ.,2019-02,90,สงขลา,2
2562,2019,2,ก.พ.,2019-02,91,สตูล,0
2562,2019,2,ก.พ.,2019-02,92,ตรัง,1
2562,2019,2,ก.พ.,2019-02,93,พัทลุง,0
2562,2019,2,ก.พ.,2019-02,94,ปัตตานี,0
2562,2019,2,ก.พ.,2019-02,95,ยะลา,35
2562,2019,2,ก.พ.,2019-02,96,นราธิวาส,5
2562,2019,3,มี.ค.,2019-03,10,กรุงเทพฯ,2
2562,2019,3,มี.ค.,2019-03,11,สมุทรปราการ,0
2562,2019,3,มี.ค.,2019-03,12,นนทบุรี,0
2562,2019,3,มี.ค.,2019-03,13,ปทุมธานี,0
2562,2019,3,มี.ค.,2019-03,14,พระนครศรีอยุธยา,0
2562,2019,3,มี.ค.,2019-03,15,อ่างทอง,0
2562,2019,3,มี.ค.,2019-03,16,ลพบุรี,0
2562,2019,3,มี.ค.,2019-03,17,สิงห์บุรี,0
2562,2019,3,มี.ค.,2019-03,18,ชัยนาท,0
2562,2019,3,มี.ค.,2019-03,19,สระบุรี,0
2562,2019,3,มี.ค.,2019-03,20,ชลบุรี,0
2562,2019,3,มี.ค.,2019-03,21,ระยอง,0
2562,2019,3,มี.ค.,2019-03,22,จันทบุรี,2
2562,2019,3,มี.ค.,2019-03,23,ตราด,5
2562,2019,3,มี.ค.,2019-03,24,ฉะเชิงเทรา,0
2562,2019,3,มี.ค.,2019-03,25,ปราจีนบุรี,0
2562,2019,3,มี.ค.,2019-03,26,นครนายก,0
2562,2019,3,มี.ค.,2019-03,27,สระแก้ว,1
2562,2019,3,มี.ค.,2019-03,30,นครราชสีมา,0
2562,2019,3,มี.ค.,2019-03,31,บุรีรัมย์,0
2562,2019,3,มี.ค.,2019-03,32,สุรินทร์,0
2562,2019,3,มี.ค.,2019-03,33,ศรีสะเกษ,25
2562,2019,3,มี.ค.,2019-03,34,อุบลราชธานี,13
2562,2019,3,มี.ค.,2019-03,35,ยโสธร,0
2562,2019,3,มี.ค.,2019-03,36,ชัยภูมิ,0
2562,2019,3,มี.ค.,2019-03,37,อำนาจเจริญ,0
2562,2019,3,มี.ค.,2019-03,38,บึงกาฬ,0
2562,2019,3,มี.ค.,2019-03,39,หนองบัวลำภู,0
2562,2019,3,มี.ค.,2019-03,40,ขอนแก่น,0
2562,2019,3,มี.ค.,2019-03,41,อุดรธานี,0
2562,2019,3,มี.ค.,2019-03,42,เลย,0
2562,2019,3,มี.ค.,2019-03,43,หนองคาย,0
2562,2019,3,มี.ค.,2019-03,44,มหาสารคาม,0
2562,2019,3,มี.ค.,2019-03,45,ร้อยเอ็ด,0
2562,2019,3,มี.ค.,2019-03,46,กาฬสินธุ์,0
2562,2019,3,มี.ค.,2019-03,47,สกลนคร,0
2562,2019,3,มี.ค.,2019-03,48,นครพนม,0
2562,2019,3,มี.ค.,2019-03,49,มุกดาหาร,0
2562,2019,3,มี.ค.,2019-03,50,เชียงใหม่,0
2562,2019,3,มี.ค.,2019-03,51,ลำพูน,0
2562,2019,3,มี.ค.,2019-03,52,ลำปาง,0
2562,2019,3,มี.ค.,2019-03,53,อุตรดิตถ์,0
2562,2019,3,มี.ค.,2019-03,54,แพร่,0
2562,2019,3,มี.ค.,2019-03,55,น่าน,0
2562,2019,3,มี.ค.,2019-03,56,พะเยา,0
2562,2019,3,มี.ค.,2019-03,57,เชียงราย,0
2562,2019,3,มี.ค.,2019-03,58,แม่ฮ่องสอน,13
2562,2019,3,มี.ค.,2019-03,60,นครสวรรค์,0
2562,2019,3,มี.ค.,2019-03,61,อุทัยธานี,1
2562,2019,3,มี.ค.,2019-03,62,กำแพงเพชร,0
2562,2019,3,มี.ค.,2019-03,63,ตาก,64
2562,2019,3,มี.ค.,2019-03,64,สุโขทัย,0
2562,2019,3,มี.ค.,2019-03,65,พิษณุโลก,0
2562,2019,3,มี.ค.,2019-03,66,พิจิตร,0
2562,2019,3,มี.ค.,2019-03,67,เพชรบูรณ์,0
2562,2019,3,มี.ค.,2019-03,70,ราชบุรี,8
2562,2019,3,มี.ค.,2019-03,71,กาญจนบุรี,15
2562,2019,3,มี.ค.,2019-03,72,สุพรรณบุรี,0
2562,2019,3,มี.ค.,2019-03,73,นครปฐม,0
2562,2019,3,มี.ค.,2019-03,74,สมุทรสาคร,0
2562,2019,3,มี.ค.,2019-03,75,สมุทรสงคราม,0
2562,2019,3,มี.ค.,2019-03,76,เพชรบุรี,0
2562,2019,3,มี.ค.,2019-03,77,ประจวบคีรีขันธ์,3
2562,2019,3,มี.ค.,2019-03,80,นครศรีธรรมราช,0
2562,2019,3,มี.ค.,2019-03,81,กระบี่,0
2562,2019,3,มี.ค.,2019-03,82,พังงา,0
2562,2019,3,มี.ค.,2019-03,83,ภูเก็ต,0
2562,2019,3,มี.ค.,2019-03,84,สุราษฎร์ธานี,2
2562,2019,3,มี.ค.,2019-03,85,ระนอง,1
2562,2019,3,มี.ค.,2019-03,86,ชุมพร,3
2562,2019,3,มี.ค.,2019-03,90,สงขลา,7
2562,2019,3,มี.ค.,2019-03,91,สตูล,0
2562,2019,3,มี.ค.,2019-03,92,ตรัง,0
2562,2019,3,มี.ค.,2019-03,93,พัทลุง,0
2562,2019,3,มี.ค.,2019-03,94,ปัตตานี,0
2562,2019,3,มี.ค.,2019-03,95,ยะลา,57
2562,2019,3,มี.ค.,2019-03,96,นราธิวาส,9
2562,2019,4,เม.ย.,2019-04,10,กรุงเทพฯ,1
2562,2019,4,เม.ย.,2019-04,11,สมุทรปราการ,0
2562,2019,4,เม.ย.,2019-04,12,นนทบุรี,0
2562,2019,4,เม.ย.,2019-04,13,ปทุมธานี,0
2562,2019,4,เม.ย.,2019-04,14,พระนครศรีอยุธยา,0
2562,2019,4,เม.ย.,2019-04,15,อ่างทอง,0
2562,2019,4,เม.ย.,2019-04,16,ลพบุรี,0
2562,2019,4,เม.ย.,2019-04,17,สิงห์บุรี,0
2562,2019,4,เม.ย.,2019-04,18,ชัยนาท,0
2562,2019,4,เม.ย.,2019-04,19,สระบุรี,1
2562,2019,4,เม.ย.,2019-04,20,ชลบุรี,0
2562,2019,4,เม.ย.,2019-04,21,ระยอง,0
2562,2019,4,เม.ย.,2019-04,22,จันทบุรี,1
2562,2019,4,เม.ย.,2019-04,23,ตราด,2
2562,2019,4,เม.ย.,2019-04,24,ฉะเชิงเทรา,1
2562,2019,4,เม.ย.,2019-04,25,ปราจีนบุรี,1
2562,2019,4,เม.ย.,2019-04,26,นครนายก,0
2562,2019,4,เม.ย.,2019-04,27,สระแก้ว,1
2562,2019,4,เม.ย.,2019-04,30,นครราชสีมา,0
2562,2019,4,เม.ย.,2019-04,31,บุรีรัมย์,0
2562,2019,4,เม.ย.,2019-04,32,สุรินทร์,1
2562,2019,4,เม.ย.,2019-04,33,ศรีสะเกษ,14
2562,2019,4,เม.ย.,2019-04,34,อุบลราชธานี,11
2562,2019,4,เม.ย.,2019-04,35,ยโสธร,1
2562,2019,4,เม.ย.,2019-04,36,ชัยภูมิ,0
2562,2019,4,เม.ย.,2019-04,37,อำนาจเจริญ,0
2562,2019,4,เม.ย.,2019-04,38,บึงกาฬ,0
2562,2019,4,เม.ย.,2019-04,39,หนองบัวลำภู,0
2562,2019,4,เม.ย.,2019-04,40,ขอนแก่น,0
2562,2019,4,เม.ย.,2019-04,41,อุดรธานี,0
2562,2019,4,เม.ย.,2019-04,42,เลย,0
2562,2019,4,เม.ย.,2019-04,43,หนองคาย,0
2562,2019,4,เม.ย.,2019-04,44,มหาสารคาม,0
2562,2019,4,เม.ย.,2019-04,45,ร้อยเอ็ด,0
2562,2019,4,เม.ย.,2019-04,46,กาฬสินธุ์,0
2562,2019,4,เม.ย.,2019-04,47,สกลนคร,1
2562,2019,4,เม.ย.,2019-04,48,นครพนม,0
2562,2019,4,เม.ย.,2019-04,49,มุกดาหาร,0
2562,2019,4,เม.ย.,2019-04,50,เชียงใหม่,2
2562,2019,4,เม.ย.,2019-04,51,ลำพูน,0
2562,2019,4,เม.ย.,2019-04,52,ลำปาง,0
2562,2019,4,เม.ย.,2019-04,53,อุตรดิตถ์,0
2562,2019,4,เม.ย.,2019-04,54,แพร่,0
2562,2019,4,เม.ย.,2019-04,55,น่าน,0
2562,2019,4,เม.ย.,2019-04,56,พะเยา,0
2562,2019,4,เม.ย.,2019-04,57,เชียงราย,0
2562,2019,4,เม.ย.,2019-04,58,แม่ฮ่องสอน,9
2562,2019,4,เม.ย.,2019-04,60,นครสวรรค์,0
2562,2019,4,เม.ย.,2019-04,61,อุทัยธานี,0
2562,2019,4,เม.ย.,2019-04,62,กำแพงเพชร,0
2562,2019,4,เม.ย.,2019-04,63,ตาก,64
2562,2019,4,เม.ย.,2019-04,64,สุโขทัย,0
2562,2019,4,เม.ย.,2019-04,65,พิษณุโลก,0
2562,2019,4,เม.ย.,2019-04,66,พิจิตร,0
2562,2019,4,เม.ย.,2019-04,67,เพชรบูรณ์,0
2562,2019,4,เม.ย.,2019-04,70,ราชบุรี,11
2562,2019,4,เม.ย.,2019-04,71,กาญจนบุรี,4
2562,2019,4,เม.ย.,2019-04,72,สุพรรณบุรี,0
2562,2019,4,เม.ย.,2019-04,73,นครปฐม,0
2562,2019,4,เม.ย.,2019-04,74,สมุทรสาคร,0
2562,2019,4,เม.ย.,2019-04,75,สมุทรสงคราม,0
2562,2019,4,เม.ย.,2019-04,76,เพชรบุรี,3
2562,2019,4,เม.ย.,2019-04,77,ประจวบคีรีขันธ์,10
2562,2019,4,เม.ย.,2019-04,80,นครศรีธรรมราช,0
2562,2019,4,เม.ย.,2019-04,81,กระบี่,0
2562,2019,4,เม.ย.,2019-04,82,พังงา,2
2562,2019,4,เม.ย.,2019-04,83,ภูเก็ต,0
2562,2019,4,เม.ย.,2019-04,84,สุราษฎร์ธานี,2
2562,2019,4,เม.ย.,2019-04,85,ระนอง,3
2562,2019,4,เม.ย.,2019-04,86,ชุมพร,4
2562,2019,4,เม.ย.,2019-04,90,สงขลา,17
2562,2019,4,เม.ย.,2019-04,91,สตูล,1
2562,2019,4,เม.ย.,2019-04,92,ตรัง,0
2562,2019,4,เม.ย.,2019-04,93,พัทลุง,1
2562,2019,4,เม.ย.,2019-04,94,ปัตตานี,0
2562,2019,4,เม.ย.,2019-04,95,ยะลา,89
2562,2019,4,เม.ย.,2019-04,96,นราธิวาส,4
2562,2019,5,พ.ค.,2019-05,10,กรุงเทพฯ,3
2562,2019,5,พ.ค.,2019-05,11,สมุทรปราการ,0
2562,2019,5,พ.ค.,2019-05,12,นนทบุรี,1
2562,2019,5,พ.ค.,2019-05,13,ปทุมธานี,0
2562,2019,5,พ.ค.,2019-05,14,พระนครศรีอยุธยา,0
2562,2019,5,พ.ค.,2019-05,15,อ่างทอง,0
2562,2019,5,พ.ค.,2019-05,16,ลพบุรี,0
2562,2019,5,พ.ค.,2019-05,17,สิงห์บุรี,0
2562,2019,5,พ.ค.,2019-05,18,ชัยนาท,0
2562,2019,5,พ.ค.,2019-05,19,สระบุรี,0
2562,2019,5,พ.ค.,2019-05,20,ชลบุรี,0
2562,2019,5,พ.ค.,2019-05,21,ระยอง,1
2562,2019,5,พ.ค.,2019-05,22,จันทบุรี,0
2562,2019,5,พ.ค.,2019-05,23,ตราด,3
2562,2019,5,พ.ค.,2019-05,24,ฉะเชิงเทรา,2
2562,2019,5,พ.ค.,2019-05,25,ปราจีนบุรี,0
2562,2019,5,พ.ค.,2019-05,26,นครนายก,0
2562,2019,5,พ.ค.,2019-05,27,สระแก้ว,0
2562,2019,5,พ.ค.,2019-05,30,นครราชสีมา,0
2562,2019,5,พ.ค.,2019-05,31,บุรีรัมย์,0
2562,2019,5,พ.ค.,2019-05,32,สุรินทร์,2
2562,2019,5,พ.ค.,2019-05,33,ศรีสะเกษ,10
2562,2019,5,พ.ค.,2019-05,34,อุบลราชธานี,23
2562,2019,5,พ.ค.,2019-05,35,ยโสธร,1
2562,2019,5,พ.ค.,2019-05,36,ชัยภูมิ,0
2562,2019,5,พ.ค.,2019-05,37,อำนาจเจริญ,0
2562,2019,5,พ.ค.,2019-05,38,บึงกาฬ,0
2562,2019,5,พ.ค.,2019-05,39,หนองบัวลำภู,0
2562,2019,5,พ.ค.,2019-05,40,ขอนแก่น,0
2562,2019,5,พ.ค.,2019-05,41,อุดรธานี,0
2562,2019,5,พ.ค.,2019-05,42,เลย,0
2562,2019,5,พ.ค.,2019-05,43,หนองคาย,0
2562,2019,5,พ.ค.,2019-05,44,มหาสารคาม,0
2562,2019,5,พ.ค.,2019-05,45,ร้อยเอ็ด,0
2562,2019,5,พ.ค.,2019-05,46,กาฬสินธุ์,0
2562,2019,5,พ.ค.,2019-05,47,สกลนคร,0
2562,2019,5,พ.ค.,2019-05,48,นครพนม,0
2562,2019,5,พ.ค.,2019-05,49,มุกดาหาร,0
2562,2019,5,พ.ค.,2019-05,50,เชียงใหม่,0
2562,2019,5,พ.ค.,2019-05,51,ลำพูน,0
2562,2019,5,พ.ค.,2019-05,52,ลำปาง,0
2562,2019,5,พ.ค.,2019-05,53,อุตรดิตถ์,1
2562,2019,5,พ.ค.,2019-05,54,แพร่,0
2562,2019,5,พ.ค.,2019-05,55,น่าน,0
2562,2019,5,พ.ค.,2019-05,56,พะเยา,0
2562,2019,5,พ.ค.,2019-05,57,เชียงราย,2
2562,2019,5,พ.ค.,2019-05,58,แม่ฮ่องสอน,11
2562,2019,5,พ.ค.,2019-05,60,นครสวรรค์,0
2562,2019,5,พ.ค.,2019-05,61,อุทัยธานี,1
2562,2019,5,พ.ค.,2019-05,62,กำแพงเพชร,0
2562,2019,5,พ.ค.,2019-05,63,ตาก,124
2562,2019,5,พ.ค.,2019-05,64,สุโขทัย,0
2562,2019,5,พ.ค.,2019-05,65,พิษณุโลก,0
2562,2019,5,พ.ค.,2019-05,66,พิจิตร,1
2562,2019,5,พ.ค.,2019-05,67,เพชรบูรณ์,0
2562,2019,5,พ.ค.,2019-05,70,ราชบุรี,50
2562,2019,5,พ.ค.,2019-05,71,กาญจนบุรี,32
2562,2019,5,พ.ค.,2019-05,72,สุพรรณบุรี,0
2562,2019,5,พ.ค.,2019-05,73,นครปฐม,2
2562,2019,5,พ.ค.,2019-05,74,สมุทรสาคร,0
2562,2019,5,พ.ค.,2019-05,75,สมุทรสงคราม,0
2562,2019,5,พ.ค.,2019-05,76,เพชรบุรี,29
2562,2019,5,พ.ค.,2019-05,77,ประจวบคีรีขันธ์,40
2562,2019,5,พ.ค.,2019-05,80,นครศรีธรรมราช,0
2562,2019,5,พ.ค.,2019-05,81,กระบี่,0
2562,2019,5,พ.ค.,2019-05,82,พังงา,0
2562,2019,5,พ.ค.,2019-05,83,ภูเก็ต,0
2562,2019,5,พ.ค.,2019-05,84,สุราษฎร์ธานี,4
2562,2019,5,พ.ค.,2019-05,85,ระนอง,7
2562,2019,5,พ.ค.,2019-05,86,ชุมพร,6
2562,2019,5,พ.ค.,2019-05,90,สงขลา,36
2562,2019,5,พ.ค.,2019-05,91,สตูล,0
2562,2019,5,พ.ค.,2019-05,92,ตรัง,0
2562,2019,5,พ.ค.,2019-05,93,พัทลุง,0
2562,2019,5,พ.ค.,2019-05,94,ปัตตานี,1
2562,2019,5,พ.ค.,2019-05,95,ยะลา,167
2562,2019,5,พ.ค.,2019-05,96,นราธิวาส,8
2562,2019,6,มิ.ย.,2019-06,10,กรุงเทพฯ,4
2562,2019,6,มิ.ย.,2019-06,11,สมุทรปราการ,2
2562,2019,6,มิ.ย.,2019-06,12,นนทบุรี,0
2562,2019,6,มิ.ย.,2019-06,13,ปทุมธานี,0
2562,2019,6,มิ.ย.,2019-06,14,พระนครศรีอยุธยา,0
2562,2019,6,มิ.ย.,2019-06,15,อ่างทอง,0
2562,2019,6,มิ.ย.,2019-06,16,ลพบุรี,0
2562,2019,6,มิ.ย.,2019-06,17,สิงห์บุรี,0
2562,2019,6,มิ.ย.,2019-06,18,ชัยนาท,0
2562,2019,6,มิ.ย.,2019-06,19,สระบุรี,1
2562,2019,6,มิ.ย.,2019-06,20,ชลบุรี,1
2562,2019,6,มิ.ย.,2019-06,21,ระยอง,0
2562,2019,6,มิ.ย.,2019-06,22,จันทบุรี,0
2562,2019,6,มิ.ย.,2019-06,23,ตราด,3
2562,2019,6,มิ.ย.,2019-06,24,ฉะเชิงเทรา,1
2562,2019,6,มิ.ย.,2019-06,25,ปราจีนบุรี,0
2562,2019,6,มิ.ย.,2019-06,26,นครนายก,1
2562,2019,6,มิ.ย.,2019-06,27,สระแก้ว,1
2562,2019,6,มิ.ย.,2019-06,30,นครราชสีมา,2
2562,2019,6,มิ.ย.,2019-06,31,บุรีรัมย์,0
2562,2019,6,มิ.ย.,2019-06,32,สุรินทร์,2
2562,2019,6,มิ.ย.,2019-06,33,ศรีสะเกษ,16
2562,2019,6,มิ.ย.,2019-06,34,อุบลราชธานี,11
2562,2019,6,มิ.ย.,2019-06,35,ยโสธร,0
2562,2019,6,มิ.ย.,2019-06,36,ชัยภูมิ,0
2562,2019,6,มิ.ย.,2019-06,37,อำนาจเจริญ,0
2562,2019,6,มิ.ย.,2019-06,38,บึงกาฬ,0
2562,2019,6,มิ.ย.,2019-06,39,หนองบัวลำภู,0
2562,2019,6,มิ.ย.,2019-06,40,ขอนแก่น,0
2562,2019,6,มิ.ย.,2019-06,41,อุดรธานี,0
2562,2019,6,มิ.ย.,2019-06,42,เลย,0
2562,2019,6,มิ.ย.,2019-06,43,หนองคาย,0
2562,2019,6,มิ.ย.,2019-06,44,มหาสารคาม,0
2562,2019,6,มิ.ย.,2019-06,45,ร้อยเอ็ด,0
2562,2019,6,มิ.ย.,2019-06,46,กาฬสินธุ์,0
2562,2019,6,มิ.ย.,2019-06,47,สกลนคร,0
2562,2019,6,มิ.ย.,2019-06,48,นครพนม,0
2562,2019,6,มิ.ย.,2019-06,49,มุกดาหาร,0
2562,2019,6,มิ.ย.,2019-06,50,เชียงใหม่,1
2562,2019,6,มิ.ย.,2019-06,51,ลำพูน,0
2562,2019,6,มิ.ย.,2019-06,52,ลำปาง,0
2562,2019,6,มิ.ย.,2019-06,53,อุตรดิตถ์,0
2562,2019,6,มิ.ย.,2019-06,54,แพร่,0
2562,2019,6,มิ.ย.,2019-06,55,น่าน,0
2562,2019,6,มิ.ย.,2019-06,56,พะเยา,0
2562,2019,6,มิ.ย.,2019-06,57,เชียงราย,4
2562,2019,6,มิ.ย.,2019-06,58,แม่ฮ่องสอน,37
2562,2019,6,มิ.ย.,2019-06,60,นครสวรรค์,0
2562,2019,6,มิ.ย.,2019-06,61,อุทัยธานี,1
2562,2019,6,มิ.ย.,2019-06,62,กำแพงเพชร,0
2562,2019,6,มิ.ย.,2019-06,63,ตาก,349
2562,2019,6,มิ.ย.,2019-06,64,สุโขทัย,0
2562,2019,6,มิ.ย.,2019-06,65,พิษณุโลก,0
2562,2019,6,มิ.ย.,2019-06,66,พิจิตร,0
2562,2019,6,มิ.ย.,2019-06,67,เพชรบูรณ์,1
2562,2019,6,มิ.ย.,2019-06,70,ราชบุรี,63
2562,2019,6,มิ.ย.,2019-06,71,กาญจนบุรี,148
2562,2019,6,มิ.ย.,2019-06,72,สุพรรณบุรี,0
2562,2019,6,มิ.ย.,2019-06,73,นครปฐม,1
2562,2019,6,มิ.ย.,2019-06,74,สมุทรสาคร,0
2562,2019,6,มิ.ย.,2019-06,75,สมุทรสงคราม,0
2562,2019,6,มิ.ย.,2019-06,76,เพชรบุรี,89
2562,2019,6,มิ.ย.,2019-06,77,ประจวบคีรีขันธ์,48
2562,2019,6,มิ.ย.,2019-06,80,นครศรีธรรมราช,0
2562,2019,6,มิ.ย.,2019-06,81,กระบี่,0
2562,2019,6,มิ.ย.,2019-06,82,พังงา,1
2562,2019,6,มิ.ย.,2019-06,83,ภูเก็ต,0
2562,2019,6,มิ.ย.,2019-06,84,สุราษฎร์ธานี,0
2562,2019,6,มิ.ย.,2019-06,85,ระนอง,11
2562,2019,6,มิ.ย.,2019-06,86,ชุมพร,3
2562,2019,6,มิ.ย.,2019-06,90,สงขลา,15
2562,2019,6,มิ.ย.,2019-06,91,สตูล,0
2562,2019,6,มิ.ย.,2019-06,92,ตรัง,1
2562,2019,6,มิ.ย.,2019-06,93,พัทลุง,0
2562,2019,6,มิ.ย.,2019-06,94,ปัตตานี,1
2562,2019,6,มิ.ย.,2019-06,95,ยะลา,295
2562,2019,6,มิ.ย.,2019-06,96,นราธิวาส,15
2562,2019,7,ก.ค.,2019-07,10,กรุงเทพฯ,2
2562,2019,7,ก.ค.,2019-07,11,สมุทรปราการ,0
2562,2019,7,ก.ค.,2019-07,12,นนทบุรี,0
2562,2019,7,ก.ค.,2019-07,13,ปทุมธานี,0
2562,2019,7,ก.ค.,2019-07,14,พระนครศรีอยุธยา,0
2562,2019,7,ก.ค.,2019-07,15,อ่างทอง,0
2562,2019,7,ก.ค.,2019-07,16,ลพบุรี,1
2562,2019,7,ก.ค.,2019-07,17,สิงห์บุรี,0
2562,2019,7,ก.ค.,2019-07,18,ชัยนาท,0
2562,2019,7,ก.ค.,2019-07,19,สระบุรี,0
2562,2019,7,ก.ค.,2019-07,20,ชลบุรี,0
2562,2019,7,ก.ค.,2019-07,21,ระยอง,1
2562,2019,7,ก.ค.,2019-07,22,จันทบุรี,0
2562,2019,7,ก.ค.,2019-07,23,ตราด,2
2562,2019,7,ก.ค.,2019-07,24,ฉะเชิงเทรา,0
2562,2019,7,ก.ค.,2019-07,25,ปราจีนบุรี,0
2562,2019,7,ก.ค.,2019-07,26,นครนายก,0
2562,2019,7,ก.ค.,2019-07,27,สระแก้ว,0
2562,2019,7,ก.ค.,2019-07,30,นครราชสีมา,1
2562,2019,7,ก.ค.,2019-07,31,บุรีรัมย์,0
2562,2019,7,ก.ค.,2019-07,32,สุรินทร์,0
2562,2019,7,ก.ค.,2019-07,33,ศรีสะเกษ,12
2562,2019,7,ก.ค.,2019-07,34,อุบลราชธานี,10
2562,2019,7,ก.ค.,2019-07,35,ยโสธร,0
2562,2019,7,ก.ค.,2019-07,36,ชัยภูมิ,1
2562,2019,7,ก.ค.,2019-07,37,อำนาจเจริญ,0
2562,2019,7,ก.ค.,2019-07,38,บึงกาฬ,0
2562,2019,7,ก.ค.,2019-07,39,หนองบัวลำภู,0
2562,2019,7,ก.ค.,2019-07,40,ขอนแก่น,0
2562,2019,7,ก.ค.,2019-07,41,อุดรธานี,0
2562,2019,7,ก.ค.,2019-07,42,เลย,0
2562,2019,7,ก.ค.,2019-07,43,หนองคาย,0
2562,2019,7,ก.ค.,2019-07,44,มหาสารคาม,0
2562,2019,7,ก.ค.,2019-07,45,ร้อยเอ็ด,0
2562,2019,7,ก.ค.,2019-07,46,กาฬสินธุ์,0
2562,2019,7,ก.ค.,2019-07,47,สกลนคร,0
2562,2019,7,ก.ค.,2019-07,48,นครพนม,1
2562,2019,7,ก.ค.,2019-07,49,มุกดาหาร,0
2562,2019,7,ก.ค.,2019-07,50,เชียงใหม่,2
2562,2019,7,ก.ค.,2019-07,51,ลำพูน,0
2562,2019,7,ก.ค.,2019-07,52,ลำปาง,1
2562,2019,7,ก.ค.,2019-07,53,อุตรดิตถ์,0
2562,2019,7,ก.ค.,2019-07,54,แพร่,0
2562,2019,7,ก.ค.,2019-07,55,น่าน,1
2562,2019,7,ก.ค.,2019-07,56,พะเยา,0
2562,2019,7,ก.ค.,2019-07,57,เชียงราย,1
2562,2019,7,ก.ค.,2019-07,58,แม่ฮ่องสอน,62
2562,2019,7,ก.ค.,2019-07,60,นครสวรรค์,0
2562,2019,7,ก.ค.,2019-07,61,อุทัยธานี,1
2562,2019,7,ก.ค.,2019-07,62,กำแพงเพชร,0
2562,2019,7,ก.ค.,2019-07,63,ตาก,300
2562,2019,7,ก.ค.,2019-07,64,สุโขทัย,0
2562,2019,7,ก.ค.,2019-07,65,พิษณุโลก,0
2562,2019,7,ก.ค.,2019-07,66,พิจิตร,0
2562,2019,7,ก.ค.,2019-07,67,เพชรบูรณ์,0
2562,2019,7,ก.ค.,2019-07,70,ราชบุรี,61
2562,2019,7,ก.ค.,2019-07,71,กาญจนบุรี,106
2562,2019,7,ก.ค.,2019-07,72,สุพรรณบุรี,0
2562,2019,7,ก.ค.,2019-07,73,นครปฐม,0
2562,2019,7,ก.ค.,2019-07,74,สมุทรสาคร,0
2562,2019,7,ก.ค.,2019-07,75,สมุทรสงคราม,0
2562,2019,7,ก.ค.,2019-07,76,เพชรบุรี,37
2562,2019,7,ก.ค.,2019-07,77,ประจวบคีรีขันธ์,21
2562,2019,7,ก.ค.,2019-07,80,นครศรีธรรมราช,0
2562,2019,7,ก.ค.,2019-07,81,กระบี่,0
2562,2019,7,ก.ค.,2019-07,82,พังงา,1
2562,2019,7,ก.ค.,2019-07,83,ภูเก็ต,6
2562,2019,7,ก.ค.,2019-07,84,สุราษฎร์ธานี,1
2562,2019,7,ก.ค.,2019-07,85,ระนอง,7
2562,2019,7,ก.ค.,2019-07,86,ชุมพร,6
2562,2019,7,ก.ค.,2019-07,90,สงขลา,16
2562,2019,7,ก.ค.,2019-07,91,สตูล,0
2562,2019,7,ก.ค.,2019-07,92,ตรัง,0
2562,2019,7,ก.ค.,2019-07,93,พัทลุง,0
2562,2019,7,ก.ค.,2019-07,94,ปัตตานี,0
2562,2019,7,ก.ค.,2019-07,95,ยะลา,187
2562,2019,7,ก.ค.,2019-07,96,นราธิวาส,10
2562,2019,8,ส.ค.,2019-08,10,กรุงเทพฯ,0
2562,2019,8,ส.ค.,2019-08,11,สมุทรปราการ,1
2562,2019,8,ส.ค.,2019-08,12,นนทบุรี,0
2562,2019,8,ส.ค.,2019-08,13,ปทุมธานี,0
2562,2019,8,ส.ค.,2019-08,14,พระนครศรีอยุธยา,0
2562,2019,8,ส.ค.,2019-08,15,อ่างทอง,0
2562,2019,8,ส.ค.,2019-08,16,ลพบุรี,0
2562,2019,8,ส.ค.,2019-08,17,สิงห์บุรี,0
2562,2019,8,ส.ค.,2019-08,18,ชัยนาท,0
2562,2019,8,ส.ค.,2019-08,19,สระบุรี,0
2562,2019,8,ส.ค.,2019-08,20,ชลบุรี,0
2562,2019,8,ส.ค.,2019-08,21,ระยอง,0
2562,2019,8,ส.ค.,2019-08,22,จันทบุรี,1
2562,2019,8,ส.ค.,2019-08,23,ตราด,3
2562,2019,8,ส.ค.,2019-08,24,ฉะเชิงเทรา,0
2562,2019,8,ส.ค.,2019-08,25,ปราจีนบุรี,0
2562,2019,8,ส.ค.,2019-08,26,นครนายก,0
2562,2019,8,ส.ค.,2019-08,27,สระแก้ว,1
2562,2019,8,ส.ค.,2019-08,30,นครราชสีมา,0
2562,2019,8,ส.ค.,2019-08,31,บุรีรัมย์,0
2562,2019,8,ส.ค.,2019-08,32,สุรินทร์,8
2562,2019,8,ส.ค.,2019-08,33,ศรีสะเกษ,5
2562,2019,8,ส.ค.,2019-08,34,อุบลราชธานี,10
2562,2019,8,ส.ค.,2019-08,35,ยโสธร,0
2562,2019,8,ส.ค.,2019-08,36,ชัยภูมิ,0
2562,2019,8,ส.ค.,2019-08,37,อำนาจเจริญ,0
2562,2019,8,ส.ค.,2019-08,38,บึงกาฬ,0
2562,2019,8,ส.ค.,2019-08,39,หนองบัวลำภู,0
2562,2019,8,ส.ค.,2019-08,40,ขอนแก่น,0
2562,2019,8,ส.ค.,2019-08,41,อุดรธานี,0
2562,2019,8,ส.ค.,2019-08,42,เลย,0
2562,2019,8,ส.ค.,2019-08,43,หนองคาย,0
2562,2019,8,ส.ค.,2019-08,44,มหาสารคาม,0
2562,2019,8,ส.ค.,2019-08,45,ร้อยเอ็ด,0
2562,2019,8,ส.ค.,2019-08,46,กาฬสินธุ์,0
2562,2019,8,ส.ค.,2019-08,47,สกลนคร,0
2562,2019,8,ส.ค.,2019-08,48,นครพนม,0
2562,2019,8,ส.ค.,2019-08,49,มุกดาหาร,1
2562,2019,8,ส.ค.,2019-08,50,เชียงใหม่,0
2562,2019,8,ส.ค.,2019-08,51,ลำพูน,0
2562,2019,8,ส.ค.,2019-08,52,ลำปาง,0
2562,2019,8,ส.ค.,2019-08,53,อุตรดิตถ์,0
2562,2019,8,ส.ค.,2019-08,54,แพร่,0
2562,2019,8,ส.ค.,2019-08,55,น่าน,0
2562,2019,8,ส.ค.,2019-08,56,พะเยา,0
2562,2019,8,ส.ค.,2019-08,57,เชียงราย,1
2562,2019,8,ส.ค.,2019-08,58,แม่ฮ่องสอน,42
2562,2019,8,ส.ค.,2019-08,60,นครสวรรค์,0
2562,2019,8,ส.ค.,2019-08,61,อุทัยธานี,0
2562,2019,8,ส.ค.,2019-08,62,กำแพงเพชร,0
2562,2019,8,ส.ค.,2019-08,63,ตาก,169
2562,2019,8,ส.ค.,2019-08,64,สุโขทัย,2
2562,2019,8,ส.ค.,2019-08,65,พิษณุโลก,0
2562,2019,8,ส.ค.,2019-08,66,พิจิตร,0
2562,2019,8,ส.ค.,2019-08,67,เพชรบูรณ์,0
2562,2019,8,ส.ค.,2019-08,70,ราชบุรี,17
2562,2019,8,ส.ค.,2019-08,71,กาญจนบุรี,37
2562,2019,8,ส.ค.,2019-08,72,สุพรรณบุรี,3
2562,2019,8,ส.ค.,2019-08,73,นครปฐม,0
2562,2019,8,ส.ค.,2019-08,74,สมุทรสาคร,0
2562,2019,8,ส.ค.,2019-08,75,สมุทรสงคราม,0
2562,2019,8,ส.ค.,2019-08,76,เพชรบุรี,16
2562,2019,8,ส.ค.,2019-08,77,ประจวบคีรีขันธ์,15
2562,2019,8,ส.ค.,2019-08,80,นครศรีธรรมราช,0
2562,2019,8,ส.ค.,2019-08,81,กระบี่,0
2562,2019,8,ส.ค.,2019-08,82,พังงา,2
2562,2019,8,ส.ค.,2019-08,83,ภูเก็ต,4
2562,2019,8,ส.ค.,2019-08,84,สุราษฎร์ธานี,5
2562,2019,8,ส.ค.,2019-08,85,ระนอง,3
2562,2019,8,ส.ค.,2019-08,86,ชุมพร,0
2562,2019,8,ส.ค.,2019-08,90,สงขลา,23
2562,2019,8,ส.ค.,2019-08,91,สตูล,0
2562,2019,8,ส.ค.,2019-08,92,ตรัง,0
2562,2019,8,ส.ค.,2019-08,93,พัทลุง,1
2562,2019,8,ส.ค.,2019-08,94,ปัตตานี,4
2562,2019,8,ส.ค.,2019-08,95,ยะลา,113
2562,2019,8,ส.ค.,2019-08,96,นราธิวาส,10
2562,2019,9,ก.ย.,2019-09,10,กรุงเทพฯ,1
2562,2019,9,ก.ย.,2019-09,11,สมุทรปราการ,0
2562,2019,9,ก.ย.,2019-09,12,นนทบุรี,0
2562,2019,9,ก.ย.,2019-09,13,ปทุมธานี,0
2562,2019,9,ก.ย.,2019-09,14,พระนครศรีอยุธยา,0
2562,2019,9,ก.ย.,2019-09,15,อ่างทอง,0
2562,2019,9,ก.ย.,2019-09,16,ลพบุรี,0
2562,2019,9,ก.ย.,2019-09,17,สิงห์บุรี,0
2562,2019,9,ก.ย.,2019-09,18,ชัยนาท,0
2562,2019,9,ก.ย.,2019-09,19,สระบุรี,0
2562,2019,9,ก.ย.,2019-09,20,ชลบุรี,1
2562,2019,9,ก.ย.,2019-09,21,ระยอง,1
2562,2019,9,ก.ย.,2019-09,22,จันทบุรี,2
2562,2019,9,ก.ย.,2019-09,23,ตราด,3
2562,2019,9,ก.ย.,2019-09,24,ฉะเชิงเทรา,1
2562,2019,9,ก.ย.,2019-09,25,ปราจีนบุรี,0
2562,2019,9,ก.ย.,2019-09,26,นครนายก,0
2562,2019,9,ก.ย.,2019-09,27,สระแก้ว,0
2562,2019,9,ก.ย.,2019-09,30,นครราชสีมา,1
2562,2019,9,ก.ย.,2019-09,31,บุรีรัมย์,0
2562,2019,9,ก.ย.,2019-09,32,สุรินทร์,1
2562,2019,9,ก.ย.,2019-09,33,ศรีสะเกษ,7
2562,2019,9,ก.ย.,2019-09,34,อุบลราชธานี,12
2562,2019,9,ก.ย.,2019-09,35,ยโสธร,0
2562,2019,9,ก.ย.,2019-09,36,ชัยภูมิ,0
2562,2019,9,ก.ย.,2019-09,37,อำนาจเจริญ,0
2562,2019,9,ก.ย.,2019-09,38,บึงกาฬ,0
2562,2019,9,ก.ย.,2019-09,39,หนองบัวลำภู,0
2562,2019,9,ก.ย.,2019-09,40,ขอนแก่น,0
2562,2019,9,ก.ย.,2019-09,41,อุดรธานี,0
2562,2019,9,ก.ย.,2019-09,42,เลย,0
2562,2019,9,ก.ย.,2019-09,43,หนองคาย,0
2562,2019,9,ก.ย.,2019-09,44,มหาสารคาม,0
2562,2019,9,ก.ย.,2019-09,45,ร้อยเอ็ด,0
2562,2019,9,ก.ย.,2019-09,46,กาฬสินธุ์,0
2562,2019,9,ก.ย.,2019-09,47,สกลนคร,0
2562,2019,9,ก.ย.,2019-09,48,นครพนม,0
2562,2019,9,ก.ย.,2019-09,49,มุกดาหาร,0
2562,2019,9,ก.ย.,2019-09,50,เชียงใหม่,1
2562,2019,9,ก.ย.,2019-09,51,ลำพูน,0
2562,2019,9,ก.ย.,2019-09,52,ลำปาง,0
2562,2019,9,ก.ย.,2019-09,53,อุตรดิตถ์,0
2562,2019,9,ก.ย.,2019-09,54,แพร่,0
2562,2019,9,ก.ย.,2019-09,55,น่าน,0
2562,2019,9,ก.ย.,2019-09,56,พะเยา,0
2562,2019,9,ก.ย.,2019-09,57,เชียงราย,1
2562,2019,9,ก.ย.,2019-09,58,แม่ฮ่องสอน,22
2562,2019,9,ก.ย.,2019-09,60,นครสวรรค์,0
2562,2019,9,ก.ย.,2019-09,61,อุทัยธานี,0
2562,2019,9,ก.ย.,2019-09,62,กำแพงเพชร,1
2562,2019,9,ก.ย.,2019-09,63,ตาก,89
2562,2019,9,ก.ย.,2019-09,64,สุโขทัย,0
2562,2019,9,ก.ย.,2019-09,65,พิษณุโลก,0
2562,2019,9,ก.ย.,2019-09,66,พิจิตร,0
2562,2019,9,ก.ย.,2019-09,67,เพชรบูรณ์,0
2562,2019,9,ก.ย.,2019-09,70,ราชบุรี,13
2562,2019,9,ก.ย.,2019-09,71,กาญจนบุรี,25
2562,2019,9,ก.ย.,2019-09,72,สุพรรณบุรี,0
2562,2019,9,ก.ย.,2019-09,73,นครปฐม,0
2562,2019,9,ก.ย.,2019-09,74,สมุทรสาคร,0
2562,2019,9,ก.ย.,2019-09,75,สมุทรสงคราม,0
2562,2019,9,ก.ย.,2019-09,76,เพชรบุรี,12
2562,2019,9,ก.ย.,2019-09,77,ประจวบคีรีขันธ์,16
2562,2019,9,ก.ย.,2019-09,80,นครศรีธรรมราช,0
2562,2019,9,ก.ย.,2019-09,81,กระบี่,0
2562,2019,9,ก.ย.,2019-09,82,พังงา,0
2562,2019,9,ก.ย.,2019-09,83,ภูเก็ต,1
2562,2019,9,ก.ย.,2019-09,84,สุราษฎร์ธานี,4
2562,2019,9,ก.ย.,2019-09,85,ระนอง,1
2562,2019,9,ก.ย.,2019-09,86,ชุมพร,1
2562,2019,9,ก.ย.,2019-09,90,สงขลา,28
2562,2019,9,ก.ย.,2019-09,91,สตูล,0
2562,2019,9,ก.ย.,2019-09,92,ตรัง,0
2562,2019,9,ก.ย.,2019-09,93,พัทลุง,0
2562,2019,9,ก.ย.,2019-09,94,ปัตตานี,1
2562,2019,9,ก.ย.,2019-09,95,ยะลา,165
2562,2019,9,ก.ย.,2019-09,96,นราธิวาส,2
2562,2019,10,ต.ค.,2019-10,10,กรุงเทพฯ,1
2562,2019,10,ต.ค.,2019-10,11,สมุทรปราการ,1
2562,2019,10,ต.ค.,2019-10,12,นนทบุรี,0
2562,2019,10,ต.ค.,2019-10,13,ปทุมธานี,0
2562,2019,10,ต.ค.,2019-10,14,พระนครศรีอยุธยา,0
2562,2019,10,ต.ค.,2019-10,15,อ่างทอง,0
2562,2019,10,ต.ค.,2019-10,16,ลพบุรี,0
2562,2019,10,ต.ค.,2019-10,17,สิงห์บุรี,0
2562,2019,10,ต.ค.,2019-10,18,ชัยนาท,0
2562,2019,10,ต.ค.,2019-10,19,สระบุรี,0
2562,2019,10,ต.ค.,2019-10,20,ชลบุรี,0
2562,2019,10,ต.ค.,2019-10,21,ระยอง,0
2562,2019,10,ต.ค.,2019-10,22,จันทบุรี,3
2562,2019,10,ต.ค.,2019-10,23,ตราด,1
2562,2019,10,ต.ค.,2019-10,24,ฉะเชิงเทรา,0
2562,2019,10,ต.ค.,2019-10,25,ปราจีนบุรี,0
2562,2019,10,ต.ค.,2019-10,26,นครนายก,0
2562,2019,10,ต.ค.,2019-10,27,สระแก้ว,0
2562,2019,10,ต.ค.,2019-10,30,นครราชสีมา,2
2562,2019,10,ต.ค.,2019-10,31,บุรีรัมย์,0
2562,2019,10,ต.ค.,2019-10,32,สุรินทร์,0
2562,2019,10,ต.ค.,2019-10,33,ศรีสะเกษ,16
2562,2019,10,ต.ค.,2019-10,34,อุบลราชธานี,7
2562,2019,10,ต.ค.,2019-10,35,ยโสธร,0
2562,2019,10,ต.ค.,2019-10,36,ชัยภูมิ,0
2562,2019,10,ต.ค.,2019-10,37,อำนาจเจริญ,0
2562,2019,10,ต.ค.,2019-10,38,บึงกาฬ,0
2562,2019,10,ต.ค.,2019-10,39,หนองบัวลำภู,0
2562,2019,10,ต.ค.,2019-10,40,ขอนแก่น,0
2562,2019,10,ต.ค.,2019-10,41,อุดรธานี,0
2562,2019,10,ต.ค.,2019-10,42,เลย,0
2562,2019,10,ต.ค.,2019-10,43,หนองคาย,0
2562,2019,10,ต.ค.,2019-10,44,มหาสารคาม,0
2562,2019,10,ต.ค.,2019-10,45,ร้อยเอ็ด,0
2562,2019,10,ต.ค.,2019-10,46,กาฬสินธุ์,0
2562,2019,10,ต.ค.,2019-10,47,สกลนคร,0
2562,2019,10,ต.ค.,2019-10,48,นครพนม,0
2562,2019,10,ต.ค.,2019-10,49,มุกดาหาร,0
2562,2019,10,ต.ค.,2019-10,50,เชียงใหม่,0
2562,2019,10,ต.ค.,2019-10,51,ลำพูน,0
2562,2019,10,ต.ค.,2019-10,52,ลำปาง,0
2562,2019,10,ต.ค.,2019-10,53,อุตรดิตถ์,0
2562,2019,10,ต.ค.,2019-10,54,แพร่,0
2562,2019,10,ต.ค.,2019-10,55,น่าน,0
2562,2019,10,ต.ค.,2019-10,56,พะเยา,0
2562,2019,10,ต.ค.,2019-10,57,เชียงราย,1
2562,2019,10,ต.ค.,2019-10,58,แม่ฮ่องสอน,10
2562,2019,10,ต.ค.,2019-10,60,นครสวรรค์,0
2562,2019,10,ต.ค.,2019-10,61,อุทัยธานี,0
2562,2019,10,ต.ค.,2019-10,62,กำแพงเพชร,1
2562,2019,10,ต.ค.,2019-10,63,ตาก,114
2562,2019,10,ต.ค.,2019-10,64,สุโขทัย,0
2562,2019,10,ต.ค.,2019-10,65,พิษณุโลก,1
2562,2019,10,ต.ค.,2019-10,66,พิจิตร,0
2562,2019,10,ต.ค.,2019-10,67,เพชรบูรณ์,0
2562,2019,10,ต.ค.,2019-10,70,ราชบุรี,15
2562,2019,10,ต.ค.,2019-10,71,กาญจนบุรี,32
2562,2019,10,ต.ค.,2019-10,72,สุพรรณบุรี,0
2562,2019,10,ต.ค.,2019-10,73,นครปฐม,0
2562,2019,10,ต.ค.,2019-10,74,สมุทรสาคร,0
2562,2019,10,ต.ค.,2019-10,75,สมุทรสงคราม,0
2562,2019,10,ต.ค.,2019-10,76,เพชรบุรี,14
2562,2019,10,ต.ค.,2019-10,77,ประจวบคีรีขันธ์,9
2562,2019,10,ต.ค.,2019-10,80,นครศรีธรรมราช,0
2562,2019,10,ต.ค.,2019-10,81,กระบี่,0
2562,2019,10,ต.ค.,2019-10,82,พังงา,3
2562,2019,10,ต.ค.,2019-10,83,ภูเก็ต,0
2562,2019,10,ต.ค.,2019-10,84,สุราษฎร์ธานี,3
2562,2019,10,ต.ค.,2019-10,85,ระนอง,3
2562,2019,10,ต.ค.,2019-10,86,ชุมพร,1
2562,2019,10,ต.ค.,2019-10,90,สงขลา,20
2562,2019,10,ต.ค.,2019-10,91,สตูล,0
2562,2019,10,ต.ค.,2019-10,92,ตรัง,0
2562,2019,10,ต.ค.,2019-10,93,พัทลุง,0
2562,2019,10,ต.ค.,2019-10,94,ปัตตานี,0
2562,2019,10,ต.ค.,2019-10,95,ยะลา,125
2562,2019,10,ต.ค.,2019-10,96,นราธิวาส,2
2562,2019,11,พ.ย.,2019-11,10,กรุงเทพฯ,1
2562,2019,11,พ.ย.,2019-11,11,สมุทรปราการ,0
2562,2019,11,พ.ย.,2019-11,12,นนทบุรี,0
2562,2019,11,พ.ย.,2019-11,13,ปทุมธานี,0
2562,2019,11,พ.ย.,2019-11,14,พระนครศรีอยุธยา,0
2562,2019,11,พ.ย.,2019-11,15,อ่างทอง,0
2562,2019,11,พ.ย.,2019-11,16,ลพบุรี,0
2562,2019,11,พ.ย.,2019-11,17,สิงห์บุรี,0
2562,2019,11,พ.ย.,2019-11,18,ชัยนาท,0
2562,2019,11,พ.ย.,2019-11,19,สระบุรี,1
2562,2019,11,พ.ย.,2019-11,20,ชลบุรี,1
2562,2019,11,พ.ย.,2019-11,21,ระยอง,0
2562,2019,11,พ.ย.,2019-11,22,จันทบุรี,0
2562,2019,11,พ.ย.,2019-11,23,ตราด,0
2562,2019,11,พ.ย.,2019-11,24,ฉะเชิงเทรา,1
2562,2019,11,พ.ย.,2019-11,25,ปราจีนบุรี,0
2562,2019,11,พ.ย.,2019-11,26,นครนายก,0
2562,2019,11,พ.ย.,2019-11,27,สระแก้ว,0
2562,2019,11,พ.ย.,2019-11,30,นครราชสีมา,7
2562,2019,11,พ.ย.,2019-11,31,บุรีรัมย์,0
2562,2019,11,พ.ย.,2019-11,32,สุรินทร์,0
2562,2019,11,พ.ย.,2019-11,33,ศรีสะเกษ,14
2562,2019,11,พ.ย.,2019-11,34,อุบลราชธานี,8
2562,2019,11,พ.ย.,2019-11,35,ยโสธร,0
2562,2019,11,พ.ย.,2019-11,36,ชัยภูมิ,0
2562,2019,11,พ.ย.,2019-11,37,อำนาจเจริญ,1
2562,2019,11,พ.ย.,2019-11,38,บึงกาฬ,0
2562,2019,11,พ.ย.,2019-11,39,หนองบัวลำภู,0
2562,2019,11,พ.ย.,2019-11,40,ขอนแก่น,0
2562,2019,11,พ.ย.,2019-11,41,อุดรธานี,0
2562,2019,11,พ.ย.,2019-11,42,เลย,0
2562,2019,11,พ.ย.,2019-11,43,หนองคาย,0
2562,2019,11,พ.ย.,2019-11,44,มหาสารคาม,0
2562,2019,11,พ.ย.,2019-11,45,ร้อยเอ็ด,0
2562,2019,11,พ.ย.,2019-11,46,กาฬสินธุ์,0
2562,2019,11,พ.ย.,2019-11,47,สกลนคร,0
2562,2019,11,พ.ย.,2019-11,48,นครพนม,0
2562,2019,11,พ.ย.,2019-11,49,มุกดาหาร,0
2562,2019,11,พ.ย.,2019-11,50,เชียงใหม่,0
2562,2019,11,พ.ย.,2019-11,51,ลำพูน,0
2562,2019,11,พ.ย.,2019-11,52,ลำปาง,0
2562,2019,11,พ.ย.,2019-11,53,อุตรดิตถ์,0
2562,2019,11,พ.ย.,2019-11,54,แพร่,0
2562,2019,11,พ.ย.,2019-11,55,น่าน,0
2562,2019,11,พ.ย.,2019-11,56,พะเยา,0
2562,2019,11,พ.ย.,2019-11,57,เชียงราย,0
2562,2019,11,พ.ย.,2019-11,58,แม่ฮ่องสอน,27
2562,2019,11,พ.ย.,2019-11,60,นครสวรรค์,0
2562,2019,11,พ.ย.,2019-11,61,อุทัยธานี,0
2562,2019,11,พ.ย.,2019-11,62,กำแพงเพชร,0
2562,2019,11,พ.ย.,2019-11,63,ตาก,111
2562,2019,11,พ.ย.,2019-11,64,สุโขทัย,0
2562,2019,11,พ.ย.,2019-11,65,พิษณุโลก,0
2562,2019,11,พ.ย.,2019-11,66,พิจิตร,0
2562,2019,11,พ.ย.,2019-11,67,เพชรบูรณ์,1
2562,2019,11,พ.ย.,2019-11,70,ราชบุรี,16
2562,2019,11,พ.ย.,2019-11,71,กาญจนบุรี,38
2562,2019,11,พ.ย.,2019-11,72,สุพรรณบุรี,0
2562,2019,11,พ.ย.,2019-11,73,นครปฐม,0
2562,2019,11,พ.ย.,2019-11,74,สมุทรสาคร,0
2562,2019,11,พ.ย.,2019-11,75,สมุทรสงคราม,0
2562,2019,11,พ.ย.,2019-11,76,เพชรบุรี,9
2562,2019,11,พ.ย.,2019-11,77,ประจวบคีรีขันธ์,9
2562,2019,11,พ.ย.,2019-11,80,นครศรีธรรมราช,0
2562,2019,11,พ.ย.,2019-11,81,กระบี่,0
2562,2019,11,พ.ย.,2019-11,82,พังงา,0
2562,2019,11,พ.ย.,2019-11,83,ภูเก็ต,0
2562,2019,11,พ.ย.,2019-11,84,สุราษฎร์ธานี,4
2562,2019,11,พ.ย.,2019-11,85,ระนอง,5
2562,2019,11,พ.ย.,2019-11,86,ชุมพร,4
2562,2019,11,พ.ย.,2019-11,90,สงขลา,10
2562,2019,11,พ.ย.,2019-11,91,สตูล,0
2562,2019,11,พ.ย.,2019-11,92,ตรัง,0
2562,2019,11,พ.ย.,2019-11,93,พัทลุง,0
2562,2019,11,พ.ย.,2019-11,94,ปัตตานี,1
2562,2019,11,พ.ย.,2019-11,95,ยะลา,63
2562,2019,11,พ.ย.,2019-11,96,นราธิวาส,2
2562,2019,12,ธ.ค.,2019-12,10,กรุงเทพฯ,1
2562,2019,12,ธ.ค.,2019-12,11,สมุทรปราการ,0
2562,2019,12,ธ.ค.,2019-12,12,นนทบุรี,0
2562,2019,12,ธ.ค.,2019-12,13,ปทุมธานี,0
2562,2019,12,ธ.ค.,2019-12,14,พระนครศรีอยุธยา,0
2562,2019,12,ธ.ค.,2019-12,15,อ่างทอง,0
2562,2019,12,ธ.ค.,2019-12,16,ลพบุรี,0
2562,2019,12,ธ.ค.,2019-12,17,สิงห์บุรี,0
2562,2019,12,ธ.ค.,2019-12,18,ชัยนาท,0
2562,2019,12,ธ.ค.,2019-12,19,สระบุรี,0
2562,2019,12,ธ.ค.,2019-12,20,ชลบุรี,2
2562,2019,12,ธ.ค.,2019-12,21,ระยอง,0
2562,2019,12,ธ.ค.,2019-12,22,จันทบุรี,1
2562,2019,12,ธ.ค.,2019-12,23,ตราด,1
2562,2019,12,ธ.ค.,2019-12,24,ฉะเชิงเทรา,0
2562,2019,12,ธ.ค.,2019-12,25,ปราจีนบุรี,0
2562,2019,12,ธ.ค.,2019-12,26,นครนายก,0
2562,2019,12,ธ.ค.,2019-12,27,สระแก้ว,0
2562,2019,12,ธ.ค.,2019-12,30,นครราชสีมา,1
2562,2019,12,ธ.ค.,2019-12,31,บุรีรัมย์,0
2562,2019,12,ธ.ค.,2019-12,32,สุรินทร์,0
2562,2019,12,ธ.ค.,2019-12,33,ศรีสะเกษ,7
2562,2019,12,ธ.ค.,2019-12,34,อุบลราชธานี,5
2562,2019,12,ธ.ค.,2019-12,35,ยโสธร,0
2562,2019,12,ธ.ค.,2019-12,36,ชัยภูมิ,3
2562,2019,12,ธ.ค.,2019-12,37,อำนาจเจริญ,0
2562,2019,12,ธ.ค.,2019-12,38,บึงกาฬ,0
2562,2019,12,ธ.ค.,2019-12,39,หนองบัวลำภู,0
2562,2019,12,ธ.ค.,2019-12,40,ขอนแก่น,0
2562,2019,12,ธ.ค.,2019-12,41,อุดรธานี,0
2562,2019,12,ธ.ค.,2019-12,42,เลย,0
2562,2019,12,ธ.ค.,2019-12,43,หนองคาย,0
2562,2019,12,ธ.ค.,2019-12,44,มหาสารคาม,0
2562,2019,12,ธ.ค.,2019-12,45,ร้อยเอ็ด,0
2562,2019,12,ธ.ค.,2019-12,46,กาฬสินธุ์,0
2562,2019,12,ธ.ค.,2019-12,47,สกลนคร,0
2562,2019,12,ธ.ค.,2019-12,48,นครพนม,0
2562,2019,12,ธ.ค.,2019-12,49,มุกดาหาร,0
2562,2019,12,ธ.ค.,2019-12,50,เชียงใหม่,0
2562,2019,12,ธ.ค.,2019-12,51,ลำพูน,0
2562,2019,12,ธ.ค.,2019-12,52,ลำปาง,0
2562,2019,12,ธ.ค.,2019-12,53,อุตรดิตถ์,0
2562,2019,12,ธ.ค.,2019-12,54,แพร่,0
2562,2019,12,ธ.ค.,2019-12,55,น่าน,0
2562,2019,12,ธ.ค.,2019-12,56,พะเยา,0
2562,2019,12,ธ.ค.,2019-12,57,เชียงราย,0
2562,2019,12,ธ.ค.,2019-12,58,แม่ฮ่องสอน,13
2562,2019,12,ธ.ค.,2019-12,60,นครสวรรค์,0
2562,2019,12,ธ.ค.,2019-12,61,อุทัยธานี,0
2562,2019,12,ธ.ค.,2019-12,62,กำแพงเพชร,0
2562,2019,12,ธ.ค.,2019-12,63,ตาก,114
2562,2019,12,ธ.ค.,2019-12,64,สุโขทัย,0
2562,2019,12,ธ.ค.,2019-12,65,พิษณุโลก,0
2562,2019,12,ธ.ค.,2019-12,66,พิจิตร,0
2562,2019,12,ธ.ค.,2019-12,67,เพชรบูรณ์,0
2562,2019,12,ธ.ค.,2019-12,70,ราชบุรี,7
2562,2019,12,ธ.ค.,2019-12,71,กาญจนบุรี,16
2562,2019,12,ธ.ค.,2019-12,72,สุพรรณบุรี,0
2562,2019,12,ธ.ค.,2019-12,73,นครปฐม,0
2562,2019,12,ธ.ค.,2019-12,74,สมุทรสาคร,0
2562,2019,12,ธ.ค.,2019-12,75,สมุทรสงคราม,0
2562,2019,12,ธ.ค.,2019-12,76,เพชรบุรี,14
2562,2019,12,ธ.ค.,2019-12,77,ประจวบคีรีขันธ์,8
2562,2019,12,ธ.ค.,2019-12,80,นครศรีธรรมราช,0
2562,2019,12,ธ.ค.,2019-12,81,กระบี่,0
2562,2019,12,ธ.ค.,2019-12,82,พังงา,2
2562,2019,12,ธ.ค.,2019-12,83,ภูเก็ต,1
2562,2019,12,ธ.ค.,2019-12,84,สุราษฎร์ธานี,4
2562,2019,12,ธ.ค.,2019-12,85,ระนอง,2
2562,2019,12,ธ.ค.,2019-12,86,ชุมพร,3
2562,2019,12,ธ.ค.,2019-12,90,สงขลา,10
2562,2019,12,ธ.ค.,2019-12,91,สตูล,0
2562,2019,12,ธ.ค.,2019-12,92,ตรัง,0
2562,2019,12,ธ.ค.,2019-12,93,พัทลุง,0
2562,2019,12,ธ.ค.,2019-12,94,ปัตตานี,0
2562,2019,12,ธ.ค.,2019-12,95,ยะลา,25
2562,2019,12,ธ.ค.,2019-12,96,นราธิวาส,0
2563,2020,1,ม.ค.,2020-01,10,กรุงเทพฯ,2
2563,2020,1,ม.ค.,2020-01,11,สมุทรปราการ,1
2563,2020,1,ม.ค.,2020-01,12,นนทบุรี,0
2563,2020,1,ม.ค.,2020-01,13,ปทุมธานี,0
2563,2020,1,ม.ค.,2020-01,14,พระนครศรีอยุธยา,0
2563,2020,1,ม.ค.,2020-01,15,อ่างทอง,0
2563,2020,1,ม.ค.,2020-01,16,ลพบุรี,0
2563,2020,1,ม.ค.,2020-01,17,สิงห์บุรี,0
2563,2020,1,ม.ค.,2020-01,18,ชัยนาท,0
2563,2020,1,ม.ค.,2020-01,19,สระบุรี,0
2563,2020,1,ม.ค.,2020-01,20,ชลบุรี,0
2563,2020,1,ม.ค.,2020-01,21,ระยอง,0
2563,2020,1,ม.ค.,2020-01,22,จันทบุรี,0
2563,2020,1,ม.ค.,2020-01,23,ตราด,0
2563,2020,1,ม.ค.,2020-01,24,ฉะเชิงเทรา,1
2563,2020,1,ม.ค.,2020-01,25,ปราจีนบุรี,0
2563,2020,1,ม.ค.,2020-01,26,นครนายก,0
2563,2020,1,ม.ค.,2020-01,27,สระแก้ว,0
2563,2020,1,ม.ค.,2020-01,30,นครราชสีมา,3
2563,2020,1,ม.ค.,2020-01,31,บุรีรัมย์,0
2563,2020,1,ม.ค.,2020-01,32,สุรินทร์,0
2563,2020,1,ม.ค.,2020-01,33,ศรีสะเกษ,9
2563,2020,1,ม.ค.,2020-01,34,อุบลราชธานี,3
2563,2020,1,ม.ค.,2020-01,35,ยโสธร,0
2563,2020,1,ม.ค.,2020-01,36,ชัยภูมิ,0
2563,2020,1,ม.ค.,2020-01,37,อำนาจเจริญ,0
2563,2020,1,ม.ค.,2020-01,38,บึงกาฬ,0
2563,2020,1,ม.ค.,2020-01,39,หนองบัวลำภู,0
2563,2020,1,ม.ค.,2020-01,40,ขอนแก่น,0
2563,2020,1,ม.ค.,2020-01,41,อุดรธานี,0
2563,2020,1,ม.ค.,2020-01,42,เลย,0
2563,2020,1,ม.ค.,2020-01,43,หนองคาย,0
2563,2020,1,ม.ค.,2020-01,44,มหาสารคาม,0
2563,2020,1,ม.ค.,2020-01,45,ร้อยเอ็ด,0
2563,2020,1,ม.ค.,2020-01,46,กาฬสินธุ์,0
2563,2020,1,ม.ค.,2020-01,47,สกลนคร,0
2563,2020,1,ม.ค.,2020-01,48,นครพนม,0
2563,2020,1,ม.ค.,2020-01,49,มุกดาหาร,0
2563,2020,1,ม.ค.,2020-01,50,เชียงใหม่,0
2563,2020,1,ม.ค.,2020-01,51,ลำพูน,0
2563,2020,1,ม.ค.,2020-01,52,ลำปาง,0
2563,2020,1,ม.ค.,2020-01,53,อุตรดิตถ์,0
2563,2020,1,ม.ค.,2020-01,54,แพร่,0
2563,2020,1,ม.ค.,2020-01,55,น่าน,0
2563,2020,1,ม.ค.,2020-01,56,พะเยา,0
2563,2020,1,ม.ค.,2020-01,57,เชียงราย,0
2563,2020,1,ม.ค.,2020-01,58,แม่ฮ่องสอน,15
2563,2020,1,ม.ค.,2020-01,60,นครสวรรค์,0
2563,2020,1,ม.ค.,2020-01,61,อุทัยธานี,0
2563,2020,1,ม.ค.,2020-01,62,กำแพงเพชร,0
2563,2020,1,ม.ค.,2020-01,63,ตาก,71
2563,2020,1,ม.ค.,2020-01,64,สุโขทัย,0
2563,2020,1,ม.ค.,2020-01,65,พิษณุโลก,0
2563,2020,1,ม.ค.,2020-01,66,พิจิตร,0
2563,2020,1,ม.ค.,2020-01,67,เพชรบูรณ์,0
2563,2020,1,ม.ค.,2020-01,70,ราชบุรี,6
2563,2020,1,ม.ค.,2020-01,71,กาญจนบุรี,22
2563,2020,1,ม.ค.,2020-01,72,สุพรรณบุรี,0
2563,2020,1,ม.ค.,2020-01,73,นครปฐม,0
2563,2020,1,ม.ค.,2020-01,74,สมุทรสาคร,0
2563,2020,1,ม.ค.,2020-01,75,สมุทรสงคราม,0
2563,2020,1,ม.ค.,2020-01,76,เพชรบุรี,4
2563,2020,1,ม.ค.,2020-01,77,ประจวบคีรีขันธ์,5
2563,2020,1,ม.ค.,2020-01,80,นครศรีธรรมราช,0
2563,2020,1,ม.ค.,2020-01,81,กระบี่,1
2563,2020,1,ม.ค.,2020-01,82,พังงา,0
2563,2020,1,ม.ค.,2020-01,83,ภูเก็ต,0
2563,2020,1,ม.ค.,2020-01,84,สุราษฎร์ธานี,5
2563,2020,1,ม.ค.,2020-01,85,ระนอง,0
2563,2020,1,ม.ค.,2020-01,86,ชุมพร,4
2563,2020,1,ม.ค.,2020-01,90,สงขลา,13
2563,2020,1,ม.ค.,2020-01,91,สตูล,0
2563,2020,1,ม.ค.,2020-01,92,ตรัง,0
2563,2020,1,ม.ค.,2020-01,93,พัทลุง,0
2563,2020,1,ม.ค.,2020-01,94,ปัตตานี,1
2563,2020,1,ม.ค.,2020-01,95,ยะลา,40
2563,2020,1,ม.ค.,2020-01,96,นราธิวาส,3
2563,2020,2,ก.พ.,2020-02,10,กรุงเทพฯ,1
2563,2020,2,ก.พ.,2020-02,11,สมุทรปราการ,0
2563,2020,2,ก.พ.,2020-02,12,นนทบุรี,0
2563,2020,2,ก.พ.,2020-02,13,ปทุมธานี,0
2563,2020,2,ก.พ.,2020-02,14,พระนครศรีอยุธยา,0
2563,2020,2,ก.พ.,2020-02,15,อ่างทอง,0
2563,2020,2,ก.พ.,2020-02,16,ลพบุรี,0
2563,2020,2,ก.พ.,2020-02,17,สิงห์บุรี,0
2563,2020,2,ก.พ.,2020-02,18,ชัยนาท,0
2563,2020,2,ก.พ.,2020-02,19,สระบุรี,0
2563,2020,2,ก.พ.,2020-02,20,ชลบุรี,0
2563,2020,2,ก.พ.,2020-02,21,ระยอง,0
2563,2020,2,ก.พ.,2020-02,22,จันทบุรี,3
2563,2020,2,ก.พ.,2020-02,23,ตราด,2
2563,2020,2,ก.พ.,2020-02,24,ฉะเชิงเทรา,0
2563,2020,2,ก.พ.,2020-02,25,ปราจีนบุรี,0
2563,2020,2,ก.พ.,2020-02,26,นครนายก,0
2563,2020,2,ก.พ.,2020-02,27,สระแก้ว,0
2563,2020,2,ก.พ.,2020-02,30,นครราชสีมา,0
2563,2020,2,ก.พ.,2020-02,31,บุรีรัมย์,0
2563,2020,2,ก.พ.,2020-02,32,สุรินทร์,0
2563,2020,2,ก.พ.,2020-02,33,ศรีสะเกษ,4
2563,2020,2,ก.พ.,2020-02,34,อุบลราชธานี,5
2563,2020,2,ก.พ.,2020-02,35,ยโสธร,0
2563,2020,2,ก.พ.,2020-02,36,ชัยภูมิ,0
2563,2020,2,ก.พ.,2020-02,37,อำนาจเจริญ,0
2563,2020,2,ก.พ.,2020-02,38,บึงกาฬ,0
2563,2020,2,ก.พ.,2020-02,39,หนองบัวลำภู,0
2563,2020,2,ก.พ.,2020-02,40,ขอนแก่น,0
2563,2020,2,ก.พ.,2020-02,41,อุดรธานี,0
2563,2020,2,ก.พ.,2020-02,42,เลย,0
2563,2020,2,ก.พ.,2020-02,43,หนองคาย,0
2563,2020,2,ก.พ.,2020-02,44,มหาสารคาม,0
2563,2020,2,ก.พ.,2020-02,45,ร้อยเอ็ด,0
2563,2020,2,ก.พ.,2020-02,46,กาฬสินธุ์,0
2563,2020,2,ก.พ.,2020-02,47,สกลนคร,0
2563,2020,2,ก.พ.,2020-02,48,นครพนม,0
2563,2020,2,ก.พ.,2020-02,49,มุกดาหาร,0
2563,2020,2,ก.พ.,2020-02,50,เชียงใหม่,0
2563,2020,2,ก.พ.,2020-02,51,ลำพูน,0
2563,2020,2,ก.พ.,2020-02,52,ลำปาง,0
2563,2020,2,ก.พ.,2020-02,53,อุตรดิตถ์,0
2563,2020,2,ก.พ.,2020-02,54,แพร่,0
2563,2020,2,ก.พ.,2020-02,55,น่าน,0
2563,2020,2,ก.พ.,2020-02,56,พะเยา,0
2563,2020,2,ก.พ.,2020-02,57,เชียงราย,0
2563,2020,2,ก.พ.,2020-02,58,แม่ฮ่องสอน,6
2563,2020,2,ก.พ.,2020-02,60,นครสวรรค์,0
2563,2020,2,ก.พ.,2020-02,61,อุทัยธานี,1
2563,2020,2,ก.พ.,2020-02,62,กำแพงเพชร,0
2563,2020,2,ก.พ.,2020-02,63,ตาก,60
2563,2020,2,ก.พ.,2020-02,64,สุโขทัย,0
2563,2020,2,ก.พ.,2020-02,65,พิษณุโลก,0
2563,2020,2,ก.พ.,2020-02,66,พิจิตร,0
2563,2020,2,ก.พ.,2020-02,67,เพชรบูรณ์,0
2563,2020,2,ก.พ.,2020-02,70,ราชบุรี,7
2563,2020,2,ก.พ.,2020-02,71,กาญจนบุรี,8
2563,2020,2,ก.พ.,2020-02,72,สุพรรณบุรี,0
2563,2020,2,ก.พ.,2020-02,73,นครปฐม,0
2563,2020,2,ก.พ.,2020-02,74,สมุทรสาคร,0
2563,2020,2,ก.พ.,2020-02,75,สมุทรสงคราม,0
2563,2020,2,ก.พ.,2020-02,76,เพชรบุรี,5
2563,2020,2,ก.พ.,2020-02,77,ประจวบคีรีขันธ์,5
2563,2020,2,ก.พ.,2020-02,80,นครศรีธรรมราช,0
2563,2020,2,ก.พ.,2020-02,81,กระบี่,0
2563,2020,2,ก.พ.,2020-02,82,พังงา,0
2563,2020,2,ก.พ.,2020-02,83,ภูเก็ต,0
2563,2020,2,ก.พ.,2020-02,84,สุราษฎร์ธานี,1
2563,2020,2,ก.พ.,2020-02,85,ระนอง,1
2563,2020,2,ก.พ.,2020-02,86,ชุมพร,4
2563,2020,2,ก.พ.,2020-02,90,สงขลา,6
2563,2020,2,ก.พ.,2020-02,91,สตูล,0
2563,2020,2,ก.พ.,2020-02,92,ตรัง,0
2563,2020,2,ก.พ.,2020-02,93,พัทลุง,0
2563,2020,2,ก.พ.,2020-02,94,ปัตตานี,0
2563,2020,2,ก.พ.,2020-02,95,ยะลา,50
2563,2020,2,ก.พ.,2020-02,96,นราธิวาส,3
2563,2020,3,มี.ค.,2020-03,10,กรุงเทพฯ,1
2563,2020,3,มี.ค.,2020-03,11,สมุทรปราการ,0
2563,2020,3,มี.ค.,2020-03,12,นนทบุรี,0
2563,2020,3,มี.ค.,2020-03,13,ปทุมธานี,0
2563,2020,3,มี.ค.,2020-03,14,พระนครศรีอยุธยา,0
2563,2020,3,มี.ค.,2020-03,15,อ่างทอง,0
2563,2020,3,มี.ค.,2020-03,16,ลพบุรี,0
2563,2020,3,มี.ค.,2020-03,17,สิงห์บุรี,0
2563,2020,3,มี.ค.,2020-03,18,ชัยนาท,0
2563,2020,3,มี.ค.,2020-03,19,สระบุรี,0
2563,2020,3,มี.ค.,2020-03,20,ชลบุรี,0
2563,2020,3,มี.ค.,2020-03,21,ระยอง,0
2563,2020,3,มี.ค.,2020-03,22,จันทบุรี,0
2563,2020,3,มี.ค.,2020-03,23,ตราด,1
2563,2020,3,มี.ค.,2020-03,24,ฉะเชิงเทรา,0
2563,2020,3,มี.ค.,2020-03,25,ปราจีนบุรี,0
2563,2020,3,มี.ค.,2020-03,26,นครนายก,0
2563,2020,3,มี.ค.,2020-03,27,สระแก้ว,0
2563,2020,3,มี.ค.,2020-03,30,นครราชสีมา,1
2563,2020,3,มี.ค.,2020-03,31,บุรีรัมย์,0
2563,2020,3,มี.ค.,2020-03,32,สุรินทร์,0
2563,2020,3,มี.ค.,2020-03,33,ศรีสะเกษ,1
2563,2020,3,มี.ค.,2020-03,34,อุบลราชธานี,2
2563,2020,3,มี.ค.,2020-03,35,ยโสธร,1
2563,2020,3,มี.ค.,2020-03,36,ชัยภูมิ,1
2563,2020,3,มี.ค.,2020-03,37,อำนาจเจริญ,0
2563,2020,3,มี.ค.,2020-03,38,บึงกาฬ,0
2563,2020,3,มี.ค.,2020-03,39,หนองบัวลำภู,0
2563,2020,3,มี.ค.,2020-03,40,ขอนแก่น,0
2563,2020,3,มี.ค.,2020-03,41,อุดรธานี,0
2563,2020,3,มี.ค.,2020-03,42,เลย,0
2563,2020,3,มี.ค.,2020-03,43,หนองคาย,0
2563,2020,3,มี.ค.,2020-03,44,มหาสารคาม,0
2563,2020,3,มี.ค.,2020-03,45,ร้อยเอ็ด,0
2563,2020,3,มี.ค.,2020-03,46,กาฬสินธุ์,0
2563,2020,3,มี.ค.,2020-03,47,สกลนคร,0
2563,2020,3,มี.ค.,2020-03,48,นครพนม,0
2563,2020,3,มี.ค.,2020-03,49,มุกดาหาร,0
2563,2020,3,มี.ค.,2020-03,50,เชียงใหม่,0
2563,2020,3,มี.ค.,2020-03,51,ลำพูน,0
2563,2020,3,มี.ค.,2020-03,52,ลำปาง,0
2563,2020,3,มี.ค.,2020-03,53,อุตรดิตถ์,0
2563,2020,3,มี.ค.,2020-03,54,แพร่,0
2563,2020,3,มี.ค.,2020-03,55,น่าน,0
2563,2020,3,มี.ค.,2020-03,56,พะเยา,0
2563,2020,3,มี.ค.,2020-03,57,เชียงราย,0
2563,2020,3,มี.ค.,2020-03,58,แม่ฮ่องสอน,10
2563,2020,3,มี.ค.,2020-03,60,นครสวรรค์,0
2563,2020,3,มี.ค.,2020-03,61,อุทัยธานี,0
2563,2020,3,มี.ค.,2020-03,62,กำแพงเพชร,0
2563,2020,3,มี.ค.,2020-03,63,ตาก,57
2563,2020,3,มี.ค.,2020-03,64,สุโขทัย,0
2563,2020,3,มี.ค.,2020-03,65,พิษณุโลก,0
2563,2020,3,มี.ค.,2020-03,66,พิจิตร,0
2563,2020,3,มี.ค.,2020-03,67,เพชรบูรณ์,0
2563,2020,3,มี.ค.,2020-03,70,ราชบุรี,5
2563,2020,3,มี.ค.,2020-03,71,กาญจนบุรี,12
2563,2020,3,มี.ค.,2020-03,72,สุพรรณบุรี,0
2563,2020,3,มี.ค.,2020-03,73,นครปฐม,0
2563,2020,3,มี.ค.,2020-03,74,สมุทรสาคร,0
2563,2020,3,มี.ค.,2020-03,75,สมุทรสงคราม,0
2563,2020,3,มี.ค.,2020-03,76,เพชรบุรี,6
2563,2020,3,มี.ค.,2020-03,77,ประจวบคีรีขันธ์,6
2563,2020,3,มี.ค.,2020-03,80,นครศรีธรรมราช,0
2563,2020,3,มี.ค.,2020-03,81,กระบี่,0
2563,2020,3,มี.ค.,2020-03,82,พังงา,2
2563,2020,3,มี.ค.,2020-03,83,ภูเก็ต,0
2563,2020,3,มี.ค.,2020-03,84,สุราษฎร์ธานี,1
2563,2020,3,มี.ค.,2020-03,85,ระนอง,2
2563,2020,3,มี.ค.,2020-03,86,ชุมพร,3
2563,2020,3,มี.ค.,2020-03,90,สงขลา,14
2563,2020,3,มี.ค.,2020-03,91,สตูล,1
2563,2020,3,มี.ค.,2020-03,92,ตรัง,0
2563,2020,3,มี.ค.,2020-03,93,พัทลุง,0
2563,2020,3,มี.ค.,2020-03,94,ปัตตานี,0
2563,2020,3,มี.ค.,2020-03,95,ยะลา,52
2563,2020,3,มี.ค.,2020-03,96,นราธิวาส,3
2563,2020,4,เม.ย.,2020-04,10,กรุงเทพฯ,0
2563,2020,4,เม.ย.,2020-04,11,สมุทรปราการ,0
2563,2020,4,เม.ย.,2020-04,12,นนทบุรี,0
2563,2020,4,เม.ย.,2020-04,13,ปทุมธานี,0
2563,2020,4,เม.ย.,2020-04,14,พระนครศรีอยุธยา,0
2563,2020,4,เม.ย.,2020-04,15,อ่างทอง,0
2563,2020,4,เม.ย.,2020-04,16,ลพบุรี,0
2563,2020,4,เม.ย.,2020-04,17,สิงห์บุรี,0
2563,2020,4,เม.ย.,2020-04,18,ชัยนาท,0
2563,2020,4,เม.ย.,2020-04,19,สระบุรี,0
2563,2020,4,เม.ย.,2020-04,20,ชลบุรี,1
2563,2020,4,เม.ย.,2020-04,21,ระยอง,0
2563,2020,4,เม.ย.,2020-04,22,จันทบุรี,3
2563,2020,4,เม.ย.,2020-04,23,ตราด,6
2563,2020,4,เม.ย.,2020-04,24,ฉะเชิงเทรา,0
2563,2020,4,เม.ย.,2020-04,25,ปราจีนบุรี,0
2563,2020,4,เม.ย.,2020-04,26,นครนายก,0
2563,2020,4,เม.ย.,2020-04,27,สระแก้ว,0
2563,2020,4,เม.ย.,2020-04,30,นครราชสีมา,1
2563,2020,4,เม.ย.,2020-04,31,บุรีรัมย์,0
2563,2020,4,เม.ย.,2020-04,32,สุรินทร์,0
2563,2020,4,เม.ย.,2020-04,33,ศรีสะเกษ,6
2563,2020,4,เม.ย.,2020-04,34,อุบลราชธานี,1
2563,2020,4,เม.ย.,2020-04,35,ยโสธร,0
2563,2020,4,เม.ย.,2020-04,36,ชัยภูมิ,0
2563,2020,4,เม.ย.,2020-04,37,อำนาจเจริญ,0
2563,2020,4,เม.ย.,2020-04,38,บึงกาฬ,0
2563,2020,4,เม.ย.,2020-04,39,หนองบัวลำภู,0
2563,2020,4,เม.ย.,2020-04,40,ขอนแก่น,0
2563,2020,4,เม.ย.,2020-04,41,อุดรธานี,1
2563,2020,4,เม.ย.,2020-04,42,เลย,0
2563,2020,4,เม.ย.,2020-04,43,หนองคาย,0
2563,2020,4,เม.ย.,2020-04,44,มหาสารคาม,0
2563,2020,4,เม.ย.,2020-04,45,ร้อยเอ็ด,0
2563,2020,4,เม.ย.,2020-04,46,กาฬสินธุ์,0
2563,2020,4,เม.ย.,2020-04,47,สกลนคร,0
2563,2020,4,เม.ย.,2020-04,48,นครพนม,0
2563,2020,4,เม.ย.,2020-04,49,มุกดาหาร,0
2563,2020,4,เม.ย.,2020-04,50,เชียงใหม่,1
2563,2020,4,เม.ย.,2020-04,51,ลำพูน,0
2563,2020,4,เม.ย.,2020-04,52,ลำปาง,0
2563,2020,4,เม.ย.,2020-04,53,อุตรดิตถ์,0
2563,2020,4,เม.ย.,2020-04,54,แพร่,0
2563,2020,4,เม.ย.,2020-04,55,น่าน,0
2563,2020,4,เม.ย.,2020-04,56,พะเยา,0
2563,2020,4,เม.ย.,2020-04,57,เชียงราย,0
2563,2020,4,เม.ย.,2020-04,58,แม่ฮ่องสอน,3
2563,2020,4,เม.ย.,2020-04,60,นครสวรรค์,0
2563,2020,4,เม.ย.,2020-04,61,อุทัยธานี,0
2563,2020,4,เม.ย.,2020-04,62,กำแพงเพชร,0
2563,2020,4,เม.ย.,2020-04,63,ตาก,52
2563,2020,4,เม.ย.,2020-04,64,สุโขทัย,0
2563,2020,4,เม.ย.,2020-04,65,พิษณุโลก,0
2563,2020,4,เม.ย.,2020-04,66,พิจิตร,0
2563,2020,4,เม.ย.,2020-04,67,เพชรบูรณ์,0
2563,2020,4,เม.ย.,2020-04,70,ราชบุรี,10
2563,2020,4,เม.ย.,2020-04,71,กาญจนบุรี,10
2563,2020,4,เม.ย.,2020-04,72,สุพรรณบุรี,0
2563,2020,4,เม.ย.,2020-04,73,นครปฐม,0
2563,2020,4,เม.ย.,2020-04,74,สมุทรสาคร,0
2563,2020,4,เม.ย.,2020-04,75,สมุทรสงคราม,0
2563,2020,4,เม.ย.,2020-04,76,เพชรบุรี,7
2563,2020,4,เม.ย.,2020-04,77,ประจวบคีรีขันธ์,3
2563,2020,4,เม.ย.,2020-04,80,นครศรีธรรมราช,0
2563,2020,4,เม.ย.,2020-04,81,กระบี่,0
2563,2020,4,เม.ย.,2020-04,82,พังงา,0
2563,2020,4,เม.ย.,2020-04,83,ภูเก็ต,0
2563,2020,4,เม.ย.,2020-04,84,สุราษฎร์ธานี,1
2563,2020,4,เม.ย.,2020-04,85,ระนอง,0
2563,2020,4,เม.ย.,2020-04,86,ชุมพร,0
2563,2020,4,เม.ย.,2020-04,90,สงขลา,9
2563,2020,4,เม.ย.,2020-04,91,สตูล,0
2563,2020,4,เม.ย.,2020-04,92,ตรัง,0
2563,2020,4,เม.ย.,2020-04,93,พัทลุง,0
2563,2020,4,เม.ย.,2020-04,94,ปัตตานี,0
2563,2020,4,เม.ย.,2020-04,95,ยะลา,80
2563,2020,4,เม.ย.,2020-04,96,นราธิวาส,1
2563,2020,5,พ.ค.,2020-05,10,กรุงเทพฯ,1
2563,2020,5,พ.ค.,2020-05,11,สมุทรปราการ,0
2563,2020,5,พ.ค.,2020-05,12,นนทบุรี,0
2563,2020,5,พ.ค.,2020-05,13,ปทุมธานี,0
2563,2020,5,พ.ค.,2020-05,14,พระนครศรีอยุธยา,0
2563,2020,5,พ.ค.,2020-05,15,อ่างทอง,0
2563,2020,5,พ.ค.,2020-05,16,ลพบุรี,0
2563,2020,5,พ.ค.,2020-05,17,สิงห์บุรี,0
2563,2020,5,พ.ค.,2020-05,18,ชัยนาท,0
2563,2020,5,พ.ค.,2020-05,19,สระบุรี,0
2563,2020,5,พ.ค.,2020-05,20,ชลบุรี,0
2563,2020,5,พ.ค.,2020-05,21,ระยอง,0
2563,2020,5,พ.ค.,2020-05,22,จันทบุรี,5
2563,2020,5,พ.ค.,2020-05,23,ตราด,2
2563,2020,5,พ.ค.,2020-05,24,ฉะเชิงเทรา,0
2563,2020,5,พ.ค.,2020-05,25,ปราจีนบุรี,1
2563,2020,5,พ.ค.,2020-05,26,นครนายก,0
2563,2020,5,พ.ค.,2020-05,27,สระแก้ว,0
2563,2020,5,พ.ค.,2020-05,30,นครราชสีมา,1
2563,2020,5,พ.ค.,2020-05,31,บุรีรัมย์,1
2563,2020,5,พ.ค.,2020-05,32,สุรินทร์,0
2563,2020,5,พ.ค.,2020-05,33,ศรีสะเกษ,3
2563,2020,5,พ.ค.,2020-05,34,อุบลราชธานี,0
2563,2020,5,พ.ค.,2020-05,35,ยโสธร,0
2563,2020,5,พ.ค.,2020-05,36,ชัยภูมิ,0
2563,2020,5,พ.ค.,2020-05,37,อำนาจเจริญ,0
2563,2020,5,พ.ค.,2020-05,38,บึงกาฬ,0
2563,2020,5,พ.ค.,2020-05,39,หนองบัวลำภู,0
2563,2020,5,พ.ค.,2020-05,40,ขอนแก่น,0
2563,2020,5,พ.ค.,2020-05,41,อุดรธานี,0
2563,2020,5,พ.ค.,2020-05,42,เลย,0
2563,2020,5,พ.ค.,2020-05,43,หนองคาย,0
2563,2020,5,พ.ค.,2020-05,44,มหาสารคาม,0
2563,2020,5,พ.ค.,2020-05,45,ร้อยเอ็ด,0
2563,2020,5,พ.ค.,2020-05,46,กาฬสินธุ์,0
2563,2020,5,พ.ค.,2020-05,47,สกลนคร,0
2563,2020,5,พ.ค.,2020-05,48,นครพนม,0
2563,2020,5,พ.ค.,2020-05,49,มุกดาหาร,0
2563,2020,5,พ.ค.,2020-05,50,เชียงใหม่,0
2563,2020,5,พ.ค.,2020-05,51,ลำพูน,0
2563,2020,5,พ.ค.,2020-05,52,ลำปาง,0
2563,2020,5,พ.ค.,2020-05,53,อุตรดิตถ์,0
2563,2020,5,พ.ค.,2020-05,54,แพร่,0
2563,2020,5,พ.ค.,2020-05,55,น่าน,1
2563,2020,5,พ.ค.,2020-05,56,พะเยา,0
2563,2020,5,พ.ค.,2020-05,57,เชียงราย,0
2563,2020,5,พ.ค.,2020-05,58,แม่ฮ่องสอน,14
2563,2020,5,พ.ค.,2020-05,60,นครสวรรค์,0
2563,2020,5,พ.ค.,2020-05,61,อุทัยธานี,0
2563,2020,5,พ.ค.,2020-05,62,กำแพงเพชร,0
2563,2020,5,พ.ค.,2020-05,63,ตาก,79
2563,2020,5,พ.ค.,2020-05,64,สุโขทัย,0
2563,2020,5,พ.ค.,2020-05,65,พิษณุโลก,1
2563,2020,5,พ.ค.,2020-05,66,พิจิตร,0
2563,2020,5,พ.ค.,2020-05,67,เพชรบูรณ์,0
2563,2020,5,พ.ค.,2020-05,70,ราชบุรี,61
2563,2020,5,พ.ค.,2020-05,71,กาญจนบุรี,43
2563,2020,5,พ.ค.,2020-05,72,สุพรรณบุรี,0
2563,2020,5,พ.ค.,2020-05,73,นครปฐม,0
2563,2020,5,พ.ค.,2020-05,74,สมุทรสาคร,0
2563,2020,5,พ.ค.,2020-05,75,สมุทรสงคราม,0
2563,2020,5,พ.ค.,2020-05,76,เพชรบุรี,32
2563,2020,5,พ.ค.,2020-05,77,ประจวบคีรีขันธ์,33
2563,2020,5,พ.ค.,2020-05,80,นครศรีธรรมราช,0
2563,2020,5,พ.ค.,2020-05,81,กระบี่,0
2563,2020,5,พ.ค.,2020-05,82,พังงา,0
2563,2020,5,พ.ค.,2020-05,83,ภูเก็ต,0
2563,2020,5,พ.ค.,2020-05,84,สุราษฎร์ธานี,2
2563,2020,5,พ.ค.,2020-05,85,ระนอง,0
2563,2020,5,พ.ค.,2020-05,86,ชุมพร,4
2563,2020,5,พ.ค.,2020-05,90,สงขลา,18
2563,2020,5,พ.ค.,2020-05,91,สตูล,0
2563,2020,5,พ.ค.,2020-05,92,ตรัง,0
2563,2020,5,พ.ค.,2020-05,93,พัทลุง,0
2563,2020,5,พ.ค.,2020-05,94,ปัตตานี,0
2563,2020,5,พ.ค.,2020-05,95,ยะลา,220
2563,2020,5,พ.ค.,2020-05,96,นราธิวาส,1
2563,2020,6,มิ.ย.,2020-06,10,กรุงเทพฯ,0
2563,2020,6,มิ.ย.,2020-06,11,สมุทรปราการ,0
2563,2020,6,มิ.ย.,2020-06,12,นนทบุรี,0
2563,2020,6,มิ.ย.,2020-06,13,ปทุมธานี,0
2563,2020,6,มิ.ย.,2020-06,14,พระนครศรีอยุธยา,0
2563,2020,6,มิ.ย.,2020-06,15,อ่างทอง,0
2563,2020,6,มิ.ย.,2020-06,16,ลพบุรี,0
2563,2020,6,มิ.ย.,2020-06,17,สิงห์บุรี,0
2563,2020,6,มิ.ย.,2020-06,18,ชัยนาท,0
2563,2020,6,มิ.ย.,2020-06,19,สระบุรี,1
2563,2020,6,มิ.ย.,2020-06,20,ชลบุรี,1
2563,2020,6,มิ.ย.,2020-06,21,ระยอง,2
2563,2020,6,มิ.ย.,2020-06,22,จันทบุรี,2
2563,2020,6,มิ.ย.,2020-06,23,ตราด,1
2563,2020,6,มิ.ย.,2020-06,24,ฉะเชิงเทรา,0
2563,2020,6,มิ.ย.,2020-06,25,ปราจีนบุรี,0
2563,2020,6,มิ.ย.,2020-06,26,นครนายก,1
2563,2020,6,มิ.ย.,2020-06,27,สระแก้ว,0
2563,2020,6,มิ.ย.,2020-06,30,นครราชสีมา,2
2563,2020,6,มิ.ย.,2020-06,31,บุรีรัมย์,0
2563,2020,6,มิ.ย.,2020-06,32,สุรินทร์,0
2563,2020,6,มิ.ย.,2020-06,33,ศรีสะเกษ,3
2563,2020,6,มิ.ย.,2020-06,34,อุบลราชธานี,3
2563,2020,6,มิ.ย.,2020-06,35,ยโสธร,0
2563,2020,6,มิ.ย.,2020-06,36,ชัยภูมิ,1
2563,2020,6,มิ.ย.,2020-06,37,อำนาจเจริญ,0
2563,2020,6,มิ.ย.,2020-06,38,บึงกาฬ,0
2563,2020,6,มิ.ย.,2020-06,39,หนองบัวลำภู,0
2563,2020,6,มิ.ย.,2020-06,40,ขอนแก่น,0
2563,2020,6,มิ.ย.,2020-06,41,อุดรธานี,0
2563,2020,6,มิ.ย.,2020-06,42,เลย,0
2563,2020,6,มิ.ย.,2020-06,43,หนองคาย,0
2563,2020,6,มิ.ย.,2020-06,44,มหาสารคาม,1
2563,2020,6,มิ.ย.,2020-06,45,ร้อยเอ็ด,0
2563,2020,6,มิ.ย.,2020-06,46,กาฬสินธุ์,0
2563,2020,6,มิ.ย.,2020-06,47,สกลนคร,0
2563,2020,6,มิ.ย.,2020-06,48,นครพนม,0
2563,2020,6,มิ.ย.,2020-06,49,มุกดาหาร,0
2563,2020,6,มิ.ย.,2020-06,50,เชียงใหม่,1
2563,2020,6,มิ.ย.,2020-06,51,ลำพูน,0
2563,2020,6,มิ.ย.,2020-06,52,ลำปาง,0
2563,2020,6,มิ.ย.,2020-06,53,อุตรดิตถ์,0
2563,2020,6,มิ.ย.,2020-06,54,แพร่,0
2563,2020,6,มิ.ย.,2020-06,55,น่าน,3
2563,2020,6,มิ.ย.,2020-06,56,พะเยา,0
2563,2020,6,มิ.ย.,2020-06,57,เชียงราย,0
2563,2020,6,มิ.ย.,2020-06,58,แม่ฮ่องสอน,23
2563,2020,6,มิ.ย.,2020-06,60,นครสวรรค์,0
2563,2020,6,มิ.ย.,2020-06,61,อุทัยธานี,6
2563,2020,6,มิ.ย.,2020-06,62,กำแพงเพชร,0
2563,2020,6,มิ.ย.,2020-06,63,ตาก,170
2563,2020,6,มิ.ย.,2020-06,64,สุโขทัย,0
2563,2020,6,มิ.ย.,2020-06,65,พิษณุโลก,8
2563,2020,6,มิ.ย.,2020-06,66,พิจิตร,0
2563,2020,6,มิ.ย.,2020-06,67,เพชรบูรณ์,2
2563,2020,6,มิ.ย.,2020-06,70,ราชบุรี,73
2563,2020,6,มิ.ย.,2020-06,71,กาญจนบุรี,142
2563,2020,6,มิ.ย.,2020-06,72,สุพรรณบุรี,3
2563,2020,6,มิ.ย.,2020-06,73,นครปฐม,1
2563,2020,6,มิ.ย.,2020-06,74,สมุทรสาคร,0
2563,2020,6,มิ.ย.,2020-06,75,สมุทรสงคราม,0
2563,2020,6,มิ.ย.,2020-06,76,เพชรบุรี,60
2563,2020,6,มิ.ย.,2020-06,77,ประจวบคีรีขันธ์,70
2563,2020,6,มิ.ย.,2020-06,80,นครศรีธรรมราช,1
2563,2020,6,มิ.ย.,2020-06,81,กระบี่,0
2563,2020,6,มิ.ย.,2020-06,82,พังงา,0
2563,2020,6,มิ.ย.,2020-06,83,ภูเก็ต,0
2563,2020,6,มิ.ย.,2020-06,84,สุราษฎร์ธานี,5
2563,2020,6,มิ.ย.,2020-06,85,ระนอง,2
2563,2020,6,มิ.ย.,2020-06,86,ชุมพร,5
2563,2020,6,มิ.ย.,2020-06,90,สงขลา,28
2563,2020,6,มิ.ย.,2020-06,91,สตูล,0
2563,2020,6,มิ.ย.,2020-06,92,ตรัง,0
2563,2020,6,มิ.ย.,2020-06,93,พัทลุง,0
2563,2020,6,มิ.ย.,2020-06,94,ปัตตานี,0
2563,2020,6,มิ.ย.,2020-06,95,ยะลา,265
2563,2020,6,มิ.ย.,2020-06,96,นราธิวาส,10
2563,2020,7,ก.ค.,2020-07,10,กรุงเทพฯ,0
2563,2020,7,ก.ค.,2020-07,11,สมุทรปราการ,1
2563,2020,7,ก.ค.,2020-07,12,นนทบุรี,0
2563,2020,7,ก.ค.,2020-07,13,ปทุมธานี,0
2563,2020,7,ก.ค.,2020-07,14,พระนครศรีอยุธยา,0
2563,2020,7,ก.ค.,2020-07,15,อ่างทอง,0
2563,2020,7,ก.ค.,2020-07,16,ลพบุรี,0
2563,2020,7,ก.ค.,2020-07,17,สิงห์บุรี,0
2563,2020,7,ก.ค.,2020-07,18,ชัยนาท,0
2563,2020,7,ก.ค.,2020-07,19,สระบุรี,0
2563,2020,7,ก.ค.,2020-07,20,ชลบุรี,0
2563,2020,7,ก.ค.,2020-07,21,ระยอง,0
2563,2020,7,ก.ค.,2020-07,22,จันทบุรี,1
2563,2020,7,ก.ค.,2020-07,23,ตราด,0
2563,2020,7,ก.ค.,2020-07,24,ฉะเชิงเทรา,1
2563,2020,7,ก.ค.,2020-07,25,ปราจีนบุรี,0
2563,2020,7,ก.ค.,2020-07,26,นครนายก,0
2563,2020,7,ก.ค.,2020-07,27,สระแก้ว,0
2563,2020,7,ก.ค.,2020-07,30,นครราชสีมา,5
2563,2020,7,ก.ค.,2020-07,31,บุรีรัมย์,1
2563,2020,7,ก.ค.,2020-07,32,สุรินทร์,0
2563,2020,7,ก.ค.,2020-07,33,ศรีสะเกษ,2
2563,2020,7,ก.ค.,2020-07,34,อุบลราชธานี,0
2563,2020,7,ก.ค.,2020-07,35,ยโสธร,0
2563,2020,7,ก.ค.,2020-07,36,ชัยภูมิ,0
2563,2020,7,ก.ค.,2020-07,37,อำนาจเจริญ,0
2563,2020,7,ก.ค.,2020-07,38,บึงกาฬ,0
2563,2020,7,ก.ค.,2020-07,39,หนองบัวลำภู,0
2563,2020,7,ก.ค.,2020-07,40,ขอนแก่น,0
2563,2020,7,ก.ค.,2020-07,41,อุดรธานี,0
2563,2020,7,ก.ค.,2020-07,42,เลย,0
2563,2020,7,ก.ค.,2020-07,43,หนองคาย,0
2563,2020,7,ก.ค.,2020-07,44,มหาสารคาม,0
2563,2020,7,ก.ค.,2020-07,45,ร้อยเอ็ด,0
2563,2020,7,ก.ค.,2020-07,46,กาฬสินธุ์,0
2563,2020,7,ก.ค.,2020-07,47,สกลนคร,0
2563,2020,7,ก.ค.,2020-07,48,นครพนม,0
2563,2020,7,ก.ค.,2020-07,49,มุกดาหาร,0
2563,2020,7,ก.ค.,2020-07,50,เชียงใหม่,1
2563,2020,7,ก.ค.,2020-07,51,ลำพูน,0
2563,2020,7,ก.ค.,2020-07,52,ลำปาง,0
2563,2020,7,ก.ค.,2020-07,53,อุตรดิตถ์,0
2563,2020,7,ก.ค.,2020-07,54,แพร่,0
2563,2020,7,ก.ค.,2020-07,55,น่าน,2
2563,2020,7,ก.ค.,2020-07,56,พะเยา,0
2563,2020,7,ก.ค.,2020-07,57,เชียงราย,0
2563,2020,7,ก.ค.,2020-07,58,แม่ฮ่องสอน,71
2563,2020,7,ก.ค.,2020-07,60,นครสวรรค์,0
2563,2020,7,ก.ค.,2020-07,61,อุทัยธานี,1
2563,2020,7,ก.ค.,2020-07,62,กำแพงเพชร,0
2563,2020,7,ก.ค.,2020-07,63,ตาก,213
2563,2020,7,ก.ค.,2020-07,64,สุโขทัย,0
2563,2020,7,ก.ค.,2020-07,65,พิษณุโลก,18
2563,2020,7,ก.ค.,2020-07,66,พิจิตร,1
2563,2020,7,ก.ค.,2020-07,67,เพชรบูรณ์,6
2563,2020,7,ก.ค.,2020-07,70,ราชบุรี,51
2563,2020,7,ก.ค.,2020-07,71,กาญจนบุรี,92
2563,2020,7,ก.ค.,2020-07,72,สุพรรณบุรี,0
2563,2020,7,ก.ค.,2020-07,73,นครปฐม,0
2563,2020,7,ก.ค.,2020-07,74,สมุทรสาคร,0
2563,2020,7,ก.ค.,2020-07,75,สมุทรสงคราม,0
2563,2020,7,ก.ค.,2020-07,76,เพชรบุรี,32
2563,2020,7,ก.ค.,2020-07,77,ประจวบคีรีขันธ์,91
2563,2020,7,ก.ค.,2020-07,80,นครศรีธรรมราช,0
2563,2020,7,ก.ค.,2020-07,81,กระบี่,0
2563,2020,7,ก.ค.,2020-07,82,พังงา,1
2563,2020,7,ก.ค.,2020-07,83,ภูเก็ต,0
2563,2020,7,ก.ค.,2020-07,84,สุราษฎร์ธานี,3
2563,2020,7,ก.ค.,2020-07,85,ระนอง,6
2563,2020,7,ก.ค.,2020-07,86,ชุมพร,9
2563,2020,7,ก.ค.,2020-07,90,สงขลา,11
2563,2020,7,ก.ค.,2020-07,91,สตูล,0
2563,2020,7,ก.ค.,2020-07,92,ตรัง,1
2563,2020,7,ก.ค.,2020-07,93,พัทลุง,0
2563,2020,7,ก.ค.,2020-07,94,ปัตตานี,1
2563,2020,7,ก.ค.,2020-07,95,ยะลา,134
2563,2020,7,ก.ค.,2020-07,96,นราธิวาส,5
2563,2020,8,ส.ค.,2020-08,10,กรุงเทพฯ,2
2563,2020,8,ส.ค.,2020-08,11,สมุทรปราการ,0
2563,2020,8,ส.ค.,2020-08,12,นนทบุรี,0
2563,2020,8,ส.ค.,2020-08,13,ปทุมธานี,1
2563,2020,8,ส.ค.,2020-08,14,พระนครศรีอยุธยา,0
2563,2020,8,ส.ค.,2020-08,15,อ่างทอง,0
2563,2020,8,ส.ค.,2020-08,16,ลพบุรี,0
2563,2020,8,ส.ค.,2020-08,17,สิงห์บุรี,0
2563,2020,8,ส.ค.,2020-08,18,ชัยนาท,0
2563,2020,8,ส.ค.,2020-08,19,สระบุรี,0
2563,2020,8,ส.ค.,2020-08,20,ชลบุรี,2
2563,2020,8,ส.ค.,2020-08,21,ระยอง,0
2563,2020,8,ส.ค.,2020-08,22,จันทบุรี,0
2563,2020,8,ส.ค.,2020-08,23,ตราด,1
2563,2020,8,ส.ค.,2020-08,24,ฉะเชิงเทรา,0
2563,2020,8,ส.ค.,2020-08,25,ปราจีนบุรี,0
2563,2020,8,ส.ค.,2020-08,26,นครนายก,0
2563,2020,8,ส.ค.,2020-08,27,สระแก้ว,1
2563,2020,8,ส.ค.,2020-08,30,นครราชสีมา,2
2563,2020,8,ส.ค.,2020-08,31,บุรีรัมย์,0
2563,2020,8,ส.ค.,2020-08,32,สุรินทร์,0
2563,2020,8,ส.ค.,2020-08,33,ศรีสะเกษ,1
2563,2020,8,ส.ค.,2020-08,34,อุบลราชธานี,2
2563,2020,8,ส.ค.,2020-08,35,ยโสธร,0
2563,2020,8,ส.ค.,2020-08,36,ชัยภูมิ,0
2563,2020,8,ส.ค.,2020-08,37,อำนาจเจริญ,0
2563,2020,8,ส.ค.,2020-08,38,บึงกาฬ,0
2563,2020,8,ส.ค.,2020-08,39,หนองบัวลำภู,0
2563,2020,8,ส.ค.,2020-08,40,ขอนแก่น,0
2563,2020,8,ส.ค.,2020-08,41,อุดรธานี,0
2563,2020,8,ส.ค.,2020-08,42,เลย,0
2563,2020,8,ส.ค.,2020-08,43,หนองคาย,0
2563,2020,8,ส.ค.,2020-08,44,มหาสารคาม,0
2563,2020,8,ส.ค.,2020-08,45,ร้อยเอ็ด,0
2563,2020,8,ส.ค.,2020-08,46,กาฬสินธุ์,0
2563,2020,8,ส.ค.,2020-08,47,สกลนคร,0
2563,2020,8,ส.ค.,2020-08,48,นครพนม,0
2563,2020,8,ส.ค.,2020-08,49,มุกดาหาร,0
2563,2020,8,ส.ค.,2020-08,50,เชียงใหม่,4
2563,2020,8,ส.ค.,2020-08,51,ลำพูน,0
2563,2020,8,ส.ค.,2020-08,52,ลำปาง,0
2563,2020,8,ส.ค.,2020-08,53,อุตรดิตถ์,0
2563,2020,8,ส.ค.,2020-08,54,แพร่,0
2563,2020,8,ส.ค.,2020-08,55,น่าน,0
2563,2020,8,ส.ค.,2020-08,56,พะเยา,0
2563,2020,8,ส.ค.,2020-08,57,เชียงราย,0
2563,2020,8,ส.ค.,2020-08,58,แม่ฮ่องสอน,48
2563,2020,8,ส.ค.,2020-08,60,นครสวรรค์,0
2563,2020,8,ส.ค.,2020-08,61,อุทัยธานี,1
2563,2020,8,ส.ค.,2020-08,62,กำแพงเพชร,0
2563,2020,8,ส.ค.,2020-08,63,ตาก,134
2563,2020,8,ส.ค.,2020-08,64,สุโขทัย,0
2563,2020,8,ส.ค.,2020-08,65,พิษณุโลก,7
2563,2020,8,ส.ค.,2020-08,66,พิจิตร,1
2563,2020,8,ส.ค.,2020-08,67,เพชรบูรณ์,1
2563,2020,8,ส.ค.,2020-08,70,ราชบุรี,20
2563,2020,8,ส.ค.,2020-08,71,กาญจนบุรี,42
2563,2020,8,ส.ค.,2020-08,72,สุพรรณบุรี,0
2563,2020,8,ส.ค.,2020-08,73,นครปฐม,0
2563,2020,8,ส.ค.,2020-08,74,สมุทรสาคร,0
2563,2020,8,ส.ค.,2020-08,75,สมุทรสงคราม,0
2563,2020,8,ส.ค.,2020-08,76,เพชรบุรี,18
2563,2020,8,ส.ค.,2020-08,77,ประจวบคีรีขันธ์,43
2563,2020,8,ส.ค.,2020-08,80,นครศรีธรรมราช,0
2563,2020,8,ส.ค.,2020-08,81,กระบี่,0
2563,2020,8,ส.ค.,2020-08,82,พังงา,3
2563,2020,8,ส.ค.,2020-08,83,ภูเก็ต,0
2563,2020,8,ส.ค.,2020-08,84,สุราษฎร์ธานี,0
2563,2020,8,ส.ค.,2020-08,85,ระนอง,2
2563,2020,8,ส.ค.,2020-08,86,ชุมพร,5
2563,2020,8,ส.ค.,2020-08,90,สงขลา,2
2563,2020,8,ส.ค.,2020-08,91,สตูล,0
2563,2020,8,ส.ค.,2020-08,92,ตรัง,0
2563,2020,8,ส.ค.,2020-08,93,พัทลุง,0
2563,2020,8,ส.ค.,2020-08,94,ปัตตานี,1
2563,2020,8,ส.ค.,2020-08,95,ยะลา,21
2563,2020,8,ส.ค.,2020-08,96,นราธิวาส,0
2563,2020,9,ก.ย.,2020-09,10,กรุงเทพฯ,0
2563,2020,9,ก.ย.,2020-09,11,สมุทรปราการ,0
2563,2020,9,ก.ย.,2020-09,12,นนทบุรี,0
2563,2020,9,ก.ย.,2020-09,13,ปทุมธานี,0
2563,2020,9,ก.ย.,2020-09,14,พระนครศรีอยุธยา,0
2563,2020,9,ก.ย.,2020-09,15,อ่างทอง,0
2563,2020,9,ก.ย.,2020-09,16,ลพบุรี,0
2563,2020,9,ก.ย.,2020-09,17,สิงห์บุรี,0
2563,2020,9,ก.ย.,2020-09,18,ชัยนาท,0
2563,2020,9,ก.ย.,2020-09,19,สระบุรี,0
2563,2020,9,ก.ย.,2020-09,20,ชลบุรี,0
2563,2020,9,ก.ย.,2020-09,21,ระยอง,0
2563,2020,9,ก.ย.,2020-09,22,จันทบุรี,0
2563,2020,9,ก.ย.,2020-09,23,ตราด,1
2563,2020,9,ก.ย.,2020-09,24,ฉะเชิงเทรา,0
2563,2020,9,ก.ย.,2020-09,25,ปราจีนบุรี,0
2563,2020,9,ก.ย.,2020-09,26,นครนายก,0
2563,2020,9,ก.ย.,2020-09,27,สระแก้ว,0
2563,2020,9,ก.ย.,2020-09,30,นครราชสีมา,0
2563,2020,9,ก.ย.,2020-09,31,บุรีรัมย์,0
2563,2020,9,ก.ย.,2020-09,32,สุรินทร์,0
2563,2020,9,ก.ย.,2020-09,33,ศรีสะเกษ,2
2563,2020,9,ก.ย.,2020-09,34,อุบลราชธานี,2
2563,2020,9,ก.ย.,2020-09,35,ยโสธร,0
2563,2020,9,ก.ย.,2020-09,36,ชัยภูมิ,0
2563,2020,9,ก.ย.,2020-09,37,อำนาจเจริญ,0
2563,2020,9,ก.ย.,2020-09,38,บึงกาฬ,0
2563,2020,9,ก.ย.,2020-09,39,หนองบัวลำภู,0
2563,2020,9,ก.ย.,2020-09,40,ขอนแก่น,0
2563,2020,9,ก.ย.,2020-09,41,อุดรธานี,0
2563,2020,9,ก.ย.,2020-09,42,เลย,0
2563,2020,9,ก.ย.,2020-09,43,หนองคาย,0
2563,2020,9,ก.ย.,2020-09,44,มหาสารคาม,0
2563,2020,9,ก.ย.,2020-09,45,ร้อยเอ็ด,0
2563,2020,9,ก.ย.,2020-09,46,กาฬสินธุ์,0
2563,2020,9,ก.ย.,2020-09,47,สกลนคร,1
2563,2020,9,ก.ย.,2020-09,48,นครพนม,0
2563,2020,9,ก.ย.,2020-09,49,มุกดาหาร,0
2563,2020,9,ก.ย.,2020-09,50,เชียงใหม่,1
2563,2020,9,ก.ย.,2020-09,51,ลำพูน,0
2563,2020,9,ก.ย.,2020-09,52,ลำปาง,0
2563,2020,9,ก.ย.,2020-09,53,อุตรดิตถ์,0
2563,2020,9,ก.ย.,2020-09,54,แพร่,0
2563,2020,9,ก.ย.,2020-09,55,น่าน,0
2563,2020,9,ก.ย.,2020-09,56,พะเยา,0
2563,2020,9,ก.ย.,2020-09,57,เชียงราย,1
2563,2020,9,ก.ย.,2020-09,58,แม่ฮ่องสอน,20
2563,2020,9,ก.ย.,2020-09,60,นครสวรรค์,2
2563,2020,9,ก.ย.,2020-09,61,อุทัยธานี,1
2563,2020,9,ก.ย.,2020-09,62,กำแพงเพชร,0
2563,2020,9,ก.ย.,2020-09,63,ตาก,70
2563,2020,9,ก.ย.,2020-09,64,สุโขทัย,0
2563,2020,9,ก.ย.,2020-09,65,พิษณุโลก,7
2563,2020,9,ก.ย.,2020-09,66,พิจิตร,0
2563,2020,9,ก.ย.,2020-09,67,เพชรบูรณ์,2
2563,2020,9,ก.ย.,2020-09,70,ราชบุรี,13
2563,2020,9,ก.ย.,2020-09,71,กาญจนบุรี,26
2563,2020,9,ก.ย.,2020-09,72,สุพรรณบุรี,0
2563,2020,9,ก.ย.,2020-09,73,นครปฐม,1
2563,2020,9,ก.ย.,2020-09,74,สมุทรสาคร,0
2563,2020,9,ก.ย.,2020-09,75,สมุทรสงคราม,0
2563,2020,9,ก.ย.,2020-09,76,เพชรบุรี,10
2563,2020,9,ก.ย.,2020-09,77,ประจวบคีรีขันธ์,12
2563,2020,9,ก.ย.,2020-09,80,นครศรีธรรมราช,0
2563,2020,9,ก.ย.,2020-09,81,กระบี่,0
2563,2020,9,ก.ย.,2020-09,82,พังงา,0
2563,2020,9,ก.ย.,2020-09,83,ภูเก็ต,1
2563,2020,9,ก.ย.,2020-09,84,สุราษฎร์ธานี,0
2563,2020,9,ก.ย.,2020-09,85,ระนอง,0
2563,2020,9,ก.ย.,2020-09,86,ชุมพร,0
2563,2020,9,ก.ย.,2020-09,90,สงขลา,0
2563,2020,9,ก.ย.,2020-09,91,สตูล,0
2563,2020,9,ก.ย.,2020-09,92,ตรัง,0
2563,2020,9,ก.ย.,2020-09,93,พัทลุง,0
2563,2020,9,ก.ย.,2020-09,94,ปัตตานี,0
2563,2020,9,ก.ย.,2020-09,95,ยะลา,6
2563,2020,9,ก.ย.,2020-09,96,นราธิวาส,6
2563,2020,10,ต.ค.,2020-10,10,กรุงเทพฯ,0
2563,2020,10,ต.ค.,2020-10,11,สมุทรปราการ,0
2563,2020,10,ต.ค.,2020-10,12,นนทบุรี,1
2563,2020,10,ต.ค.,2020-10,13,ปทุมธานี,0
2563,2020,10,ต.ค.,2020-10,14,พระนครศรีอยุธยา,0
2563,2020,10,ต.ค.,2020-10,15,อ่างทอง,0
2563,2020,10,ต.ค.,2020-10,16,ลพบุรี,1
2563,2020,10,ต.ค.,2020-10,17,สิงห์บุรี,0
2563,2020,10,ต.ค.,2020-10,18,ชัยนาท,0
2563,2020,10,ต.ค.,2020-10,19,สระบุรี,0
2563,2020,10,ต.ค.,2020-10,20,ชลบุรี,0
2563,2020,10,ต.ค.,2020-10,21,ระยอง,0
2563,2020,10,ต.ค.,2020-10,22,จันทบุรี,0
2563,2020,10,ต.ค.,2020-10,23,ตราด,1
2563,2020,10,ต.ค.,2020-10,24,ฉะเชิงเทรา,0
2563,2020,10,ต.ค.,2020-10,25,ปราจีนบุรี,0
2563,2020,10,ต.ค.,2020-10,26,นครนายก,0
2563,2020,10,ต.ค.,2020-10,27,สระแก้ว,0
2563,2020,10,ต.ค.,2020-10,30,นครราชสีมา,0
2563,2020,10,ต.ค.,2020-10,31,บุรีรัมย์,0
2563,2020,10,ต.ค.,2020-10,32,สุรินทร์,0
2563,2020,10,ต.ค.,2020-10,33,ศรีสะเกษ,0
2563,2020,10,ต.ค.,2020-10,34,อุบลราชธานี,0
2563,2020,10,ต.ค.,2020-10,35,ยโสธร,0
2563,2020,10,ต.ค.,2020-10,36,ชัยภูมิ,0
2563,2020,10,ต.ค.,2020-10,37,อำนาจเจริญ,0
2563,2020,10,ต.ค.,2020-10,38,บึงกาฬ,0
2563,2020,10,ต.ค.,2020-10,39,หนองบัวลำภู,0
2563,2020,10,ต.ค.,2020-10,40,ขอนแก่น,0
2563,2020,10,ต.ค.,2020-10,41,อุดรธานี,0
2563,2020,10,ต.ค.,2020-10,42,เลย,0
2563,2020,10,ต.ค.,2020-10,43,หนองคาย,0
2563,2020,10,ต.ค.,2020-10,44,มหาสารคาม,0
2563,2020,10,ต.ค.,2020-10,45,ร้อยเอ็ด,0
2563,2020,10,ต.ค.,2020-10,46,กาฬสินธุ์,0
2563,2020,10,ต.ค.,2020-10,47,สกลนคร,0
2563,2020,10,ต.ค.,2020-10,48,นครพนม,0
2563,2020,10,ต.ค.,2020-10,49,มุกดาหาร,0
2563,2020,10,ต.ค.,2020-10,50,เชียงใหม่,1
2563,2020,10,ต.ค.,2020-10,51,ลำพูน,0
2563,2020,10,ต.ค.,2020-10,52,ลำปาง,0
2563,2020,10,ต.ค.,2020-10,53,อุตรดิตถ์,0
2563,2020,10,ต.ค.,2020-10,54,แพร่,0
2563,2020,10,ต.ค.,2020-10,55,น่าน,0
2563,2020,10,ต.ค.,2020-10,56,พะเยา,0
2563,2020,10,ต.ค.,2020-10,57,เชียงราย,0
2563,2020,10,ต.ค.,2020-10,58,แม่ฮ่องสอน,11
2563,2020,10,ต.ค.,2020-10,60,นครสวรรค์,0
2563,2020,10,ต.ค.,2020-10,61,อุทัยธานี,1
2563,2020,10,ต.ค.,2020-10,62,กำแพงเพชร,0
2563,2020,10,ต.ค.,2020-10,63,ตาก,45
2563,2020,10,ต.ค.,2020-10,64,สุโขทัย,0
2563,2020,10,ต.ค.,2020-10,65,พิษณุโลก,2
2563,2020,10,ต.ค.,2020-10,66,พิจิตร,0
2563,2020,10,ต.ค.,2020-10,67,เพชรบูรณ์,0
2563,2020,10,ต.ค.,2020-10,70,ราชบุรี,11
2563,2020,10,ต.ค.,2020-10,71,กาญจนบุรี,36
2563,2020,10,ต.ค.,2020-10,72,สุพรรณบุรี,0
2563,2020,10,ต.ค.,2020-10,73,นครปฐม,0
2563,2020,10,ต.ค.,2020-10,74,สมุทรสาคร,0
2563,2020,10,ต.ค.,2020-10,75,สมุทรสงคราม,0
2563,2020,10,ต.ค.,2020-10,76,เพชรบุรี,6
2563,2020,10,ต.ค.,2020-10,77,ประจวบคีรีขันธ์,9
2563,2020,10,ต.ค.,2020-10,80,นครศรีธรรมราช,0
2563,2020,10,ต.ค.,2020-10,81,กระบี่,0
2563,2020,10,ต.ค.,2020-10,82,พังงา,0
2563,2020,10,ต.ค.,2020-10,83,ภูเก็ต,0
2563,2020,10,ต.ค.,2020-10,84,สุราษฎร์ธานี,0
2563,2020,10,ต.ค.,2020-10,85,ระนอง,1
2563,2020,10,ต.ค.,2020-10,86,ชุมพร,1
2563,2020,10,ต.ค.,2020-10,90,สงขลา,2
2563,2020,10,ต.ค.,2020-10,91,สตูล,0
2563,2020,10,ต.ค.,2020-10,92,ตรัง,0
2563,2020,10,ต.ค.,2020-10,93,พัทลุง,0
2563,2020,10,ต.ค.,2020-10,94,ปัตตานี,0
2563,2020,10,ต.ค.,2020-10,95,ยะลา,8
2563,2020,10,ต.ค.,2020-10,96,นราธิวาส,1
2563,2020,11,พ.ย.,2020-11,10,กรุงเทพฯ,0
2563,2020,11,พ.ย.,2020-11,11,สมุทรปราการ,0
2563,2020,11,พ.ย.,2020-11,12,นนทบุรี,0
2563,2020,11,พ.ย.,2020-11,13,ปทุมธานี,1
2563,2020,11,พ.ย.,2020-11,14,พระนครศรีอยุธยา,0
2563,2020,11,พ.ย.,2020-11,15,อ่างทอง,0
2563,2020,11,พ.ย.,2020-11,16,ลพบุรี,0
2563,2020,11,พ.ย.,2020-11,17,สิงห์บุรี,0
2563,2020,11,พ.ย.,2020-11,18,ชัยนาท,0
2563,2020,11,พ.ย.,2020-11,19,สระบุรี,0
2563,2020,11,พ.ย.,2020-11,20,ชลบุรี,0
2563,2020,11,พ.ย.,2020-11,21,ระยอง,0
2563,2020,11,พ.ย.,2020-11,22,จันทบุรี,1
2563,2020,11,พ.ย.,2020-11,23,ตราด,0
2563,2020,11,พ.ย.,2020-11,24,ฉะเชิงเทรา,1
2563,2020,11,พ.ย.,2020-11,25,ปราจีนบุรี,0
2563,2020,11,พ.ย.,2020-11,26,นครนายก,0
2563,2020,11,พ.ย.,2020-11,27,สระแก้ว,0
2563,2020,11,พ.ย.,2020-11,30,นครราชสีมา,0
2563,2020,11,พ.ย.,2020-11,31,บุรีรัมย์,0
2563,2020,11,พ.ย.,2020-11,32,สุรินทร์,0
2563,2020,11,พ.ย.,2020-11,33,ศรีสะเกษ,0
2563,2020,11,พ.ย.,2020-11,34,อุบลราชธานี,0
2563,2020,11,พ.ย.,2020-11,35,ยโสธร,0
2563,2020,11,พ.ย.,2020-11,36,ชัยภูมิ,0
2563,2020,11,พ.ย.,2020-11,37,อำนาจเจริญ,0
2563,2020,11,พ.ย.,2020-11,38,บึงกาฬ,0
2563,2020,11,พ.ย.,2020-11,39,หนองบัวลำภู,0
2563,2020,11,พ.ย.,2020-11,40,ขอนแก่น,0
2563,2020,11,พ.ย.,2020-11,41,อุดรธานี,0
2563,2020,11,พ.ย.,2020-11,42,เลย,0
2563,2020,11,พ.ย.,2020-11,43,หนองคาย,0
2563,2020,11,พ.ย.,2020-11,44,มหาสารคาม,0
2563,2020,11,พ.ย.,2020-11,45,ร้อยเอ็ด,0
2563,2020,11,พ.ย.,2020-11,46,กาฬสินธุ์,0
2563,2020,11,พ.ย.,2020-11,47,สกลนคร,0
2563,2020,11,พ.ย.,2020-11,48,นครพนม,0
2563,2020,11,พ.ย.,2020-11,49,มุกดาหาร,0
2563,2020,11,พ.ย.,2020-11,50,เชียงใหม่,0
2563,2020,11,พ.ย.,2020-11,51,ลำพูน,0
2563,2020,11,พ.ย.,2020-11,52,ลำปาง,0
2563,2020,11,พ.ย.,2020-11,53,อุตรดิตถ์,0
2563,2020,11,พ.ย.,2020-11,54,แพร่,0
2563,2020,11,พ.ย.,2020-11,55,น่าน,0
2563,2020,11,พ.ย.,2020-11,56,พะเยา,0
2563,2020,11,พ.ย.,2020-11,57,เชียงราย,0
2563,2020,11,พ.ย.,2020-11,58,แม่ฮ่องสอน,20
2563,2020,11,พ.ย.,2020-11,60,นครสวรรค์,0
2563,2020,11,พ.ย.,2020-11,61,อุทัยธานี,0
2563,2020,11,พ.ย.,2020-11,62,กำแพงเพชร,0
2563,2020,11,พ.ย.,2020-11,63,ตาก,60
2563,2020,11,พ.ย.,2020-11,64,สุโขทัย,0
2563,2020,11,พ.ย.,2020-11,65,พิษณุโลก,5
2563,2020,11,พ.ย.,2020-11,66,พิจิตร,0
2563,2020,11,พ.ย.,2020-11,67,เพชรบูรณ์,0
2563,2020,11,พ.ย.,2020-11,70,ราชบุรี,5
2563,2020,11,พ.ย.,2020-11,71,กาญจนบุรี,16
2563,2020,11,พ.ย.,2020-11,72,สุพรรณบุรี,0
2563,2020,11,พ.ย.,2020-11,73,นครปฐม,1
2563,2020,11,พ.ย.,2020-11,74,สมุทรสาคร,0
2563,2020,11,พ.ย.,2020-11,75,สมุทรสงคราม,0
2563,2020,11,พ.ย.,2020-11,76,เพชรบุรี,3
2563,2020,11,พ.ย.,2020-11,77,ประจวบคีรีขันธ์,8
2563,2020,11,พ.ย.,2020-11,80,นครศรีธรรมราช,0
2563,2020,11,พ.ย.,2020-11,81,กระบี่,0
2563,2020,11,พ.ย.,2020-11,82,พังงา,1
2563,2020,11,พ.ย.,2020-11,83,ภูเก็ต,1
2563,2020,11,พ.ย.,2020-11,84,สุราษฎร์ธานี,2
2563,2020,11,พ.ย.,2020-11,85,ระนอง,0
2563,2020,11,พ.ย.,2020-11,86,ชุมพร,0
2563,2020,11,พ.ย.,2020-11,90,สงขลา,0
2563,2020,11,พ.ย.,2020-11,91,สตูล,0
2563,2020,11,พ.ย.,2020-11,92,ตรัง,0
2563,2020,11,พ.ย.,2020-11,93,พัทลุง,0
2563,2020,11,พ.ย.,2020-11,94,ปัตตานี,1
2563,2020,11,พ.ย.,2020-11,95,ยะลา,16
2563,2020,11,พ.ย.,2020-11,96,นราธิวาส,2
2563,2020,12,ธ.ค.,2020-12,10,กรุงเทพฯ,0
2563,2020,12,ธ.ค.,2020-12,11,สมุทรปราการ,0
2563,2020,12,ธ.ค.,2020-12,12,นนทบุรี,1
2563,2020,12,ธ.ค.,2020-12,13,ปทุมธานี,0
2563,2020,12,ธ.ค.,2020-12,14,พระนครศรีอยุธยา,0
2563,2020,12,ธ.ค.,2020-12,15,อ่างทอง,0
2563,2020,12,ธ.ค.,2020-12,16,ลพบุรี,0
2563,2020,12,ธ.ค.,2020-12,17,สิงห์บุรี,0
2563,2020,12,ธ.ค.,2020-12,18,ชัยนาท,0
2563,2020,12,ธ.ค.,2020-12,19,สระบุรี,0
2563,2020,12,ธ.ค.,2020-12,20,ชลบุรี,0
2563,2020,12,ธ.ค.,2020-12,21,ระยอง,0
2563,2020,12,ธ.ค.,2020-12,22,จันทบุรี,0
2563,2020,12,ธ.ค.,2020-12,23,ตราด,0
2563,2020,12,ธ.ค.,2020-12,24,ฉะเชิงเทรา,0
2563,2020,12,ธ.ค.,2020-12,25,ปราจีนบุรี,0
2563,2020,12,ธ.ค.,2020-12,26,นครนายก,0
2563,2020,12,ธ.ค.,2020-12,27,สระแก้ว,0
2563,2020,12,ธ.ค.,2020-12,30,นครราชสีมา,0
2563,2020,12,ธ.ค.,2020-12,31,บุรีรัมย์,0
2563,2020,12,ธ.ค.,2020-12,32,สุรินทร์,0
2563,2020,12,ธ.ค.,2020-12,33,ศรีสะเกษ,1
2563,2020,12,ธ.ค.,2020-12,34,อุบลราชธานี,1
2563,2020,12,ธ.ค.,2020-12,35,ยโสธร,0
2563,2020,12,ธ.ค.,2020-12,36,ชัยภูมิ,0
2563,2020,12,ธ.ค.,2020-12,37,อำนาจเจริญ,0
2563,2020,12,ธ.ค.,2020-12,38,บึงกาฬ,0
2563,2020,12,ธ.ค.,2020-12,39,หนองบัวลำภู,0
2563,2020,12,ธ.ค.,2020-12,40,ขอนแก่น,0
2563,2020,12,ธ.ค.,2020-12,41,อุดรธานี,0
2563,2020,12,ธ.ค.,2020-12,42,เลย,0
2563,2020,12,ธ.ค.,2020-12,43,หนองคาย,0
2563,2020,12,ธ.ค.,2020-12,44,มหาสารคาม,0
2563,2020,12,ธ.ค.,2020-12,45,ร้อยเอ็ด,0
2563,2020,12,ธ.ค.,2020-12,46,กาฬสินธุ์,0
2563,2020,12,ธ.ค.,2020-12,47,สกลนคร,0
2563,2020,12,ธ.ค.,2020-12,48,นครพนม,0
2563,2020,12,ธ.ค.,2020-12,49,มุกดาหาร,2
2563,2020,12,ธ.ค.,2020-12,50,เชียงใหม่,0
2563,2020,12,ธ.ค.,2020-12,51,ลำพูน,0
2563,2020,12,ธ.ค.,2020-12,52,ลำปาง,0
2563,2020,12,ธ.ค.,2020-12,53,อุตรดิตถ์,1
2563,2020,12,ธ.ค.,2020-12,54,แพร่,0
2563,2020,12,ธ.ค.,2020-12,55,น่าน,0
2563,2020,12,ธ.ค.,2020-12,56,พะเยา,0
2563,2020,12,ธ.ค.,2020-12,57,เชียงราย,0
2563,2020,12,ธ.ค.,2020-12,58,แม่ฮ่องสอน,25
2563,2020,12,ธ.ค.,2020-12,60,นครสวรรค์,0
2563,2020,12,ธ.ค.,2020-12,61,อุทัยธานี,1
2563,2020,12,ธ.ค.,2020-12,62,กำแพงเพชร,1
2563,2020,12,ธ.ค.,2020-12,63,ตาก,81
2563,2020,12,ธ.ค.,2020-12,64,สุโขทัย,0
2563,2020,12,ธ.ค.,2020-12,65,พิษณุโลก,4
2563,2020,12,ธ.ค.,2020-12,66,พิจิตร,0
2563,2020,12,ธ.ค.,2020-12,67,เพชรบูรณ์,3
2563,2020,12,ธ.ค.,2020-12,70,ราชบุรี,2
2563,2020,12,ธ.ค.,2020-12,71,กาญจนบุรี,19
2563,2020,12,ธ.ค.,2020-12,72,สุพรรณบุรี,0
2563,2020,12,ธ.ค.,2020-12,73,นครปฐม,0
2563,2020,12,ธ.ค.,2020-12,74,สมุทรสาคร,0
2563,2020,12,ธ.ค.,2020-12,75,สมุทรสงคราม,0
2563,2020,12,ธ.ค.,2020-12,76,เพชรบุรี,9
2563,2020,12,ธ.ค.,2020-12,77,ประจวบคีรีขันธ์,11
2563,2020,12,ธ.ค.,2020-12,80,นครศรีธรรมราช,0
2563,2020,12,ธ.ค.,2020-12,81,กระบี่,0
2563,2020,12,ธ.ค.,2020-12,82,พังงา,2
2563,2020,12,ธ.ค.,2020-12,83,ภูเก็ต,0
2563,2020,12,ธ.ค.,2020-12,84,สุราษฎร์ธานี,2
2563,2020,12,ธ.ค.,2020-12,85,ระนอง,2
2563,2020,12,ธ.ค.,2020-12,86,ชุมพร,2
2563,2020,12,ธ.ค.,2020-12,90,สงขลา,1
2563,2020,12,ธ.ค.,2020-12,91,สตูล,0
2563,2020,12,ธ.ค.,2020-12,92,ตรัง,0
2563,2020,12,ธ.ค.,2020-12,93,พัทลุง,0
2563,2020,12,ธ.ค.,2020-12,94,ปัตตานี,0
2563,2020,12,ธ.ค.,2020-12,95,ยะลา,19
2563,2020,12,ธ.ค.,2020-12,96,นราธิวาส,3
2564,2021,1,ม.ค.,2021-01,10,กรุงเทพฯ,0
2564,2021,1,ม.ค.,2021-01,11,สมุทรปราการ,0
2564,2021,1,ม.ค.,2021-01,12,นนทบุรี,0
2564,2021,1,ม.ค.,2021-01,13,ปทุมธานี,0
2564,2021,1,ม.ค.,2021-01,14,พระนครศรีอยุธยา,0
2564,2021,1,ม.ค.,2021-01,15,อ่างทอง,0
2564,2021,1,ม.ค.,2021-01,16,ลพบุรี,0
2564,2021,1,ม.ค.,2021-01,17,สิงห์บุรี,0
2564,2021,1,ม.ค.,2021-01,18,ชัยนาท,0
2564,2021,1,ม.ค.,2021-01,19,สระบุรี,0
2564,2021,1,ม.ค.,2021-01,20,ชลบุรี,1
2564,2021,1,ม.ค.,2021-01,21,ระยอง,0
2564,2021,1,ม.ค.,2021-01,22,จันทบุรี,0
2564,2021,1,ม.ค.,2021-01,23,ตราด,0
2564,2021,1,ม.ค.,2021-01,24,ฉะเชิงเทรา,0
2564,2021,1,ม.ค.,2021-01,25,ปราจีนบุรี,0
2564,2021,1,ม.ค.,2021-01,26,นครนายก,0
2564,2021,1,ม.ค.,2021-01,27,สระแก้ว,0
2564,2021,1,ม.ค.,2021-01,30,นครราชสีมา,0
2564,2021,1,ม.ค.,2021-01,31,บุรีรัมย์,0
2564,2021,1,ม.ค.,2021-01,32,สุรินทร์,0
2564,2021,1,ม.ค.,2021-01,33,ศรีสะเกษ,0
2564,2021,1,ม.ค.,2021-01,34,อุบลราชธานี,1
2564,2021,1,ม.ค.,2021-01,35,ยโสธร,0
2564,2021,1,ม.ค.,2021-01,36,ชัยภูมิ,0
2564,2021,1,ม.ค.,2021-01,37,อำนาจเจริญ,0
2564,2021,1,ม.ค.,2021-01,38,บึงกาฬ,0
2564,2021,1,ม.ค.,2021-01,39,หนองบัวลำภู,0
2564,2021,1,ม.ค.,2021-01,40,ขอนแก่น,0
2564,2021,1,ม.ค.,2021-01,41,อุดรธานี,0
2564,2021,1,ม.ค.,2021-01,42,เลย,0
2564,2021,1,ม.ค.,2021-01,43,หนองคาย,0
2564,2021,1,ม.ค.,2021-01,44,มหาสารคาม,0
2564,2021,1,ม.ค.,2021-01,45,ร้อยเอ็ด,0
2564,2021,1,ม.ค.,2021-01,46,กาฬสินธุ์,0
2564,2021,1,ม.ค.,2021-01,47,สกลนคร,0
2564,2021,1,ม.ค.,2021-01,48,นครพนม,0
2564,2021,1,ม.ค.,2021-01,49,มุกดาหาร,0
2564,2021,1,ม.ค.,2021-01,50,เชียงใหม่,0
2564,2021,1,ม.ค.,2021-01,51,ลำพูน,0
2564,2021,1,ม.ค.,2021-01,52,ลำปาง,1
2564,2021,1,ม.ค.,2021-01,53,อุตรดิตถ์,1
2564,2021,1,ม.ค.,2021-01,54,แพร่,0
2564,2021,1,ม.ค.,2021-01,55,น่าน,0
2564,2021,1,ม.ค.,2021-01,56,พะเยา,0
2564,2021,1,ม.ค.,2021-01,57,เชียงราย,0
2564,2021,1,ม.ค.,2021-01,58,แม่ฮ่องสอน,7
2564,2021,1,ม.ค.,2021-01,60,นครสวรรค์,0
2564,2021,1,ม.ค.,2021-01,61,อุทัยธานี,0
2564,2021,1,ม.ค.,2021-01,62,กำแพงเพชร,0
2564,2021,1,ม.ค.,2021-01,63,ตาก,35
2564,2021,1,ม.ค.,2021-01,64,สุโขทัย,0
2564,2021,1,ม.ค.,2021-01,65,พิษณุโลก,0
2564,2021,1,ม.ค.,2021-01,66,พิจิตร,0
2564,2021,1,ม.ค.,2021-01,67,เพชรบูรณ์,2
2564,2021,1,ม.ค.,2021-01,70,ราชบุรี,1
2564,2021,1,ม.ค.,2021-01,71,กาญจนบุรี,14
2564,2021,1,ม.ค.,2021-01,72,สุพรรณบุรี,0
2564,2021,1,ม.ค.,2021-01,73,นครปฐม,0
2564,2021,1,ม.ค.,2021-01,74,สมุทรสาคร,0
2564,2021,1,ม.ค.,2021-01,75,สมุทรสงคราม,0
2564,2021,1,ม.ค.,2021-01,76,เพชรบุรี,4
2564,2021,1,ม.ค.,2021-01,77,ประจวบคีรีขันธ์,9
2564,2021,1,ม.ค.,2021-01,80,นครศรีธรรมราช,0
2564,2021,1,ม.ค.,2021-01,81,กระบี่,0
2564,2021,1,ม.ค.,2021-01,82,พังงา,0
2564,2021,1,ม.ค.,2021-01,83,ภูเก็ต,0
2564,2021,1,ม.ค.,2021-01,84,สุราษฎร์ธานี,1
2564,2021,1,ม.ค.,2021-01,85,ระนอง,2
2564,2021,1,ม.ค.,2021-01,86,ชุมพร,2
2564,2021,1,ม.ค.,2021-01,90,สงขลา,3
2564,2021,1,ม.ค.,2021-01,91,สตูล,0
2564,2021,1,ม.ค.,2021-01,92,ตรัง,0
2564,2021,1,ม.ค.,2021-01,93,พัทลุง,0
2564,2021,1,ม.ค.,2021-01,94,ปัตตานี,1
2564,2021,1,ม.ค.,2021-01,95,ยะลา,43
2564,2021,1,ม.ค.,2021-01,96,นราธิวาส,3
2564,2021,2,ก.พ.,2021-02,10,กรุงเทพฯ,1
2564,2021,2,ก.พ.,2021-02,11,สมุทรปราการ,0
2564,2021,2,ก.พ.,2021-02,12,นนทบุรี,0
2564,2021,2,ก.พ.,2021-02,13,ปทุมธานี,0
2564,2021,2,ก.พ.,2021-02,14,พระนครศรีอยุธยา,0
2564,2021,2,ก.พ.,2021-02,15,อ่างทอง,0
2564,2021,2,ก.พ.,2021-02,16,ลพบุรี,0
2564,2021,2,ก.พ.,2021-02,17,สิงห์บุรี,0
2564,2021,2,ก.พ.,2021-02,18,ชัยนาท,0
2564,2021,2,ก.พ.,2021-02,19,สระบุรี,0
2564,2021,2,ก.พ.,2021-02,20,ชลบุรี,0
2564,2021,2,ก.พ.,2021-02,21,ระยอง,0
2564,2021,2,ก.พ.,2021-02,22,จันทบุรี,0
2564,2021,2,ก.พ.,2021-02,23,ตราด,0
2564,2021,2,ก.พ.,2021-02,24,ฉะเชิงเทรา,0
2564,2021,2,ก.พ.,2021-02,25,ปราจีนบุรี,0
2564,2021,2,ก.พ.,2021-02,26,นครนายก,0
2564,2021,2,ก.พ.,2021-02,27,สระแก้ว,0
2564,2021,2,ก.พ.,2021-02,30,นครราชสีมา,0
2564,2021,2,ก.พ.,2021-02,31,บุรีรัมย์,0
2564,2021,2,ก.พ.,2021-02,32,สุรินทร์,0
2564,2021,2,ก.พ.,2021-02,33,ศรีสะเกษ,0
2564,2021,2,ก.พ.,2021-02,34,อุบลราชธานี,0
2564,2021,2,ก.พ.,2021-02,35,ยโสธร,0
2564,2021,2,ก.พ.,2021-02,36,ชัยภูมิ,0
2564,2021,2,ก.พ.,2021-02,37,อำนาจเจริญ,0
2564,2021,2,ก.พ.,2021-02,38,บึงกาฬ,0
2564,2021,2,ก.พ.,2021-02,39,หนองบัวลำภู,0
2564,2021,2,ก.พ.,2021-02,40,ขอนแก่น,0
2564,2021,2,ก.พ.,2021-02,41,อุดรธานี,0
2564,2021,2,ก.พ.,2021-02,42,เลย,0
2564,2021,2,ก.พ.,2021-02,43,หนองคาย,0
2564,2021,2,ก.พ.,2021-02,44,มหาสารคาม,0
2564,2021,2,ก.พ.,2021-02,45,ร้อยเอ็ด,0
2564,2021,2,ก.พ.,2021-02,46,กาฬสินธุ์,0
2564,2021,2,ก.พ.,2021-02,47,สกลนคร,0
2564,2021,2,ก.พ.,2021-02,48,นครพนม,0
2564,2021,2,ก.พ.,2021-02,49,มุกดาหาร,0
2564,2021,2,ก.พ.,2021-02,50,เชียงใหม่,0
2564,2021,2,ก.พ.,2021-02,51,ลำพูน,0
2564,2021,2,ก.พ.,2021-02,52,ลำปาง,0
2564,2021,2,ก.พ.,2021-02,53,อุตรดิตถ์,0
2564,2021,2,ก.พ.,2021-02,54,แพร่,0
2564,2021,2,ก.พ.,2021-02,55,น่าน,0
2564,2021,2,ก.พ.,2021-02,56,พะเยา,0
2564,2021,2,ก.พ.,2021-02,57,เชียงราย,0
2564,2021,2,ก.พ.,2021-02,58,แม่ฮ่องสอน,13
2564,2021,2,ก.พ.,2021-02,60,นครสวรรค์,1
2564,2021,2,ก.พ.,2021-02,61,อุทัยธานี,1
2564,2021,2,ก.พ.,2021-02,62,กำแพงเพชร,0
2564,2021,2,ก.พ.,2021-02,63,ตาก,35
2564,2021,2,ก.พ.,2021-02,64,สุโขทัย,0
2564,2021,2,ก.พ.,2021-02,65,พิษณุโลก,1
2564,2021,2,ก.พ.,2021-02,66,พิจิตร,0
2564,2021,2,ก.พ.,2021-02,67,เพชรบูรณ์,1
2564,2021,2,ก.พ.,2021-02,70,ราชบุรี,3
2564,2021,2,ก.พ.,2021-02,71,กาญจนบุรี,7
2564,2021,2,ก.พ.,2021-02,72,สุพรรณบุรี,0
2564,2021,2,ก.พ.,2021-02,73,นครปฐม,0
2564,2021,2,ก.พ.,2021-02,74,สมุทรสาคร,0
2564,2021,2,ก.พ.,2021-02,75,สมุทรสงคราม,0
2564,2021,2,ก.พ.,2021-02,76,เพชรบุรี,4
2564,2021,2,ก.พ.,2021-02,77,ประจวบคีรีขันธ์,12
2564,2021,2,ก.พ.,2021-02,80,นครศรีธรรมราช,0
2564,2021,2,ก.พ.,2021-02,81,กระบี่,0
2564,2021,2,ก.พ.,2021-02,82,พังงา,0
2564,2021,2,ก.พ.,2021-02,83,ภูเก็ต,0
2564,2021,2,ก.พ.,2021-02,84,สุราษฎร์ธานี,0
2564,2021,2,ก.พ.,2021-02,85,ระนอง,4
2564,2021,2,ก.พ.,2021-02,86,ชุมพร,1
2564,2021,2,ก.พ.,2021-02,90,สงขลา,9
2564,2021,2,ก.พ.,2021-02,91,สตูล,0
2564,2021,2,ก.พ.,2021-02,92,ตรัง,0
2564,2021,2,ก.พ.,2021-02,93,พัทลุง,0
2564,2021,2,ก.พ.,2021-02,94,ปัตตานี,0
2564,2021,2,ก.พ.,2021-02,95,ยะลา,41
2564,2021,2,ก.พ.,2021-02,96,นราธิวาส,0
2564,2021,3,มี.ค.,2021-03,10,กรุงเทพฯ,0
2564,2021,3,มี.ค.,2021-03,11,สมุทรปราการ,0
2564,2021,3,มี.ค.,2021-03,12,นนทบุรี,0
2564,2021,3,มี.ค.,2021-03,13,ปทุมธานี,0
2564,2021,3,มี.ค.,2021-03,14,พระนครศรีอยุธยา,0
2564,2021,3,มี.ค.,2021-03,15,อ่างทอง,0
2564,2021,3,มี.ค.,2021-03,16,ลพบุรี,0
2564,2021,3,มี.ค.,2021-03,17,สิงห์บุรี,0
2564,2021,3,มี.ค.,2021-03,18,ชัยนาท,0
2564,2021,3,มี.ค.,2021-03,19,สระบุรี,0
2564,2021,3,มี.ค.,2021-03,20,ชลบุรี,0
2564,2021,3,มี.ค.,2021-03,21,ระยอง,0
2564,2021,3,มี.ค.,2021-03,22,จันทบุรี,0
2564,2021,3,มี.ค.,2021-03,23,ตราด,3
2564,2021,3,มี.ค.,2021-03,24,ฉะเชิงเทรา,0
2564,2021,3,มี.ค.,2021-03,25,ปราจีนบุรี,0
2564,2021,3,มี.ค.,2021-03,26,นครนายก,0
2564,2021,3,มี.ค.,2021-03,27,สระแก้ว,0
2564,2021,3,มี.ค.,2021-03,30,นครราชสีมา,1
2564,2021,3,มี.ค.,2021-03,31,บุรีรัมย์,0
2564,2021,3,มี.ค.,2021-03,32,สุรินทร์,0
2564,2021,3,มี.ค.,2021-03,33,ศรีสะเกษ,0
2564,2021,3,มี.ค.,2021-03,34,อุบลราชธานี,1
2564,2021,3,มี.ค.,2021-03,35,ยโสธร,0
2564,2021,3,มี.ค.,2021-03,36,ชัยภูมิ,0
2564,2021,3,มี.ค.,2021-03,37,อำนาจเจริญ,0
2564,2021,3,มี.ค.,2021-03,38,บึงกาฬ,0
2564,2021,3,มี.ค.,2021-03,39,หนองบัวลำภู,0
2564,2021,3,มี.ค.,2021-03,40,ขอนแก่น,0
2564,2021,3,มี.ค.,2021-03,41,อุดรธานี,0
2564,2021,3,มี.ค.,2021-03,42,เลย,0
2564,2021,3,มี.ค.,2021-03,43,หนองคาย,0
2564,2021,3,มี.ค.,2021-03,44,มหาสารคาม,0
2564,2021,3,มี.ค.,2021-03,45,ร้อยเอ็ด,0
2564,2021,3,มี.ค.,2021-03,46,กาฬสินธุ์,0
2564,2021,3,มี.ค.,2021-03,47,สกลนคร,0
2564,2021,3,มี.ค.,2021-03,48,นครพนม,0
2564,2021,3,มี.ค.,2021-03,49,มุกดาหาร,1
2564,2021,3,มี.ค.,2021-03,50,เชียงใหม่,0
2564,2021,3,มี.ค.,2021-03,51,ลำพูน,0
2564,2021,3,มี.ค.,2021-03,52,ลำปาง,0
2564,2021,3,มี.ค.,2021-03,53,อุตรดิตถ์,0
2564,2021,3,มี.ค.,2021-03,54,แพร่,0
2564,2021,3,มี.ค.,2021-03,55,น่าน,0
2564,2021,3,มี.ค.,2021-03,56,พะเยา,0
2564,2021,3,มี.ค.,2021-03,57,เชียงราย,0
2564,2021,3,มี.ค.,2021-03,58,แม่ฮ่องสอน,6
2564,2021,3,มี.ค.,2021-03,60,นครสวรรค์,0
2564,2021,3,มี.ค.,2021-03,61,อุทัยธานี,0
2564,2021,3,มี.ค.,2021-03,62,กำแพงเพชร,0
2564,2021,3,มี.ค.,2021-03,63,ตาก,37
2564,2021,3,มี.ค.,2021-03,64,สุโขทัย,0
2564,2021,3,มี.ค.,2021-03,65,พิษณุโลก,0
2564,2021,3,มี.ค.,2021-03,66,พิจิตร,0
2564,2021,3,มี.ค.,2021-03,67,เพชรบูรณ์,0
2564,2021,3,มี.ค.,2021-03,70,ราชบุรี,9
2564,2021,3,มี.ค.,2021-03,71,กาญจนบุรี,10
2564,2021,3,มี.ค.,2021-03,72,สุพรรณบุรี,0
2564,2021,3,มี.ค.,2021-03,73,นครปฐม,0
2564,2021,3,มี.ค.,2021-03,74,สมุทรสาคร,0
2564,2021,3,มี.ค.,2021-03,75,สมุทรสงคราม,0
2564,2021,3,มี.ค.,2021-03,76,เพชรบุรี,7
2564,2021,3,มี.ค.,2021-03,77,ประจวบคีรีขันธ์,8
2564,2021,3,มี.ค.,2021-03,80,นครศรีธรรมราช,0
2564,2021,3,มี.ค.,2021-03,81,กระบี่,0
2564,2021,3,มี.ค.,2021-03,82,พังงา,0
2564,2021,3,มี.ค.,2021-03,83,ภูเก็ต,0
2564,2021,3,มี.ค.,2021-03,84,สุราษฎร์ธานี,0
2564,2021,3,มี.ค.,2021-03,85,ระนอง,3
2564,2021,3,มี.ค.,2021-03,86,ชุมพร,6
2564,2021,3,มี.ค.,2021-03,90,สงขลา,7
2564,2021,3,มี.ค.,2021-03,91,สตูล,3
2564,2021,3,มี.ค.,2021-03,92,ตรัง,1
2564,2021,3,มี.ค.,2021-03,93,พัทลุง,0
2564,2021,3,มี.ค.,2021-03,94,ปัตตานี,1
2564,2021,3,มี.ค.,2021-03,95,ยะลา,34
2564,2021,3,มี.ค.,2021-03,96,นราธิวาส,2
2564,2021,4,เม.ย.,2021-04,10,กรุงเทพฯ,0
2564,2021,4,เม.ย.,2021-04,11,สมุทรปราการ,0
2564,2021,4,เม.ย.,2021-04,12,นนทบุรี,0
2564,2021,4,เม.ย.,2021-04,13,ปทุมธานี,0
2564,2021,4,เม.ย.,2021-04,14,พระนครศรีอยุธยา,0
2564,2021,4,เม.ย.,2021-04,15,อ่างทอง,0
2564,2021,4,เม.ย.,2021-04,16,ลพบุรี,0
2564,2021,4,เม.ย.,2021-04,17,สิงห์บุรี,0
2564,2021,4,เม.ย.,2021-04,18,ชัยนาท,0
2564,2021,4,เม.ย.,2021-04,19,สระบุรี,0
2564,2021,4,เม.ย.,2021-04,20,ชลบุรี,0
2564,2021,4,เม.ย.,2021-04,21,ระยอง,0
2564,2021,4,เม.ย.,2021-04,22,จันทบุรี,0
2564,2021,4,เม.ย.,2021-04,23,ตราด,1
2564,2021,4,เม.ย.,2021-04,24,ฉะเชิงเทรา,0
2564,2021,4,เม.ย.,2021-04,25,ปราจีนบุรี,0
2564,2021,4,เม.ย.,2021-04,26,นครนายก,0
2564,2021,4,เม.ย.,2021-04,27,สระแก้ว,0
2564,2021,4,เม.ย.,2021-04,30,นครราชสีมา,0
2564,2021,4,เม.ย.,2021-04,31,บุรีรัมย์,0
2564,2021,4,เม.ย.,2021-04,32,สุรินทร์,0
2564,2021,4,เม.ย.,2021-04,33,ศรีสะเกษ,0
2564,2021,4,เม.ย.,2021-04,34,อุบลราชธานี,0
2564,2021,4,เม.ย.,2021-04,35,ยโสธร,0
2564,2021,4,เม.ย.,2021-04,36,ชัยภูมิ,0
2564,2021,4,เม.ย.,2021-04,37,อำนาจเจริญ,0
2564,2021,4,เม.ย.,2021-04,38,บึงกาฬ,0
2564,2021,4,เม.ย.,2021-04,39,หนองบัวลำภู,0
2564,2021,4,เม.ย.,2021-04,40,ขอนแก่น,0
2564,2021,4,เม.ย.,2021-04,41,อุดรธานี,0
2564,2021,4,เม.ย.,2021-04,42,เลย,0
2564,2021,4,เม.ย.,2021-04,43,หนองคาย,0
2564,2021,4,เม.ย.,2021-04,44,มหาสารคาม,0
2564,2021,4,เม.ย.,2021-04,45,ร้อยเอ็ด,0
2564,2021,4,เม.ย.,2021-04,46,กาฬสินธุ์,0
2564,2021,4,เม.ย.,2021-04,47,สกลนคร,0
2564,2021,4,เม.ย.,2021-04,48,นครพนม,0
2564,2021,4,เม.ย.,2021-04,49,มุกดาหาร,3
2564,2021,4,เม.ย.,2021-04,50,เชียงใหม่,2
2564,2021,4,เม.ย.,2021-04,51,ลำพูน,0
2564,2021,4,เม.ย.,2021-04,52,ลำปาง,0
2564,2021,4,เม.ย.,2021-04,53,อุตรดิตถ์,0
2564,2021,4,เม.ย.,2021-04,54,แพร่,0
2564,2021,4,เม.ย.,2021-04,55,น่าน,0
2564,2021,4,เม.ย.,2021-04,56,พะเยา,0
2564,2021,4,เม.ย.,2021-04,57,เชียงราย,0
2564,2021,4,เม.ย.,2021-04,58,แม่ฮ่องสอน,27
2564,2021,4,เม.ย.,2021-04,60,นครสวรรค์,0
2564,2021,4,เม.ย.,2021-04,61,อุทัยธานี,0
2564,2021,4,เม.ย.,2021-04,62,กำแพงเพชร,0
2564,2021,4,เม.ย.,2021-04,63,ตาก,46
2564,2021,4,เม.ย.,2021-04,64,สุโขทัย,0
2564,2021,4,เม.ย.,2021-04,65,พิษณุโลก,0
2564,2021,4,เม.ย.,2021-04,66,พิจิตร,0
2564,2021,4,เม.ย.,2021-04,67,เพชรบูรณ์,0
2564,2021,4,เม.ย.,2021-04,70,ราชบุรี,17
2564,2021,4,เม.ย.,2021-04,71,กาญจนบุรี,13
2564,2021,4,เม.ย.,2021-04,72,สุพรรณบุรี,1
2564,2021,4,เม.ย.,2021-04,73,นครปฐม,0
2564,2021,4,เม.ย.,2021-04,74,สมุทรสาคร,0
2564,2021,4,เม.ย.,2021-04,75,สมุทรสงคราม,0
2564,2021,4,เม.ย.,2021-04,76,เพชรบุรี,15
2564,2021,4,เม.ย.,2021-04,77,ประจวบคีรีขันธ์,18
2564,2021,4,เม.ย.,2021-04,80,นครศรีธรรมราช,0
2564,2021,4,เม.ย.,2021-04,81,กระบี่,0
2564,2021,4,เม.ย.,2021-04,82,พังงา,1
2564,2021,4,เม.ย.,2021-04,83,ภูเก็ต,0
2564,2021,4,เม.ย.,2021-04,84,สุราษฎร์ธานี,0
2564,2021,4,เม.ย.,2021-04,85,ระนอง,5
2564,2021,4,เม.ย.,2021-04,86,ชุมพร,1
2564,2021,4,เม.ย.,2021-04,90,สงขลา,4
2564,2021,4,เม.ย.,2021-04,91,สตูล,1
2564,2021,4,เม.ย.,2021-04,92,ตรัง,0
2564,2021,4,เม.ย.,2021-04,93,พัทลุง,0
2564,2021,4,เม.ย.,2021-04,94,ปัตตานี,1
2564,2021,4,เม.ย.,2021-04,95,ยะลา,20
2564,2021,4,เม.ย.,2021-04,96,นราธิวาส,4
2564,2021,5,พ.ค.,2021-05,10,กรุงเทพฯ,0
2564,2021,5,พ.ค.,2021-05,11,สมุทรปราการ,0
2564,2021,5,พ.ค.,2021-05,12,นนทบุรี,0
2564,2021,5,พ.ค.,2021-05,13,ปทุมธานี,0
2564,2021,5,พ.ค.,2021-05,14,พระนครศรีอยุธยา,0
2564,2021,5,พ.ค.,2021-05,15,อ่างทอง,0
2564,2021,5,พ.ค.,2021-05,16,ลพบุรี,0
2564,2021,5,พ.ค.,2021-05,17,สิงห์บุรี,0
2564,2021,5,พ.ค.,2021-05,18,ชัยนาท,0
2564,2021,5,พ.ค.,2021-05,19,สระบุรี,0
2564,2021,5,พ.ค.,2021-05,20,ชลบุรี,0
2564,2021,5,พ.ค.,2021-05,21,ระยอง,0
2564,2021,5,พ.ค.,2021-05,22,จันทบุรี,1
2564,2021,5,พ.ค.,2021-05,23,ตราด,0
2564,2021,5,พ.ค.,2021-05,24,ฉะเชิงเทรา,1
2564,2021,5,พ.ค.,2021-05,25,ปราจีนบุรี,0
2564,2021,5,พ.ค.,2021-05,26,นครนายก,0
2564,2021,5,พ.ค.,2021-05,27,สระแก้ว,0
2564,2021,5,พ.ค.,2021-05,30,นครราชสีมา,0
2564,2021,5,พ.ค.,2021-05,31,บุรีรัมย์,0
2564,2021,5,พ.ค.,2021-05,32,สุรินทร์,1
2564,2021,5,พ.ค.,2021-05,33,ศรีสะเกษ,2
2564,2021,5,พ.ค.,2021-05,34,อุบลราชธานี,1
2564,2021,5,พ.ค.,2021-05,35,ยโสธร,0
2564,2021,5,พ.ค.,2021-05,36,ชัยภูมิ,0
2564,2021,5,พ.ค.,2021-05,37,อำนาจเจริญ,0
2564,2021,5,พ.ค.,2021-05,38,บึงกาฬ,0
2564,2021,5,พ.ค.,2021-05,39,หนองบัวลำภู,0
2564,2021,5,พ.ค.,2021-05,40,ขอนแก่น,0
2564,2021,5,พ.ค.,2021-05,41,อุดรธานี,0
2564,2021,5,พ.ค.,2021-05,42,เลย,0
2564,2021,5,พ.ค.,2021-05,43,หนองคาย,0
2564,2021,5,พ.ค.,2021-05,44,มหาสารคาม,0
2564,2021,5,พ.ค.,2021-05,45,ร้อยเอ็ด,0
2564,2021,5,พ.ค.,2021-05,46,กาฬสินธุ์,0
2564,2021,5,พ.ค.,2021-05,47,สกลนคร,0
2564,2021,5,พ.ค.,2021-05,48,นครพนม,0
2564,2021,5,พ.ค.,2021-05,49,มุกดาหาร,0
2564,2021,5,พ.ค.,2021-05,50,เชียงใหม่,1
2564,2021,5,พ.ค.,2021-05,51,ลำพูน,0
2564,2021,5,พ.ค.,2021-05,52,ลำปาง,0
2564,2021,5,พ.ค.,2021-05,53,อุตรดิตถ์,0
2564,2021,5,พ.ค.,2021-05,54,แพร่,0
2564,2021,5,พ.ค.,2021-05,55,น่าน,0
2564,2021,5,พ.ค.,2021-05,56,พะเยา,0
2564,2021,5,พ.ค.,2021-05,57,เชียงราย,0
2564,2021,5,พ.ค.,2021-05,58,แม่ฮ่องสอน,64
2564,2021,5,พ.ค.,2021-05,60,นครสวรรค์,0
2564,2021,5,พ.ค.,2021-05,61,อุทัยธานี,3
2564,2021,5,พ.ค.,2021-05,62,กำแพงเพชร,0
2564,2021,5,พ.ค.,2021-05,63,ตาก,89
2564,2021,5,พ.ค.,2021-05,64,สุโขทัย,0
2564,2021,5,พ.ค.,2021-05,65,พิษณุโลก,2
2564,2021,5,พ.ค.,2021-05,66,พิจิตร,0
2564,2021,5,พ.ค.,2021-05,67,เพชรบูรณ์,0
2564,2021,5,พ.ค.,2021-05,70,ราชบุรี,83
2564,2021,5,พ.ค.,2021-05,71,กาญจนบุรี,92
2564,2021,5,พ.ค.,2021-05,72,สุพรรณบุรี,1
2564,2021,5,พ.ค.,2021-05,73,นครปฐม,0
2564,2021,5,พ.ค.,2021-05,74,สมุทรสาคร,0
2564,2021,5,พ.ค.,2021-05,75,สมุทรสงคราม,0
2564,2021,5,พ.ค.,2021-05,76,เพชรบุรี,29
2564,2021,5,พ.ค.,2021-05,77,ประจวบคีรีขันธ์,36
2564,2021,5,พ.ค.,2021-05,80,นครศรีธรรมราช,0
2564,2021,5,พ.ค.,2021-05,81,กระบี่,0
2564,2021,5,พ.ค.,2021-05,82,พังงา,1
2564,2021,5,พ.ค.,2021-05,83,ภูเก็ต,0
2564,2021,5,พ.ค.,2021-05,84,สุราษฎร์ธานี,0
2564,2021,5,พ.ค.,2021-05,85,ระนอง,1
2564,2021,5,พ.ค.,2021-05,86,ชุมพร,4
2564,2021,5,พ.ค.,2021-05,90,สงขลา,0
2564,2021,5,พ.ค.,2021-05,91,สตูล,0
2564,2021,5,พ.ค.,2021-05,92,ตรัง,0
2564,2021,5,พ.ค.,2021-05,93,พัทลุง,0
2564,2021,5,พ.ค.,2021-05,94,ปัตตานี,2
2564,2021,5,พ.ค.,2021-05,95,ยะลา,11
2564,2021,5,พ.ค.,2021-05,96,นราธิวาส,1
2564,2021,6,มิ.ย.,2021-06,10,กรุงเทพฯ,0
2564,2021,6,มิ.ย.,2021-06,11,สมุทรปราการ,0
2564,2021,6,มิ.ย.,2021-06,12,นนทบุรี,0
2564,2021,6,มิ.ย.,2021-06,13,ปทุมธานี,0
2564,2021,6,มิ.ย.,2021-06,14,พระนครศรีอยุธยา,0
2564,2021,6,มิ.ย.,2021-06,15,อ่างทอง,0
2564,2021,6,มิ.ย.,2021-06,16,ลพบุรี,0
2564,2021,6,มิ.ย.,2021-06,17,สิงห์บุรี,0
2564,2021,6,มิ.ย.,2021-06,18,ชัยนาท,0
2564,2021,6,มิ.ย.,2021-06,19,สระบุรี,0
2564,2021,6,มิ.ย.,2021-06,20,ชลบุรี,1
2564,2021,6,มิ.ย.,2021-06,21,ระยอง,0
2564,2021,6,มิ.ย.,2021-06,22,จันทบุรี,0
2564,2021,6,มิ.ย.,2021-06,23,ตราด,1
2564,2021,6,มิ.ย.,2021-06,24,ฉะเชิงเทรา,0
2564,2021,6,มิ.ย.,2021-06,25,ปราจีนบุรี,0
2564,2021,6,มิ.ย.,2021-06,26,นครนายก,0
2564,2021,6,มิ.ย.,2021-06,27,สระแก้ว,0
2564,2021,6,มิ.ย.,2021-06,30,นครราชสีมา,0
2564,2021,6,มิ.ย.,2021-06,31,บุรีรัมย์,0
2564,2021,6,มิ.ย.,2021-06,32,สุรินทร์,0
2564,2021,6,มิ.ย.,2021-06,33,ศรีสะเกษ,4
2564,2021,6,มิ.ย.,2021-06,34,อุบลราชธานี,5
2564,2021,6,มิ.ย.,2021-06,35,ยโสธร,0
2564,2021,6,มิ.ย.,2021-06,36,ชัยภูมิ,0
2564,2021,6,มิ.ย.,2021-06,37,อำนาจเจริญ,0
2564,2021,6,มิ.ย.,2021-06,38,บึงกาฬ,0
2564,2021,6,มิ.ย.,2021-06,39,หนองบัวลำภู,0
2564,2021,6,มิ.ย.,2021-06,40,ขอนแก่น,0
2564,2021,6,มิ.ย.,2021-06,41,อุดรธานี,0
2564,2021,6,มิ.ย.,2021-06,42,เลย,0
2564,2021,6,มิ.ย.,2021-06,43,หนองคาย,0
2564,2021,6,มิ.ย.,2021-06,44,มหาสารคาม,0
2564,2021,6,มิ.ย.,2021-06,45,ร้อยเอ็ด,0
2564,2021,6,มิ.ย.,2021-06,46,กาฬสินธุ์,0
2564,2021,6,มิ.ย.,2021-06,47,สกลนคร,0
2564,2021,6,มิ.ย.,2021-06,48,นครพนม,0
2564,2021,6,มิ.ย.,2021-06,49,มุกดาหาร,0
2564,2021,6,มิ.ย.,2021-06,50,เชียงใหม่,0
2564,2021,6,มิ.ย.,2021-06,51,ลำพูน,0
2564,2021,6,มิ.ย.,2021-06,52,ลำปาง,0
2564,2021,6,มิ.ย.,2021-06,53,อุตรดิตถ์,0
2564,2021,6,มิ.ย.,2021-06,54,แพร่,0
2564,2021,6,มิ.ย.,2021-06,55,น่าน,5
2564,2021,6,มิ.ย.,2021-06,56,พะเยา,0
2564,2021,6,มิ.ย.,2021-06,57,เชียงราย,0
2564,2021,6,มิ.ย.,2021-06,58,แม่ฮ่องสอน,85
2564,2021,6,มิ.ย.,2021-06,60,นครสวรรค์,1
2564,2021,6,มิ.ย.,2021-06,61,อุทัยธานี,6
2564,2021,6,มิ.ย.,2021-06,62,กำแพงเพชร,0
2564,2021,6,มิ.ย.,2021-06,63,ตาก,156
2564,2021,6,มิ.ย.,2021-06,64,สุโขทัย,0
2564,2021,6,มิ.ย.,2021-06,65,พิษณุโลก,0
2564,2021,6,มิ.ย.,2021-06,66,พิจิตร,0
2564,2021,6,มิ.ย.,2021-06,67,เพชรบูรณ์,0
2564,2021,6,มิ.ย.,2021-06,70,ราชบุรี,70
2564,2021,6,มิ.ย.,2021-06,71,กาญจนบุรี,115
2564,2021,6,มิ.ย.,2021-06,72,สุพรรณบุรี,0
2564,2021,6,มิ.ย.,2021-06,73,นครปฐม,0
2564,2021,6,มิ.ย.,2021-06,74,สมุทรสาคร,0
2564,2021,6,มิ.ย.,2021-06,75,สมุทรสงคราม,0
2564,2021,6,มิ.ย.,2021-06,76,เพชรบุรี,31
2564,2021,6,มิ.ย.,2021-06,77,ประจวบคีรีขันธ์,40
2564,2021,6,มิ.ย.,2021-06,80,นครศรีธรรมราช,0
2564,2021,6,มิ.ย.,2021-06,81,กระบี่,0
2564,2021,6,มิ.ย.,2021-06,82,พังงา,0
2564,2021,6,มิ.ย.,2021-06,83,ภูเก็ต,0
2564,2021,6,มิ.ย.,2021-06,84,สุราษฎร์ธานี,2
2564,2021,6,มิ.ย.,2021-06,85,ระนอง,3
2564,2021,6,มิ.ย.,2021-06,86,ชุมพร,4
2564,2021,6,มิ.ย.,2021-06,90,สงขลา,3
2564,2021,6,มิ.ย.,2021-06,91,สตูล,0
2564,2021,6,มิ.ย.,2021-06,92,ตรัง,0
2564,2021,6,มิ.ย.,2021-06,93,พัทลุง,0
2564,2021,6,มิ.ย.,2021-06,94,ปัตตานี,0
2564,2021,6,มิ.ย.,2021-06,95,ยะลา,8
2564,2021,6,มิ.ย.,2021-06,96,นราธิวาส,2
2564,2021,7,ก.ค.,2021-07,10,กรุงเทพฯ,0
2564,2021,7,ก.ค.,2021-07,11,สมุทรปราการ,0
2564,2021,7,ก.ค.,2021-07,12,นนทบุรี,0
2564,2021,7,ก.ค.,2021-07,13,ปทุมธานี,0
2564,2021,7,ก.ค.,2021-07,14,พระนครศรีอยุธยา,0
2564,2021,7,ก.ค.,2021-07,15,อ่างทอง,0
2564,2021,7,ก.ค.,2021-07,16,ลพบุรี,0
2564,2021,7,ก.ค.,2021-07,17,สิงห์บุรี,0
2564,2021,7,ก.ค.,2021-07,18,ชัยนาท,0
2564,2021,7,ก.ค.,2021-07,19,สระบุรี,0
2564,2021,7,ก.ค.,2021-07,20,ชลบุรี,0
2564,2021,7,ก.ค.,2021-07,21,ระยอง,0
2564,2021,7,ก.ค.,2021-07,22,จันทบุรี,0
2564,2021,7,ก.ค.,2021-07,23,ตราด,0
2564,2021,7,ก.ค.,2021-07,24,ฉะเชิงเทรา,0
2564,2021,7,ก.ค.,2021-07,25,ปราจีนบุรี,0
2564,2021,7,ก.ค.,2021-07,26,นครนายก,0
2564,2021,7,ก.ค.,2021-07,27,สระแก้ว,0
2564,2021,7,ก.ค.,2021-07,30,นครราชสีมา,1
2564,2021,7,ก.ค.,2021-07,31,บุรีรัมย์,0
2564,2021,7,ก.ค.,2021-07,32,สุรินทร์,0
2564,2021,7,ก.ค.,2021-07,33,ศรีสะเกษ,2
2564,2021,7,ก.ค.,2021-07,34,อุบลราชธานี,2
2564,2021,7,ก.ค.,2021-07,35,ยโสธร,0
2564,2021,7,ก.ค.,2021-07,36,ชัยภูมิ,0
2564,2021,7,ก.ค.,2021-07,37,อำนาจเจริญ,0
2564,2021,7,ก.ค.,2021-07,38,บึงกาฬ,0
2564,2021,7,ก.ค.,2021-07,39,หนองบัวลำภู,0
2564,2021,7,ก.ค.,2021-07,40,ขอนแก่น,0
2564,2021,7,ก.ค.,2021-07,41,อุดรธานี,0
2564,2021,7,ก.ค.,2021-07,42,เลย,0
2564,2021,7,ก.ค.,2021-07,43,หนองคาย,0
2564,2021,7,ก.ค.,2021-07,44,มหาสารคาม,0
2564,2021,7,ก.ค.,2021-07,45,ร้อยเอ็ด,0
2564,2021,7,ก.ค.,2021-07,46,กาฬสินธุ์,0
2564,2021,7,ก.ค.,2021-07,47,สกลนคร,0
2564,2021,7,ก.ค.,2021-07,48,นครพนม,0
2564,2021,7,ก.ค.,2021-07,49,มุกดาหาร,0
2564,2021,7,ก.ค.,2021-07,50,เชียงใหม่,4
2564,2021,7,ก.ค.,2021-07,51,ลำพูน,2
2564,2021,7,ก.ค.,2021-07,52,ลำปาง,0
2564,2021,7,ก.ค.,2021-07,53,อุตรดิตถ์,0
2564,2021,7,ก.ค.,2021-07,54,แพร่,0
2564,2021,7,ก.ค.,2021-07,55,น่าน,0
2564,2021,7,ก.ค.,2021-07,56,พะเยา,0
2564,2021,7,ก.ค.,2021-07,57,เชียงราย,1
2564,2021,7,ก.ค.,2021-07,58,แม่ฮ่องสอน,139
2564,2021,7,ก.ค.,2021-07,60,นครสวรรค์,0
2564,2021,7,ก.ค.,2021-07,61,อุทัยธานี,0
2564,2021,7,ก.ค.,2021-07,62,กำแพงเพชร,0
2564,2021,7,ก.ค.,2021-07,63,ตาก,133
2564,2021,7,ก.ค.,2021-07,64,สุโขทัย,0
2564,2021,7,ก.ค.,2021-07,65,พิษณุโลก,3
2564,2021,7,ก.ค.,2021-07,66,พิจิตร,0
2564,2021,7,ก.ค.,2021-07,67,เพชรบูรณ์,0
2564,2021,7,ก.ค.,2021-07,70,ราชบุรี,17
2564,2021,7,ก.ค.,2021-07,71,กาญจนบุรี,80
2564,2021,7,ก.ค.,2021-07,72,สุพรรณบุรี,0
2564,2021,7,ก.ค.,2021-07,73,นครปฐม,0
2564,2021,7,ก.ค.,2021-07,74,สมุทรสาคร,0
2564,2021,7,ก.ค.,2021-07,75,สมุทรสงคราม,0
2564,2021,7,ก.ค.,2021-07,76,เพชรบุรี,10
2564,2021,7,ก.ค.,2021-07,77,ประจวบคีรีขันธ์,13
2564,2021,7,ก.ค.,2021-07,80,นครศรีธรรมราช,0
2564,2021,7,ก.ค.,2021-07,81,กระบี่,0
2564,2021,7,ก.ค.,2021-07,82,พังงา,2
2564,2021,7,ก.ค.,2021-07,83,ภูเก็ต,0
2564,2021,7,ก.ค.,2021-07,84,สุราษฎร์ธานี,0
2564,2021,7,ก.ค.,2021-07,85,ระนอง,1
2564,2021,7,ก.ค.,2021-07,86,ชุมพร,2
2564,2021,7,ก.ค.,2021-07,90,สงขลา,2
2564,2021,7,ก.ค.,2021-07,91,สตูล,0
2564,2021,7,ก.ค.,2021-07,92,ตรัง,0
2564,2021,7,ก.ค.,2021-07,93,พัทลุง,0
2564,2021,7,ก.ค.,2021-07,94,ปัตตานี,0
2564,2021,7,ก.ค.,2021-07,95,ยะลา,6
2564,2021,7,ก.ค.,2021-07,96,นราธิวาส,0
2564,2021,8,ส.ค.,2021-08,10,กรุงเทพฯ,0
2564,2021,8,ส.ค.,2021-08,11,สมุทรปราการ,0
2564,2021,8,ส.ค.,2021-08,12,นนทบุรี,0
2564,2021,8,ส.ค.,2021-08,13,ปทุมธานี,0
2564,2021,8,ส.ค.,2021-08,14,พระนครศรีอยุธยา,0
2564,2021,8,ส.ค.,2021-08,15,อ่างทอง,0
2564,2021,8,ส.ค.,2021-08,16,ลพบุรี,0
2564,2021,8,ส.ค.,2021-08,17,สิงห์บุรี,0
2564,2021,8,ส.ค.,2021-08,18,ชัยนาท,0
2564,2021,8,ส.ค.,2021-08,19,สระบุรี,0
2564,2021,8,ส.ค.,2021-08,20,ชลบุรี,0
2564,2021,8,ส.ค.,2021-08,21,ระยอง,0
2564,2021,8,ส.ค.,2021-08,22,จันทบุรี,0
2564,2021,8,ส.ค.,2021-08,23,ตราด,1
2564,2021,8,ส.ค.,2021-08,24,ฉะเชิงเทรา,0
2564,2021,8,ส.ค.,2021-08,25,ปราจีนบุรี,0
2564,2021,8,ส.ค.,2021-08,26,นครนายก,0
2564,2021,8,ส.ค.,2021-08,27,สระแก้ว,0
2564,2021,8,ส.ค.,2021-08,30,นครราชสีมา,0
2564,2021,8,ส.ค.,2021-08,31,บุรีรัมย์,0
2564,2021,8,ส.ค.,2021-08,32,สุรินทร์,0
2564,2021,8,ส.ค.,2021-08,33,ศรีสะเกษ,6
2564,2021,8,ส.ค.,2021-08,34,อุบลราชธานี,0
2564,2021,8,ส.ค.,2021-08,35,ยโสธร,0
2564,2021,8,ส.ค.,2021-08,36,ชัยภูมิ,0
2564,2021,8,ส.ค.,2021-08,37,อำนาจเจริญ,0
2564,2021,8,ส.ค.,2021-08,38,บึงกาฬ,0
2564,2021,8,ส.ค.,2021-08,39,หนองบัวลำภู,0
2564,2021,8,ส.ค.,2021-08,40,ขอนแก่น,0
2564,2021,8,ส.ค.,2021-08,41,อุดรธานี,0
2564,2021,8,ส.ค.,2021-08,42,เลย,0
2564,2021,8,ส.ค.,2021-08,43,หนองคาย,0
2564,2021,8,ส.ค.,2021-08,44,มหาสารคาม,0
2564,2021,8,ส.ค.,2021-08,45,ร้อยเอ็ด,0
2564,2021,8,ส.ค.,2021-08,46,กาฬสินธุ์,0
2564,2021,8,ส.ค.,2021-08,47,สกลนคร,0
2564,2021,8,ส.ค.,2021-08,48,นครพนม,0
2564,2021,8,ส.ค.,2021-08,49,มุกดาหาร,0
2564,2021,8,ส.ค.,2021-08,50,เชียงใหม่,4
2564,2021,8,ส.ค.,2021-08,51,ลำพูน,1
2564,2021,8,ส.ค.,2021-08,52,ลำปาง,0
2564,2021,8,ส.ค.,2021-08,53,อุตรดิตถ์,0
2564,2021,8,ส.ค.,2021-08,54,แพร่,0
2564,2021,8,ส.ค.,2021-08,55,น่าน,0
2564,2021,8,ส.ค.,2021-08,56,พะเยา,0
2564,2021,8,ส.ค.,2021-08,57,เชียงราย,0
2564,2021,8,ส.ค.,2021-08,58,แม่ฮ่องสอน,116
2564,2021,8,ส.ค.,2021-08,60,นครสวรรค์,0
2564,2021,8,ส.ค.,2021-08,61,อุทัยธานี,1
2564,2021,8,ส.ค.,2021-08,62,กำแพงเพชร,0
2564,2021,8,ส.ค.,2021-08,63,ตาก,99
2564,2021,8,ส.ค.,2021-08,64,สุโขทัย,0
2564,2021,8,ส.ค.,2021-08,65,พิษณุโลก,0
2564,2021,8,ส.ค.,2021-08,66,พิจิตร,0
2564,2021,8,ส.ค.,2021-08,67,เพชรบูรณ์,0
2564,2021,8,ส.ค.,2021-08,70,ราชบุรี,10
2564,2021,8,ส.ค.,2021-08,71,กาญจนบุรี,22
2564,2021,8,ส.ค.,2021-08,72,สุพรรณบุรี,0
2564,2021,8,ส.ค.,2021-08,73,นครปฐม,0
2564,2021,8,ส.ค.,2021-08,74,สมุทรสาคร,0
2564,2021,8,ส.ค.,2021-08,75,สมุทรสงคราม,0
2564,2021,8,ส.ค.,2021-08,76,เพชรบุรี,13
2564,2021,8,ส.ค.,2021-08,77,ประจวบคีรีขันธ์,3
2564,2021,8,ส.ค.,2021-08,80,นครศรีธรรมราช,0
2564,2021,8,ส.ค.,2021-08,81,กระบี่,0
2564,2021,8,ส.ค.,2021-08,82,พังงา,0
2564,2021,8,ส.ค.,2021-08,83,ภูเก็ต,0
2564,2021,8,ส.ค.,2021-08,84,สุราษฎร์ธานี,0
2564,2021,8,ส.ค.,2021-08,85,ระนอง,0
2564,2021,8,ส.ค.,2021-08,86,ชุมพร,0
2564,2021,8,ส.ค.,2021-08,90,สงขลา,0
2564,2021,8,ส.ค.,2021-08,91,สตูล,1
2564,2021,8,ส.ค.,2021-08,92,ตรัง,0
2564,2021,8,ส.ค.,2021-08,93,พัทลุง,0
2564,2021,8,ส.ค.,2021-08,94,ปัตตานี,0
2564,2021,8,ส.ค.,2021-08,95,ยะลา,8
2564,2021,8,ส.ค.,2021-08,96,นราธิวาส,0
2564,2021,9,ก.ย.,2021-09,10,กรุงเทพฯ,0
2564,2021,9,ก.ย.,2021-09,11,สมุทรปราการ,0
2564,2021,9,ก.ย.,2021-09,12,นนทบุรี,0
2564,2021,9,ก.ย.,2021-09,13,ปทุมธานี,0
2564,2021,9,ก.ย.,2021-09,14,พระนครศรีอยุธยา,0
2564,2021,9,ก.ย.,2021-09,15,อ่างทอง,0
2564,2021,9,ก.ย.,2021-09,16,ลพบุรี,0
2564,2021,9,ก.ย.,2021-09,17,สิงห์บุรี,0
2564,2021,9,ก.ย.,2021-09,18,ชัยนาท,0
2564,2021,9,ก.ย.,2021-09,19,สระบุรี,0
2564,2021,9,ก.ย.,2021-09,20,ชลบุรี,0
2564,2021,9,ก.ย.,2021-09,21,ระยอง,0
2564,2021,9,ก.ย.,2021-09,22,จันทบุรี,0
2564,2021,9,ก.ย.,2021-09,23,ตราด,0
2564,2021,9,ก.ย.,2021-09,24,ฉะเชิงเทรา,0
2564,2021,9,ก.ย.,2021-09,25,ปราจีนบุรี,0
2564,2021,9,ก.ย.,2021-09,26,นครนายก,0
2564,2021,9,ก.ย.,2021-09,27,สระแก้ว,0
2564,2021,9,ก.ย.,2021-09,30,นครราชสีมา,2
2564,2021,9,ก.ย.,2021-09,31,บุรีรัมย์,0
2564,2021,9,ก.ย.,2021-09,32,สุรินทร์,0
2564,2021,9,ก.ย.,2021-09,33,ศรีสะเกษ,4
2564,2021,9,ก.ย.,2021-09,34,อุบลราชธานี,0
2564,2021,9,ก.ย.,2021-09,35,ยโสธร,0
2564,2021,9,ก.ย.,2021-09,36,ชัยภูมิ,0
2564,2021,9,ก.ย.,2021-09,37,อำนาจเจริญ,0
2564,2021,9,ก.ย.,2021-09,38,บึงกาฬ,0
2564,2021,9,ก.ย.,2021-09,39,หนองบัวลำภู,0
2564,2021,9,ก.ย.,2021-09,40,ขอนแก่น,0
2564,2021,9,ก.ย.,2021-09,41,อุดรธานี,0
2564,2021,9,ก.ย.,2021-09,42,เลย,0
2564,2021,9,ก.ย.,2021-09,43,หนองคาย,0
2564,2021,9,ก.ย.,2021-09,44,มหาสารคาม,0
2564,2021,9,ก.ย.,2021-09,45,ร้อยเอ็ด,0
2564,2021,9,ก.ย.,2021-09,46,กาฬสินธุ์,0
2564,2021,9,ก.ย.,2021-09,47,สกลนคร,0
2564,2021,9,ก.ย.,2021-09,48,นครพนม,0
2564,2021,9,ก.ย.,2021-09,49,มุกดาหาร,0
2564,2021,9,ก.ย.,2021-09,50,เชียงใหม่,5
2564,2021,9,ก.ย.,2021-09,51,ลำพูน,0
2564,2021,9,ก.ย.,2021-09,52,ลำปาง,0
2564,2021,9,ก.ย.,2021-09,53,อุตรดิตถ์,0
2564,2021,9,ก.ย.,2021-09,54,แพร่,0
2564,2021,9,ก.ย.,2021-09,55,น่าน,0
2564,2021,9,ก.ย.,2021-09,56,พะเยา,0
2564,2021,9,ก.ย.,2021-09,57,เชียงราย,0
2564,2021,9,ก.ย.,2021-09,58,แม่ฮ่องสอน,54
2564,2021,9,ก.ย.,2021-09,60,นครสวรรค์,0
2564,2021,9,ก.ย.,2021-09,61,อุทัยธานี,1
2564,2021,9,ก.ย.,2021-09,62,กำแพงเพชร,1
2564,2021,9,ก.ย.,2021-09,63,ตาก,105
2564,2021,9,ก.ย.,2021-09,64,สุโขทัย,0
2564,2021,9,ก.ย.,2021-09,65,พิษณุโลก,0
2564,2021,9,ก.ย.,2021-09,66,พิจิตร,0
2564,2021,9,ก.ย.,2021-09,67,เพชรบูรณ์,0
2564,2021,9,ก.ย.,2021-09,70,ราชบุรี,10
2564,2021,9,ก.ย.,2021-09,71,กาญจนบุรี,21
2564,2021,9,ก.ย.,2021-09,72,สุพรรณบุรี,0
2564,2021,9,ก.ย.,2021-09,73,นครปฐม,0
2564,2021,9,ก.ย.,2021-09,74,สมุทรสาคร,0
2564,2021,9,ก.ย.,2021-09,75,สมุทรสงคราม,0
2564,2021,9,ก.ย.,2021-09,76,เพชรบุรี,9
2564,2021,9,ก.ย.,2021-09,77,ประจวบคีรีขันธ์,4
2564,2021,9,ก.ย.,2021-09,80,นครศรีธรรมราช,0
2564,2021,9,ก.ย.,2021-09,81,กระบี่,0
2564,2021,9,ก.ย.,2021-09,82,พังงา,0
2564,2021,9,ก.ย.,2021-09,83,ภูเก็ต,0
2564,2021,9,ก.ย.,2021-09,84,สุราษฎร์ธานี,0
2564,2021,9,ก.ย.,2021-09,85,ระนอง,1
2564,2021,9,ก.ย.,2021-09,86,ชุมพร,4
2564,2021,9,ก.ย.,2021-09,90,สงขลา,0
2564,2021,9,ก.ย.,2021-09,91,สตูล,0
2564,2021,9,ก.ย.,2021-09,92,ตรัง,0
2564,2021,9,ก.ย.,2021-09,93,พัทลุง,0
2564,2021,9,ก.ย.,2021-09,94,ปัตตานี,0
2564,2021,9,ก.ย.,2021-09,95,ยะลา,3
2564,2021,9,ก.ย.,2021-09,96,นราธิวาส,0
2564,2021,10,ต.ค.,2021-10,10,กรุงเทพฯ,0
2564,2021,10,ต.ค.,2021-10,11,สมุทรปราการ,0
2564,2021,10,ต.ค.,2021-10,12,นนทบุรี,0
2564,2021,10,ต.ค.,2021-10,13,ปทุมธานี,0
2564,2021,10,ต.ค.,2021-10,14,พระนครศรีอยุธยา,0
2564,2021,10,ต.ค.,2021-10,15,อ่างทอง,0
2564,2021,10,ต.ค.,2021-10,16,ลพบุรี,0
2564,2021,10,ต.ค.,2021-10,17,สิงห์บุรี,0
2564,2021,10,ต.ค.,2021-10,18,ชัยนาท,0
2564,2021,10,ต.ค.,2021-10,19,สระบุรี,0
2564,2021,10,ต.ค.,2021-10,20,ชลบุรี,0
2564,2021,10,ต.ค.,2021-10,21,ระยอง,0
2564,2021,10,ต.ค.,2021-10,22,จันทบุรี,0
2564,2021,10,ต.ค.,2021-10,23,ตราด,0
2564,2021,10,ต.ค.,2021-10,24,ฉะเชิงเทรา,0
2564,2021,10,ต.ค.,2021-10,25,ปราจีนบุรี,0
2564,2021,10,ต.ค.,2021-10,26,นครนายก,0
2564,2021,10,ต.ค.,2021-10,27,สระแก้ว,1
2564,2021,10,ต.ค.,2021-10,30,นครราชสีมา,0
2564,2021,10,ต.ค.,2021-10,31,บุรีรัมย์,0
2564,2021,10,ต.ค.,2021-10,32,สุรินทร์,0
2564,2021,10,ต.ค.,2021-10,33,ศรีสะเกษ,2
2564,2021,10,ต.ค.,2021-10,34,อุบลราชธานี,1
2564,2021,10,ต.ค.,2021-10,35,ยโสธร,0
2564,2021,10,ต.ค.,2021-10,36,ชัยภูมิ,0
2564,2021,10,ต.ค.,2021-10,37,อำนาจเจริญ,0
2564,2021,10,ต.ค.,2021-10,38,บึงกาฬ,0
2564,2021,10,ต.ค.,2021-10,39,หนองบัวลำภู,0
2564,2021,10,ต.ค.,2021-10,40,ขอนแก่น,0
2564,2021,10,ต.ค.,2021-10,41,อุดรธานี,1
2564,2021,10,ต.ค.,2021-10,42,เลย,0
2564,2021,10,ต.ค.,2021-10,43,หนองคาย,0
2564,2021,10,ต.ค.,2021-10,44,มหาสารคาม,0
2564,2021,10,ต.ค.,2021-10,45,ร้อยเอ็ด,0
2564,2021,10,ต.ค.,2021-10,46,กาฬสินธุ์,0
2564,2021,10,ต.ค.,2021-10,47,สกลนคร,0
2564,2021,10,ต.ค.,2021-10,48,นครพนม,0
2564,2021,10,ต.ค.,2021-10,49,มุกดาหาร,0
2564,2021,10,ต.ค.,2021-10,50,เชียงใหม่,0
2564,2021,10,ต.ค.,2021-10,51,ลำพูน,0
2564,2021,10,ต.ค.,2021-10,52,ลำปาง,0
2564,2021,10,ต.ค.,2021-10,53,อุตรดิตถ์,0
2564,2021,10,ต.ค.,2021-10,54,แพร่,0
2564,2021,10,ต.ค.,2021-10,55,น่าน,0
2564,2021,10,ต.ค.,2021-10,56,พะเยา,0
2564,2021,10,ต.ค.,2021-10,57,เชียงราย,1
2564,2021,10,ต.ค.,2021-10,58,แม่ฮ่องสอน,52
2564,2021,10,ต.ค.,2021-10,60,นครสวรรค์,0
2564,2021,10,ต.ค.,2021-10,61,อุทัยธานี,2
2564,2021,10,ต.ค.,2021-10,62,กำแพงเพชร,0
2564,2021,10,ต.ค.,2021-10,63,ตาก,97
2564,2021,10,ต.ค.,2021-10,64,สุโขทัย,0
2564,2021,10,ต.ค.,2021-10,65,พิษณุโลก,0
2564,2021,10,ต.ค.,2021-10,66,พิจิตร,0
2564,2021,10,ต.ค.,2021-10,67,เพชรบูรณ์,0
2564,2021,10,ต.ค.,2021-10,70,ราชบุรี,10
2564,2021,10,ต.ค.,2021-10,71,กาญจนบุรี,22
2564,2021,10,ต.ค.,2021-10,72,สุพรรณบุรี,0
2564,2021,10,ต.ค.,2021-10,73,นครปฐม,0
2564,2021,10,ต.ค.,2021-10,74,สมุทรสาคร,0
2564,2021,10,ต.ค.,2021-10,75,สมุทรสงคราม,0
2564,2021,10,ต.ค.,2021-10,76,เพชรบุรี,6
2564,2021,10,ต.ค.,2021-10,77,ประจวบคีรีขันธ์,1
2564,2021,10,ต.ค.,2021-10,80,นครศรีธรรมราช,0
2564,2021,10,ต.ค.,2021-10,81,กระบี่,0
2564,2021,10,ต.ค.,2021-10,82,พังงา,0
2564,2021,10,ต.ค.,2021-10,83,ภูเก็ต,0
2564,2021,10,ต.ค.,2021-10,84,สุราษฎร์ธานี,0
2564,2021,10,ต.ค.,2021-10,85,ระนอง,3
2564,2021,10,ต.ค.,2021-10,86,ชุมพร,0
2564,2021,10,ต.ค.,2021-10,90,สงขลา,1
2564,2021,10,ต.ค.,2021-10,91,สตูล,0
2564,2021,10,ต.ค.,2021-10,92,ตรัง,0
2564,2021,10,ต.ค.,2021-10,93,พัทลุง,0
2564,2021,10,ต.ค.,2021-10,94,ปัตตานี,0
2564,2021,10,ต.ค.,2021-10,95,ยะลา,3
2564,2021,10,ต.ค.,2021-10,96,นราธิวาส,1
2564,2021,11,พ.ย.,2021-11,10,กรุงเทพฯ,0
2564,2021,11,พ.ย.,2021-11,11,สมุทรปราการ,0
2564,2021,11,พ.ย.,2021-11,12,นนทบุรี,0
2564,2021,11,พ.ย.,2021-11,13,ปทุมธานี,0
2564,2021,11,พ.ย.,2021-11,14,พระนครศรีอยุธยา,0
2564,2021,11,พ.ย.,2021-11,15,อ่างทอง,0
2564,2021,11,พ.ย.,2021-11,16,ลพบุรี,0
2564,2021,11,พ.ย.,2021-11,17,สิงห์บุรี,0
2564,2021,11,พ.ย.,2021-11,18,ชัยนาท,0
2564,2021,11,พ.ย.,2021-11,19,สระบุรี,0
2564,2021,11,พ.ย.,2021-11,20,ชลบุรี,0
2564,2021,11,พ.ย.,2021-11,21,ระยอง,0
2564,2021,11,พ.ย.,2021-11,22,จันทบุรี,0
2564,2021,11,พ.ย.,2021-11,23,ตราด,0
2564,2021,11,พ.ย.,2021-11,24,ฉะเชิงเทรา,0
2564,2021,11,พ.ย.,2021-11,25,ปราจีนบุรี,0
2564,2021,11,พ.ย.,2021-11,26,นครนายก,0
2564,2021,11,พ.ย.,2021-11,27,สระแก้ว,0
2564,2021,11,พ.ย.,2021-11,30,นครราชสีมา,0
2564,2021,11,พ.ย.,2021-11,31,บุรีรัมย์,0
2564,2021,11,พ.ย.,2021-11,32,สุรินทร์,0
2564,2021,11,พ.ย.,2021-11,33,ศรีสะเกษ,1
2564,2021,11,พ.ย.,2021-11,34,อุบลราชธานี,1
2564,2021,11,พ.ย.,2021-11,35,ยโสธร,0
2564,2021,11,พ.ย.,2021-11,36,ชัยภูมิ,0
2564,2021,11,พ.ย.,2021-11,37,อำนาจเจริญ,0
2564,2021,11,พ.ย.,2021-11,38,บึงกาฬ,0
2564,2021,11,พ.ย.,2021-11,39,หนองบัวลำภู,0
2564,2021,11,พ.ย.,2021-11,40,ขอนแก่น,0
2564,2021,11,พ.ย.,2021-11,41,อุดรธานี,0
2564,2021,11,พ.ย.,2021-11,42,เลย,0
2564,2021,11,พ.ย.,2021-11,43,หนองคาย,0
2564,2021,11,พ.ย.,2021-11,44,มหาสารคาม,0
2564,2021,11,พ.ย.,2021-11,45,ร้อยเอ็ด,0
2564,2021,11,พ.ย.,2021-11,46,กาฬสินธุ์,0
2564,2021,11,พ.ย.,2021-11,47,สกลนคร,0
2564,2021,11,พ.ย.,2021-11,48,นครพนม,0
2564,2021,11,พ.ย.,2021-11,49,มุกดาหาร,0
2564,2021,11,พ.ย.,2021-11,50,เชียงใหม่,1
2564,2021,11,พ.ย.,2021-11,51,ลำพูน,0
2564,2021,11,พ.ย.,2021-11,52,ลำปาง,0
2564,2021,11,พ.ย.,2021-11,53,อุตรดิตถ์,0
2564,2021,11,พ.ย.,2021-11,54,แพร่,0
2564,2021,11,พ.ย.,2021-11,55,น่าน,0
2564,2021,11,พ.ย.,2021-11,56,พะเยา,0
2564,2021,11,พ.ย.,2021-11,57,เชียงราย,0
2564,2021,11,พ.ย.,2021-11,58,แม่ฮ่องสอน,72
2564,2021,11,พ.ย.,2021-11,60,นครสวรรค์,0
2564,2021,11,พ.ย.,2021-11,61,อุทัยธานี,1
2564,2021,11,พ.ย.,2021-11,62,กำแพงเพชร,0
2564,2021,11,พ.ย.,2021-11,63,ตาก,112
2564,2021,11,พ.ย.,2021-11,64,สุโขทัย,0
2564,2021,11,พ.ย.,2021-11,65,พิษณุโลก,1
2564,2021,11,พ.ย.,2021-11,66,พิจิตร,0
2564,2021,11,พ.ย.,2021-11,67,เพชรบูรณ์,0
2564,2021,11,พ.ย.,2021-11,70,ราชบุรี,4
2564,2021,11,พ.ย.,2021-11,71,กาญจนบุรี,14
2564,2021,11,พ.ย.,2021-11,72,สุพรรณบุรี,0
2564,2021,11,พ.ย.,2021-11,73,นครปฐม,0
2564,2021,11,พ.ย.,2021-11,74,สมุทรสาคร,0
2564,2021,11,พ.ย.,2021-11,75,สมุทรสงคราม,0
2564,2021,11,พ.ย.,2021-11,76,เพชรบุรี,6
2564,2021,11,พ.ย.,2021-11,77,ประจวบคีรีขันธ์,5
2564,2021,11,พ.ย.,2021-11,80,นครศรีธรรมราช,0
2564,2021,11,พ.ย.,2021-11,81,กระบี่,0
2564,2021,11,พ.ย.,2021-11,82,พังงา,0
2564,2021,11,พ.ย.,2021-11,83,ภูเก็ต,0
2564,2021,11,พ.ย.,2021-11,84,สุราษฎร์ธานี,1
2564,2021,11,พ.ย.,2021-11,85,ระนอง,3
2564,2021,11,พ.ย.,2021-11,86,ชุมพร,2
2564,2021,11,พ.ย.,2021-11,90,สงขลา,0
2564,2021,11,พ.ย.,2021-11,91,สตูล,0
2564,2021,11,พ.ย.,2021-11,92,ตรัง,0
2564,2021,11,พ.ย.,2021-11,93,พัทลุง,0
2564,2021,11,พ.ย.,2021-11,94,ปัตตานี,0
2564,2021,11,พ.ย.,2021-11,95,ยะลา,1
2564,2021,11,พ.ย.,2021-11,96,นราธิวาส,0
2564,2021,12,ธ.ค.,2021-12,10,กรุงเทพฯ,0
2564,2021,12,ธ.ค.,2021-12,11,สมุทรปราการ,1
2564,2021,12,ธ.ค.,2021-12,12,นนทบุรี,0
2564,2021,12,ธ.ค.,2021-12,13,ปทุมธานี,0
2564,2021,12,ธ.ค.,2021-12,14,พระนครศรีอยุธยา,0
2564,2021,12,ธ.ค.,2021-12,15,อ่างทอง,0
2564,2021,12,ธ.ค.,2021-12,16,ลพบุรี,0
2564,2021,12,ธ.ค.,2021-12,17,สิงห์บุรี,0
2564,2021,12,ธ.ค.,2021-12,18,ชัยนาท,0
2564,2021,12,ธ.ค.,2021-12,19,สระบุรี,0
2564,2021,12,ธ.ค.,2021-12,20,ชลบุรี,0
2564,2021,12,ธ.ค.,2021-12,21,ระยอง,0
2564,2021,12,ธ.ค.,2021-12,22,จันทบุรี,0
2564,2021,12,ธ.ค.,2021-12,23,ตราด,2
2564,2021,12,ธ.ค.,2021-12,24,ฉะเชิงเทรา,0
2564,2021,12,ธ.ค.,2021-12,25,ปราจีนบุรี,0
2564,2021,12,ธ.ค.,2021-12,26,นครนายก,0
2564,2021,12,ธ.ค.,2021-12,27,สระแก้ว,0
2564,2021,12,ธ.ค.,2021-12,30,นครราชสีมา,0
2564,2021,12,ธ.ค.,2021-12,31,บุรีรัมย์,0
2564,2021,12,ธ.ค.,2021-12,32,สุรินทร์,0
2564,2021,12,ธ.ค.,2021-12,33,ศรีสะเกษ,3
2564,2021,12,ธ.ค.,2021-12,34,อุบลราชธานี,0
2564,2021,12,ธ.ค.,2021-12,35,ยโสธร,0
2564,2021,12,ธ.ค.,2021-12,36,ชัยภูมิ,0
2564,2021,12,ธ.ค.,2021-12,37,อำนาจเจริญ,0
2564,2021,12,ธ.ค.,2021-12,38,บึงกาฬ,0
2564,2021,12,ธ.ค.,2021-12,39,หนองบัวลำภู,0
2564,2021,12,ธ.ค.,2021-12,40,ขอนแก่น,0
2564,2021,12,ธ.ค.,2021-12,41,อุดรธานี,0
2564,2021,12,ธ.ค.,2021-12,42,เลย,0
2564,2021,12,ธ.ค.,2021-12,43,หนองคาย,0
2564,2021,12,ธ.ค.,2021-12,44,มหาสารคาม,0
2564,2021,12,ธ.ค.,2021-12,45,ร้อยเอ็ด,0
2564,2021,12,ธ.ค.,2021-12,46,กาฬสินธุ์,0
2564,2021,12,ธ.ค.,2021-12,47,สกลนคร,0
2564,2021,12,ธ.ค.,2021-12,48,นครพนม,0
2564,2021,12,ธ.ค.,2021-12,49,มุกดาหาร,0
2564,2021,12,ธ.ค.,2021-12,50,เชียงใหม่,2
2564,2021,12,ธ.ค.,2021-12,51,ลำพูน,0
2564,2021,12,ธ.ค.,2021-12,52,ลำปาง,0
2564,2021,12,ธ.ค.,2021-12,53,อุตรดิตถ์,0
2564,2021,12,ธ.ค.,2021-12,54,แพร่,0
2564,2021,12,ธ.ค.,2021-12,55,น่าน,1
2564,2021,12,ธ.ค.,2021-12,56,พะเยา,0
2564,2021,12,ธ.ค.,2021-12,57,เชียงราย,0
2564,2021,12,ธ.ค.,2021-12,58,แม่ฮ่องสอน,104
2564,2021,12,ธ.ค.,2021-12,60,นครสวรรค์,0
2564,2021,12,ธ.ค.,2021-12,61,อุทัยธานี,0
2564,2021,12,ธ.ค.,2021-12,62,กำแพงเพชร,0
2564,2021,12,ธ.ค.,2021-12,63,ตาก,192
2564,2021,12,ธ.ค.,2021-12,64,สุโขทัย,0
2564,2021,12,ธ.ค.,2021-12,65,พิษณุโลก,0
2564,2021,12,ธ.ค.,2021-12,66,พิจิตร,0
2564,2021,12,ธ.ค.,2021-12,67,เพชรบูรณ์,0
2564,2021,12,ธ.ค.,2021-12,70,ราชบุรี,11
2564,2021,12,ธ.ค.,2021-12,71,กาญจนบุรี,20
2564,2021,12,ธ.ค.,2021-12,72,สุพรรณบุรี,0
2564,2021,12,ธ.ค.,2021-12,73,นครปฐม,0
2564,2021,12,ธ.ค.,2021-12,74,สมุทรสาคร,0
2564,2021,12,ธ.ค.,2021-12,75,สมุทรสงคราม,0
2564,2021,12,ธ.ค.,2021-12,76,เพชรบุรี,7
2564,2021,12,ธ.ค.,2021-12,77,ประจวบคีรีขันธ์,6
2564,2021,12,ธ.ค.,2021-12,80,นครศรีธรรมราช,0
2564,2021,12,ธ.ค.,2021-12,81,กระบี่,0
2564,2021,12,ธ.ค.,2021-12,82,พังงา,1
2564,2021,12,ธ.ค.,2021-12,83,ภูเก็ต,0
2564,2021,12,ธ.ค.,2021-12,84,สุราษฎร์ธานี,1
2564,2021,12,ธ.ค.,2021-12,85,ระนอง,6
2564,2021,12,ธ.ค.,2021-12,86,ชุมพร,4
2564,2021,12,ธ.ค.,2021-12,90,สงขลา,1
2564,2021,12,ธ.ค.,2021-12,91,สตูล,0
2564,2021,12,ธ.ค.,2021-12,92,ตรัง,0
2564,2021,12,ธ.ค.,2021-12,93,พัทลุง,0
2564,2021,12,ธ.ค.,2021-12,94,ปัตตานี,0
2564,2021,12,ธ.ค.,2021-12,95,ยะลา,0
2564,2021,12,ธ.ค.,2021-12,96,นราธิวาส,1
2565,2022,1,ม.ค.,2022-01,10,กรุงเทพฯ,1
2565,2022,1,ม.ค.,2022-01,11,สมุทรปราการ,0
2565,2022,1,ม.ค.,2022-01,12,นนทบุรี,0
2565,2022,1,ม.ค.,2022-01,13,ปทุมธานี,0
2565,2022,1,ม.ค.,2022-01,14,พระนครศรีอยุธยา,0
2565,2022,1,ม.ค.,2022-01,15,อ่างทอง,0
2565,2022,1,ม.ค.,2022-01,16,ลพบุรี,0
2565,2022,1,ม.ค.,2022-01,17,สิงห์บุรี,0
2565,2022,1,ม.ค.,2022-01,18,ชัยนาท,0
2565,2022,1,ม.ค.,2022-01,19,สระบุรี,0
2565,2022,1,ม.ค.,2022-01,20,ชลบุรี,0
2565,2022,1,ม.ค.,2022-01,21,ระยอง,0
2565,2022,1,ม.ค.,2022-01,22,จันทบุรี,0
2565,2022,1,ม.ค.,2022-01,23,ตราด,0
2565,2022,1,ม.ค.,2022-01,24,ฉะเชิงเทรา,0
2565,2022,1,ม.ค.,2022-01,25,ปราจีนบุรี,0
2565,2022,1,ม.ค.,2022-01,26,นครนายก,0
2565,2022,1,ม.ค.,2022-01,27,สระแก้ว,0
2565,2022,1,ม.ค.,2022-01,30,นครราชสีมา,0
2565,2022,1,ม.ค.,2022-01,31,บุรีรัมย์,0
2565,2022,1,ม.ค.,2022-01,32,สุรินทร์,0
2565,2022,1,ม.ค.,2022-01,33,ศรีสะเกษ,1
2565,2022,1,ม.ค.,2022-01,34,อุบลราชธานี,0
2565,2022,1,ม.ค.,2022-01,35,ยโสธร,0
2565,2022,1,ม.ค.,2022-01,36,ชัยภูมิ,0
2565,2022,1,ม.ค.,2022-01,37,อำนาจเจริญ,0
2565,2022,1,ม.ค.,2022-01,38,บึงกาฬ,0
2565,2022,1,ม.ค.,2022-01,39,หนองบัวลำภู,0
2565,2022,1,ม.ค.,2022-01,40,ขอนแก่น,0
2565,2022,1,ม.ค.,2022-01,41,อุดรธานี,0
2565,2022,1,ม.ค.,2022-01,42,เลย,0
2565,2022,1,ม.ค.,2022-01,43,หนองคาย,0
2565,2022,1,ม.ค.,2022-01,44,มหาสารคาม,0
2565,2022,1,ม.ค.,2022-01,45,ร้อยเอ็ด,0
2565,2022,1,ม.ค.,2022-01,46,กาฬสินธุ์,0
2565,2022,1,ม.ค.,2022-01,47,สกลนคร,0
2565,2022,1,ม.ค.,2022-01,48,นครพนม,0
2565,2022,1,ม.ค.,2022-01,49,มุกดาหาร,0
2565,2022,1,ม.ค.,2022-01,50,เชียงใหม่,2
2565,2022,1,ม.ค.,2022-01,51,ลำพูน,0
2565,2022,1,ม.ค.,2022-01,52,ลำปาง,0
2565,2022,1,ม.ค.,2022-01,53,อุตรดิตถ์,0
2565,2022,1,ม.ค.,2022-01,54,แพร่,0
2565,2022,1,ม.ค.,2022-01,55,น่าน,2
2565,2022,1,ม.ค.,2022-01,56,พะเยา,0
2565,2022,1,ม.ค.,2022-01,57,เชียงราย,0
2565,2022,1,ม.ค.,2022-01,58,แม่ฮ่องสอน,54
2565,2022,1,ม.ค.,2022-01,60,นครสวรรค์,0
2565,2022,1,ม.ค.,2022-01,61,อุทัยธานี,0
2565,2022,1,ม.ค.,2022-01,62,กำแพงเพชร,0
2565,2022,1,ม.ค.,2022-01,63,ตาก,165
2565,2022,1,ม.ค.,2022-01,64,สุโขทัย,0
2565,2022,1,ม.ค.,2022-01,65,พิษณุโลก,0
2565,2022,1,ม.ค.,2022-01,66,พิจิตร,0
2565,2022,1,ม.ค.,2022-01,67,เพชรบูรณ์,0
2565,2022,1,ม.ค.,2022-01,70,ราชบุรี,7
2565,2022,1,ม.ค.,2022-01,71,กาญจนบุรี,12
2565,2022,1,ม.ค.,2022-01,72,สุพรรณบุรี,0
2565,2022,1,ม.ค.,2022-01,73,นครปฐม,0
2565,2022,1,ม.ค.,2022-01,74,สมุทรสาคร,0
2565,2022,1,ม.ค.,2022-01,75,สมุทรสงคราม,0
2565,2022,1,ม.ค.,2022-01,76,เพชรบุรี,5
2565,2022,1,ม.ค.,2022-01,77,ประจวบคีรีขันธ์,18
2565,2022,1,ม.ค.,2022-01,80,นครศรีธรรมราช,0
2565,2022,1,ม.ค.,2022-01,81,กระบี่,0
2565,2022,1,ม.ค.,2022-01,82,พังงา,3
2565,2022,1,ม.ค.,2022-01,83,ภูเก็ต,0
2565,2022,1,ม.ค.,2022-01,84,สุราษฎร์ธานี,1
2565,2022,1,ม.ค.,2022-01,85,ระนอง,14
2565,2022,1,ม.ค.,2022-01,86,ชุมพร,2
2565,2022,1,ม.ค.,2022-01,90,สงขลา,3
2565,2022,1,ม.ค.,2022-01,91,สตูล,0
2565,2022,1,ม.ค.,2022-01,92,ตรัง,0
2565,2022,1,ม.ค.,2022-01,93,พัทลุง,0
2565,2022,1,ม.ค.,2022-01,94,ปัตตานี,0
2565,2022,1,ม.ค.,2022-01,95,ยะลา,11
2565,2022,1,ม.ค.,2022-01,96,นราธิวาส,3
2565,2022,2,ก.พ.,2022-02,10,กรุงเทพฯ,0
2565,2022,2,ก.พ.,2022-02,11,สมุทรปราการ,0
2565,2022,2,ก.พ.,2022-02,12,นนทบุรี,0
2565,2022,2,ก.พ.,2022-02,13,ปทุมธานี,0
2565,2022,2,ก.พ.,2022-02,14,พระนครศรีอยุธยา,0
2565,2022,2,ก.พ.,2022-02,15,อ่างทอง,0
2565,2022,2,ก.พ.,2022-02,16,ลพบุรี,0
2565,2022,2,ก.พ.,2022-02,17,สิงห์บุรี,0
2565,2022,2,ก.พ.,2022-02,18,ชัยนาท,0
2565,2022,2,ก.พ.,2022-02,19,สระบุรี,0
2565,2022,2,ก.พ.,2022-02,20,ชลบุรี,1
2565,2022,2,ก.พ.,2022-02,21,ระยอง,0
2565,2022,2,ก.พ.,2022-02,22,จันทบุรี,1
2565,2022,2,ก.พ.,2022-02,23,ตราด,3
2565,2022,2,ก.พ.,2022-02,24,ฉะเชิงเทรา,0
2565,2022,2,ก.พ.,2022-02,25,ปราจีนบุรี,0
2565,2022,2,ก.พ.,2022-02,26,นครนายก,0
2565,2022,2,ก.พ.,2022-02,27,สระแก้ว,0
2565,2022,2,ก.พ.,2022-02,30,นครราชสีมา,1
2565,2022,2,ก.พ.,2022-02,31,บุรีรัมย์,0
2565,2022,2,ก.พ.,2022-02,32,สุรินทร์,1
2565,2022,2,ก.พ.,2022-02,33,ศรีสะเกษ,1
2565,2022,2,ก.พ.,2022-02,34,อุบลราชธานี,0
2565,2022,2,ก.พ.,2022-02,35,ยโสธร,0
2565,2022,2,ก.พ.,2022-02,36,ชัยภูมิ,0
2565,2022,2,ก.พ.,2022-02,37,อำนาจเจริญ,0
2565,2022,2,ก.พ.,2022-02,38,บึงกาฬ,0
2565,2022,2,ก.พ.,2022-02,39,หนองบัวลำภู,0
2565,2022,2,ก.พ.,2022-02,40,ขอนแก่น,0
2565,2022,2,ก.พ.,2022-02,41,อุดรธานี,0
2565,2022,2,ก.พ.,2022-02,42,เลย,0
2565,2022,2,ก.พ.,2022-02,43,หนองคาย,0
2565,2022,2,ก.พ.,2022-02,44,มหาสารคาม,0
2565,2022,2,ก.พ.,2022-02,45,ร้อยเอ็ด,0
2565,2022,2,ก.พ.,2022-02,46,กาฬสินธุ์,0
2565,2022,2,ก.พ.,2022-02,47,สกลนคร,0
2565,2022,2,ก.พ.,2022-02,48,นครพนม,0
2565,2022,2,ก.พ.,2022-02,49,มุกดาหาร,0
2565,2022,2,ก.พ.,2022-02,50,เชียงใหม่,2
2565,2022,2,ก.พ.,2022-02,51,ลำพูน,0
2565,2022,2,ก.พ.,2022-02,52,ลำปาง,0
2565,2022,2,ก.พ.,2022-02,53,อุตรดิตถ์,0
2565,2022,2,ก.พ.,2022-02,54,แพร่,0
2565,2022,2,ก.พ.,2022-02,55,น่าน,0
2565,2022,2,ก.พ.,2022-02,56,พะเยา,0
2565,2022,2,ก.พ.,2022-02,57,เชียงราย,0
2565,2022,2,ก.พ.,2022-02,58,แม่ฮ่องสอน,45
2565,2022,2,ก.พ.,2022-02,60,นครสวรรค์,0
2565,2022,2,ก.พ.,2022-02,61,อุทัยธานี,0
2565,2022,2,ก.พ.,2022-02,62,กำแพงเพชร,1
2565,2022,2,ก.พ.,2022-02,63,ตาก,123
2565,2022,2,ก.พ.,2022-02,64,สุโขทัย,0
2565,2022,2,ก.พ.,2022-02,65,พิษณุโลก,0
2565,2022,2,ก.พ.,2022-02,66,พิจิตร,0
2565,2022,2,ก.พ.,2022-02,67,เพชรบูรณ์,0
2565,2022,2,ก.พ.,2022-02,70,ราชบุรี,9
2565,2022,2,ก.พ.,2022-02,71,กาญจนบุรี,8
2565,2022,2,ก.พ.,2022-02,72,สุพรรณบุรี,0
2565,2022,2,ก.พ.,2022-02,73,นครปฐม,0
2565,2022,2,ก.พ.,2022-02,74,สมุทรสาคร,0
2565,2022,2,ก.พ.,2022-02,75,สมุทรสงคราม,0
2565,2022,2,ก.พ.,2022-02,76,เพชรบุรี,8
2565,2022,2,ก.พ.,2022-02,77,ประจวบคีรีขันธ์,11
2565,2022,2,ก.พ.,2022-02,80,นครศรีธรรมราช,0
2565,2022,2,ก.พ.,2022-02,81,กระบี่,0
2565,2022,2,ก.พ.,2022-02,82,พังงา,0
2565,2022,2,ก.พ.,2022-02,83,ภูเก็ต,0
2565,2022,2,ก.พ.,2022-02,84,สุราษฎร์ธานี,0
2565,2022,2,ก.พ.,2022-02,85,ระนอง,3
2565,2022,2,ก.พ.,2022-02,86,ชุมพร,0
2565,2022,2,ก.พ.,2022-02,90,สงขลา,7
2565,2022,2,ก.พ.,2022-02,91,สตูล,0
2565,2022,2,ก.พ.,2022-02,92,ตรัง,0
2565,2022,2,ก.พ.,2022-02,93,พัทลุง,0
2565,2022,2,ก.พ.,2022-02,94,ปัตตานี,0
2565,2022,2,ก.พ.,2022-02,95,ยะลา,1
2565,2022,2,ก.พ.,2022-02,96,นราธิวาส,0
2565,2022,3,มี.ค.,2022-03,10,กรุงเทพฯ,1
2565,2022,3,มี.ค.,2022-03,11,สมุทรปราการ,0
2565,2022,3,มี.ค.,2022-03,12,นนทบุรี,0
2565,2022,3,มี.ค.,2022-03,13,ปทุมธานี,0
2565,2022,3,มี.ค.,2022-03,14,พระนครศรีอยุธยา,0
2565,2022,3,มี.ค.,2022-03,15,อ่างทอง,0
2565,2022,3,มี.ค.,2022-03,16,ลพบุรี,0
2565,2022,3,มี.ค.,2022-03,17,สิงห์บุรี,0
2565,2022,3,มี.ค.,2022-03,18,ชัยนาท,0
2565,2022,3,มี.ค.,2022-03,19,สระบุรี,0
2565,2022,3,มี.ค.,2022-03,20,ชลบุรี,0
2565,2022,3,มี.ค.,2022-03,21,ระยอง,0
2565,2022,3,มี.ค.,2022-03,22,จันทบุรี,1
2565,2022,3,มี.ค.,2022-03,23,ตราด,4
2565,2022,3,มี.ค.,2022-03,24,ฉะเชิงเทรา,0
2565,2022,3,มี.ค.,2022-03,25,ปราจีนบุรี,0
2565,2022,3,มี.ค.,2022-03,26,นครนายก,0
2565,2022,3,มี.ค.,2022-03,27,สระแก้ว,0
2565,2022,3,มี.ค.,2022-03,30,นครราชสีมา,0
2565,2022,3,มี.ค.,2022-03,31,บุรีรัมย์,0
2565,2022,3,มี.ค.,2022-03,32,สุรินทร์,1
2565,2022,3,มี.ค.,2022-03,33,ศรีสะเกษ,0
2565,2022,3,มี.ค.,2022-03,34,อุบลราชธานี,0
2565,2022,3,มี.ค.,2022-03,35,ยโสธร,0
2565,2022,3,มี.ค.,2022-03,36,ชัยภูมิ,0
2565,2022,3,มี.ค.,2022-03,37,อำนาจเจริญ,0
2565,2022,3,มี.ค.,2022-03,38,บึงกาฬ,0
2565,2022,3,มี.ค.,2022-03,39,หนองบัวลำภู,0
2565,2022,3,มี.ค.,2022-03,40,ขอนแก่น,0
2565,2022,3,มี.ค.,2022-03,41,อุดรธานี,0
2565,2022,3,มี.ค.,2022-03,42,เลย,0
2565,2022,3,มี.ค.,2022-03,43,หนองคาย,0
2565,2022,3,มี.ค.,2022-03,44,มหาสารคาม,0
2565,2022,3,มี.ค.,2022-03,45,ร้อยเอ็ด,0
2565,2022,3,มี.ค.,2022-03,46,กาฬสินธุ์,0
2565,2022,3,มี.ค.,2022-03,47,สกลนคร,0
2565,2022,3,มี.ค.,2022-03,48,นครพนม,0
2565,2022,3,มี.ค.,2022-03,49,มุกดาหาร,0
2565,2022,3,มี.ค.,2022-03,50,เชียงใหม่,0
2565,2022,3,มี.ค.,2022-03,51,ลำพูน,0
2565,2022,3,มี.ค.,2022-03,52,ลำปาง,0
2565,2022,3,มี.ค.,2022-03,53,อุตรดิตถ์,0
2565,2022,3,มี.ค.,2022-03,54,แพร่,0
2565,2022,3,มี.ค.,2022-03,55,น่าน,0
2565,2022,3,มี.ค.,2022-03,56,พะเยา,0
2565,2022,3,มี.ค.,2022-03,57,เชียงราย,0
2565,2022,3,มี.ค.,2022-03,58,แม่ฮ่องสอน,30
2565,2022,3,มี.ค.,2022-03,60,นครสวรรค์,0
2565,2022,3,มี.ค.,2022-03,61,อุทัยธานี,0
2565,2022,3,มี.ค.,2022-03,62,กำแพงเพชร,0
2565,2022,3,มี.ค.,2022-03,63,ตาก,122
2565,2022,3,มี.ค.,2022-03,64,สุโขทัย,0
2565,2022,3,มี.ค.,2022-03,65,พิษณุโลก,0
2565,2022,3,มี.ค.,2022-03,66,พิจิตร,0
2565,2022,3,มี.ค.,2022-03,67,เพชรบูรณ์,0
2565,2022,3,มี.ค.,2022-03,70,ราชบุรี,7
2565,2022,3,มี.ค.,2022-03,71,กาญจนบุรี,15
2565,2022,3,มี.ค.,2022-03,72,สุพรรณบุรี,0
2565,2022,3,มี.ค.,2022-03,73,นครปฐม,0
2565,2022,3,มี.ค.,2022-03,74,สมุทรสาคร,0
2565,2022,3,มี.ค.,2022-03,75,สมุทรสงคราม,0
2565,2022,3,มี.ค.,2022-03,76,เพชรบุรี,3
2565,2022,3,มี.ค.,2022-03,77,ประจวบคีรีขันธ์,12
2565,2022,3,มี.ค.,2022-03,80,นครศรีธรรมราช,0
2565,2022,3,มี.ค.,2022-03,81,กระบี่,0
2565,2022,3,มี.ค.,2022-03,82,พังงา,0
2565,2022,3,มี.ค.,2022-03,83,ภูเก็ต,0
2565,2022,3,มี.ค.,2022-03,84,สุราษฎร์ธานี,0
2565,2022,3,มี.ค.,2022-03,85,ระนอง,13
2565,2022,3,มี.ค.,2022-03,86,ชุมพร,5
2565,2022,3,มี.ค.,2022-03,90,สงขลา,2
2565,2022,3,มี.ค.,2022-03,91,สตูล,2
2565,2022,3,มี.ค.,2022-03,92,ตรัง,0
2565,2022,3,มี.ค.,2022-03,93,พัทลุง,0
2565,2022,3,มี.ค.,2022-03,94,ปัตตานี,0
2565,2022,3,มี.ค.,2022-03,95,ยะลา,5
2565,2022,3,มี.ค.,2022-03,96,นราธิวาส,0
2565,2022,4,เม.ย.,2022-04,10,กรุงเทพฯ,1
2565,2022,4,เม.ย.,2022-04,11,สมุทรปราการ,0
2565,2022,4,เม.ย.,2022-04,12,นนทบุรี,0
2565,2022,4,เม.ย.,2022-04,13,ปทุมธานี,0
2565,2022,4,เม.ย.,2022-04,14,พระนครศรีอยุธยา,0
2565,2022,4,เม.ย.,2022-04,15,อ่างทอง,0
2565,2022,4,เม.ย.,2022-04,16,ลพบุรี,0
2565,2022,4,เม.ย.,2022-04,17,สิงห์บุรี,0
2565,2022,4,เม.ย.,2022-04,18,ชัยนาท,0
2565,2022,4,เม.ย.,2022-04,19,สระบุรี,0
2565,2022,4,เม.ย.,2022-04,20,ชลบุรี,2
2565,2022,4,เม.ย.,2022-04,21,ระยอง,0
2565,2022,4,เม.ย.,2022-04,22,จันทบุรี,2
2565,2022,4,เม.ย.,2022-04,23,ตราด,3
2565,2022,4,เม.ย.,2022-04,24,ฉะเชิงเทรา,0
2565,2022,4,เม.ย.,2022-04,25,ปราจีนบุรี,0
2565,2022,4,เม.ย.,2022-04,26,นครนายก,0
2565,2022,4,เม.ย.,2022-04,27,สระแก้ว,0
2565,2022,4,เม.ย.,2022-04,30,นครราชสีมา,0
2565,2022,4,เม.ย.,2022-04,31,บุรีรัมย์,0
2565,2022,4,เม.ย.,2022-04,32,สุรินทร์,0
2565,2022,4,เม.ย.,2022-04,33,ศรีสะเกษ,0
2565,2022,4,เม.ย.,2022-04,34,อุบลราชธานี,0
2565,2022,4,เม.ย.,2022-04,35,ยโสธร,0
2565,2022,4,เม.ย.,2022-04,36,ชัยภูมิ,0
2565,2022,4,เม.ย.,2022-04,37,อำนาจเจริญ,0
2565,2022,4,เม.ย.,2022-04,38,บึงกาฬ,0
2565,2022,4,เม.ย.,2022-04,39,หนองบัวลำภู,0
2565,2022,4,เม.ย.,2022-04,40,ขอนแก่น,0
2565,2022,4,เม.ย.,2022-04,41,อุดรธานี,0
2565,2022,4,เม.ย.,2022-04,42,เลย,0
2565,2022,4,เม.ย.,2022-04,43,หนองคาย,0
2565,2022,4,เม.ย.,2022-04,44,มหาสารคาม,0
2565,2022,4,เม.ย.,2022-04,45,ร้อยเอ็ด,0
2565,2022,4,เม.ย.,2022-04,46,กาฬสินธุ์,0
2565,2022,4,เม.ย.,2022-04,47,สกลนคร,0
2565,2022,4,เม.ย.,2022-04,48,นครพนม,0
2565,2022,4,เม.ย.,2022-04,49,มุกดาหาร,0
2565,2022,4,เม.ย.,2022-04,50,เชียงใหม่,0
2565,2022,4,เม.ย.,2022-04,51,ลำพูน,0
2565,2022,4,เม.ย.,2022-04,52,ลำปาง,0
2565,2022,4,เม.ย.,2022-04,53,อุตรดิตถ์,0
2565,2022,4,เม.ย.,2022-04,54,แพร่,0
2565,2022,4,เม.ย.,2022-04,55,น่าน,0
2565,2022,4,เม.ย.,2022-04,56,พะเยา,0
2565,2022,4,เม.ย.,2022-04,57,เชียงราย,0
2565,2022,4,เม.ย.,2022-04,58,แม่ฮ่องสอน,59
2565,2022,4,เม.ย.,2022-04,60,นครสวรรค์,0
2565,2022,4,เม.ย.,2022-04,61,อุทัยธานี,0
2565,2022,4,เม.ย.,2022-04,62,กำแพงเพชร,0
2565,2022,4,เม.ย.,2022-04,63,ตาก,275
2565,2022,4,เม.ย.,2022-04,64,สุโขทัย,0
2565,2022,4,เม.ย.,2022-04,65,พิษณุโลก,0
2565,2022,4,เม.ย.,2022-04,66,พิจิตร,0
2565,2022,4,เม.ย.,2022-04,67,เพชรบูรณ์,0
2565,2022,4,เม.ย.,2022-04,70,ราชบุรี,24
2565,2022,4,เม.ย.,2022-04,71,กาญจนบุรี,32
2565,2022,4,เม.ย.,2022-04,72,สุพรรณบุรี,0
2565,2022,4,เม.ย.,2022-04,73,นครปฐม,1
2565,2022,4,เม.ย.,2022-04,74,สมุทรสาคร,0
2565,2022,4,เม.ย.,2022-04,75,สมุทรสงคราม,0
2565,2022,4,เม.ย.,2022-04,76,เพชรบุรี,18
2565,2022,4,เม.ย.,2022-04,77,ประจวบคีรีขันธ์,21
2565,2022,4,เม.ย.,2022-04,80,นครศรีธรรมราช,0
2565,2022,4,เม.ย.,2022-04,81,กระบี่,0
2565,2022,4,เม.ย.,2022-04,82,พังงา,1
2565,2022,4,เม.ย.,2022-04,83,ภูเก็ต,0
2565,2022,4,เม.ย.,2022-04,84,สุราษฎร์ธานี,0
2565,2022,4,เม.ย.,2022-04,85,ระนอง,2
2565,2022,4,เม.ย.,2022-04,86,ชุมพร,7
2565,2022,4,เม.ย.,2022-04,90,สงขลา,5
2565,2022,4,เม.ย.,2022-04,91,สตูล,4
2565,2022,4,เม.ย.,2022-04,92,ตรัง,0
2565,2022,4,เม.ย.,2022-04,93,พัทลุง,0
2565,2022,4,เม.ย.,2022-04,94,ปัตตานี,0
2565,2022,4,เม.ย.,2022-04,95,ยะลา,1
2565,2022,4,เม.ย.,2022-04,96,นราธิวาส,2
2565,2022,5,พ.ค.,2022-05,10,กรุงเทพฯ,5
2565,2022,5,พ.ค.,2022-05,11,สมุทรปราการ,0
2565,2022,5,พ.ค.,2022-05,12,นนทบุรี,0
2565,2022,5,พ.ค.,2022-05,13,ปทุมธานี,0
2565,2022,5,พ.ค.,2022-05,14,พระนครศรีอยุธยา,0
2565,2022,5,พ.ค.,2022-05,15,อ่างทอง,0
2565,2022,5,พ.ค.,2022-05,16,ลพบุรี,0
2565,2022,5,พ.ค.,2022-05,17,สิงห์บุรี,0
2565,2022,5,พ.ค.,2022-05,18,ชัยนาท,0
2565,2022,5,พ.ค.,2022-05,19,สระบุรี,0
2565,2022,5,พ.ค.,2022-05,20,ชลบุรี,4
2565,2022,5,พ.ค.,2022-05,21,ระยอง,1
2565,2022,5,พ.ค.,2022-05,22,จันทบุรี,0
2565,2022,5,พ.ค.,2022-05,23,ตราด,1
2565,2022,5,พ.ค.,2022-05,24,ฉะเชิงเทรา,0
2565,2022,5,พ.ค.,2022-05,25,ปราจีนบุรี,0
2565,2022,5,พ.ค.,2022-05,26,นครนายก,0
2565,2022,5,พ.ค.,2022-05,27,สระแก้ว,0
2565,2022,5,พ.ค.,2022-05,30,นครราชสีมา,0
2565,2022,5,พ.ค.,2022-05,31,บุรีรัมย์,0
2565,2022,5,พ.ค.,2022-05,32,สุรินทร์,0
2565,2022,5,พ.ค.,2022-05,33,ศรีสะเกษ,1
2565,2022,5,พ.ค.,2022-05,34,อุบลราชธานี,1
2565,2022,5,พ.ค.,2022-05,35,ยโสธร,0
2565,2022,5,พ.ค.,2022-05,36,ชัยภูมิ,0
2565,2022,5,พ.ค.,2022-05,37,อำนาจเจริญ,0
2565,2022,5,พ.ค.,2022-05,38,บึงกาฬ,0
2565,2022,5,พ.ค.,2022-05,39,หนองบัวลำภู,0
2565,2022,5,พ.ค.,2022-05,40,ขอนแก่น,0
2565,2022,5,พ.ค.,2022-05,41,อุดรธานี,0
2565,2022,5,พ.ค.,2022-05,42,เลย,0
2565,2022,5,พ.ค.,2022-05,43,หนองคาย,0
2565,2022,5,พ.ค.,2022-05,44,มหาสารคาม,0
2565,2022,5,พ.ค.,2022-05,45,ร้อยเอ็ด,0
2565,2022,5,พ.ค.,2022-05,46,กาฬสินธุ์,0
2565,2022,5,พ.ค.,2022-05,47,สกลนคร,0
2565,2022,5,พ.ค.,2022-05,48,นครพนม,0
2565,2022,5,พ.ค.,2022-05,49,มุกดาหาร,0
2565,2022,5,พ.ค.,2022-05,50,เชียงใหม่,7
2565,2022,5,พ.ค.,2022-05,51,ลำพูน,1
2565,2022,5,พ.ค.,2022-05,52,ลำปาง,0
2565,2022,5,พ.ค.,2022-05,53,อุตรดิตถ์,2
2565,2022,5,พ.ค.,2022-05,54,แพร่,0
2565,2022,5,พ.ค.,2022-05,55,น่าน,0
2565,2022,5,พ.ค.,2022-05,56,พะเยา,0
2565,2022,5,พ.ค.,2022-05,57,เชียงราย,1
2565,2022,5,พ.ค.,2022-05,58,แม่ฮ่องสอน,186
2565,2022,5,พ.ค.,2022-05,60,นครสวรรค์,0
2565,2022,5,พ.ค.,2022-05,61,อุทัยธานี,3
2565,2022,5,พ.ค.,2022-05,62,กำแพงเพชร,3
2565,2022,5,พ.ค.,2022-05,63,ตาก,651
2565,2022,5,พ.ค.,2022-05,64,สุโขทัย,0
2565,2022,5,พ.ค.,2022-05,65,พิษณุโลก,1
2565,2022,5,พ.ค.,2022-05,66,พิจิตร,0
2565,2022,5,พ.ค.,2022-05,67,เพชรบูรณ์,1
2565,2022,5,พ.ค.,2022-05,70,ราชบุรี,65
2565,2022,5,พ.ค.,2022-05,71,กาญจนบุรี,112
2565,2022,5,พ.ค.,2022-05,72,สุพรรณบุรี,0
2565,2022,5,พ.ค.,2022-05,73,นครปฐม,0
2565,2022,5,พ.ค.,2022-05,74,สมุทรสาคร,0
2565,2022,5,พ.ค.,2022-05,75,สมุทรสงคราม,1
2565,2022,5,พ.ค.,2022-05,76,เพชรบุรี,31
2565,2022,5,พ.ค.,2022-05,77,ประจวบคีรีขันธ์,68
2565,2022,5,พ.ค.,2022-05,80,นครศรีธรรมราช,0
2565,2022,5,พ.ค.,2022-05,81,กระบี่,0
2565,2022,5,พ.ค.,2022-05,82,พังงา,1
2565,2022,5,พ.ค.,2022-05,83,ภูเก็ต,0
2565,2022,5,พ.ค.,2022-05,84,สุราษฎร์ธานี,4
2565,2022,5,พ.ค.,2022-05,85,ระนอง,6
2565,2022,5,พ.ค.,2022-05,86,ชุมพร,8
2565,2022,5,พ.ค.,2022-05,90,สงขลา,5
2565,2022,5,พ.ค.,2022-05,91,สตูล,1
2565,2022,5,พ.ค.,2022-05,92,ตรัง,1
2565,2022,5,พ.ค.,2022-05,93,พัทลุง,0
2565,2022,5,พ.ค.,2022-05,94,ปัตตานี,0
2565,2022,5,พ.ค.,2022-05,95,ยะลา,4
2565,2022,5,พ.ค.,2022-05,96,นราธิวาส,3
2565,2022,6,มิ.ย.,2022-06,10,กรุงเทพฯ,2
2565,2022,6,มิ.ย.,2022-06,11,สมุทรปราการ,4
2565,2022,6,มิ.ย.,2022-06,12,นนทบุรี,0
2565,2022,6,มิ.ย.,2022-06,13,ปทุมธานี,0
2565,2022,6,มิ.ย.,2022-06,14,พระนครศรีอยุธยา,0
2565,2022,6,มิ.ย.,2022-06,15,อ่างทอง,1
2565,2022,6,มิ.ย.,2022-06,16,ลพบุรี,0
2565,2022,6,มิ.ย.,2022-06,17,สิงห์บุรี,0
2565,2022,6,มิ.ย.,2022-06,18,ชัยนาท,0
2565,2022,6,มิ.ย.,2022-06,19,สระบุรี,0
2565,2022,6,มิ.ย.,2022-06,20,ชลบุรี,7
2565,2022,6,มิ.ย.,2022-06,21,ระยอง,2
2565,2022,6,มิ.ย.,2022-06,22,จันทบุรี,1
2565,2022,6,มิ.ย.,2022-06,23,ตราด,2
2565,2022,6,มิ.ย.,2022-06,24,ฉะเชิงเทรา,0
2565,2022,6,มิ.ย.,2022-06,25,ปราจีนบุรี,0
2565,2022,6,มิ.ย.,2022-06,26,นครนายก,0
2565,2022,6,มิ.ย.,2022-06,27,สระแก้ว,2
2565,2022,6,มิ.ย.,2022-06,30,นครราชสีมา,0
2565,2022,6,มิ.ย.,2022-06,31,บุรีรัมย์,0
2565,2022,6,มิ.ย.,2022-06,32,สุรินทร์,0
2565,2022,6,มิ.ย.,2022-06,33,ศรีสะเกษ,3
2565,2022,6,มิ.ย.,2022-06,34,อุบลราชธานี,2
2565,2022,6,มิ.ย.,2022-06,35,ยโสธร,0
2565,2022,6,มิ.ย.,2022-06,36,ชัยภูมิ,0
2565,2022,6,มิ.ย.,2022-06,37,อำนาจเจริญ,0
2565,2022,6,มิ.ย.,2022-06,38,บึงกาฬ,0
2565,2022,6,มิ.ย.,2022-06,39,หนองบัวลำภู,0
2565,2022,6,มิ.ย.,2022-06,40,ขอนแก่น,0
2565,2022,6,มิ.ย.,2022-06,41,อุดรธานี,1
2565,2022,6,มิ.ย.,2022-06,42,เลย,0
2565,2022,6,มิ.ย.,2022-06,43,หนองคาย,0
2565,2022,6,มิ.ย.,2022-06,44,มหาสารคาม,0
2565,2022,6,มิ.ย.,2022-06,45,ร้อยเอ็ด,0
2565,2022,6,มิ.ย.,2022-06,46,กาฬสินธุ์,0
2565,2022,6,มิ.ย.,2022-06,47,สกลนคร,0
2565,2022,6,มิ.ย.,2022-06,48,นครพนม,0
2565,2022,6,มิ.ย.,2022-06,49,มุกดาหาร,0
2565,2022,6,มิ.ย.,2022-06,50,เชียงใหม่,10
2565,2022,6,มิ.ย.,2022-06,51,ลำพูน,0
2565,2022,6,มิ.ย.,2022-06,52,ลำปาง,0
2565,2022,6,มิ.ย.,2022-06,53,อุตรดิตถ์,0
2565,2022,6,มิ.ย.,2022-06,54,แพร่,0
2565,2022,6,มิ.ย.,2022-06,55,น่าน,1
2565,2022,6,มิ.ย.,2022-06,56,พะเยา,0
2565,2022,6,มิ.ย.,2022-06,57,เชียงราย,0
2565,2022,6,มิ.ย.,2022-06,58,แม่ฮ่องสอน,305
2565,2022,6,มิ.ย.,2022-06,60,นครสวรรค์,0
2565,2022,6,มิ.ย.,2022-06,61,อุทัยธานี,4
2565,2022,6,มิ.ย.,2022-06,62,กำแพงเพชร,3
2565,2022,6,มิ.ย.,2022-06,63,ตาก,1011
2565,2022,6,มิ.ย.,2022-06,64,สุโขทัย,0
2565,2022,6,มิ.ย.,2022-06,65,พิษณุโลก,2
2565,2022,6,มิ.ย.,2022-06,66,พิจิตร,0
2565,2022,6,มิ.ย.,2022-06,67,เพชรบูรณ์,1
2565,2022,6,มิ.ย.,2022-06,70,ราชบุรี,109
2565,2022,6,มิ.ย.,2022-06,71,กาญจนบุรี,194
2565,2022,6,มิ.ย.,2022-06,72,สุพรรณบุรี,0
2565,2022,6,มิ.ย.,2022-06,73,นครปฐม,1
2565,2022,6,มิ.ย.,2022-06,74,สมุทรสาคร,0
2565,2022,6,มิ.ย.,2022-06,75,สมุทรสงคราม,1
2565,2022,6,มิ.ย.,2022-06,76,เพชรบุรี,29
2565,2022,6,มิ.ย.,2022-06,77,ประจวบคีรีขันธ์,83
2565,2022,6,มิ.ย.,2022-06,80,นครศรีธรรมราช,0
2565,2022,6,มิ.ย.,2022-06,81,กระบี่,0
2565,2022,6,มิ.ย.,2022-06,82,พังงา,0
2565,2022,6,มิ.ย.,2022-06,83,ภูเก็ต,1
2565,2022,6,มิ.ย.,2022-06,84,สุราษฎร์ธานี,2
2565,2022,6,มิ.ย.,2022-06,85,ระนอง,4
2565,2022,6,มิ.ย.,2022-06,86,ชุมพร,5
2565,2022,6,มิ.ย.,2022-06,90,สงขลา,7
2565,2022,6,มิ.ย.,2022-06,91,สตูล,0
2565,2022,6,มิ.ย.,2022-06,92,ตรัง,0
2565,2022,6,มิ.ย.,2022-06,93,พัทลุง,0
2565,2022,6,มิ.ย.,2022-06,94,ปัตตานี,0
2565,2022,6,มิ.ย.,2022-06,95,ยะลา,10
2565,2022,6,มิ.ย.,2022-06,96,นราธิวาส,1
2565,2022,7,ก.ค.,2022-07,10,กรุงเทพฯ,2
2565,2022,7,ก.ค.,2022-07,11,สมุทรปราการ,2
2565,2022,7,ก.ค.,2022-07,12,นนทบุรี,0
2565,2022,7,ก.ค.,2022-07,13,ปทุมธานี,0
2565,2022,7,ก.ค.,2022-07,14,พระนครศรีอยุธยา,0
2565,2022,7,ก.ค.,2022-07,15,อ่างทอง,0
2565,2022,7,ก.ค.,2022-07,16,ลพบุรี,0
2565,2022,7,ก.ค.,2022-07,17,สิงห์บุรี,0
2565,2022,7,ก.ค.,2022-07,18,ชัยนาท,0
2565,2022,7,ก.ค.,2022-07,19,สระบุรี,4
2565,2022,7,ก.ค.,2022-07,20,ชลบุรี,5
2565,2022,7,ก.ค.,2022-07,21,ระยอง,1
2565,2022,7,ก.ค.,2022-07,22,จันทบุรี,0
2565,2022,7,ก.ค.,2022-07,23,ตราด,1
2565,2022,7,ก.ค.,2022-07,24,ฉะเชิงเทรา,0
2565,2022,7,ก.ค.,2022-07,25,ปราจีนบุรี,0
2565,2022,7,ก.ค.,2022-07,26,นครนายก,0
2565,2022,7,ก.ค.,2022-07,27,สระแก้ว,0
2565,2022,7,ก.ค.,2022-07,30,นครราชสีมา,1
2565,2022,7,ก.ค.,2022-07,31,บุรีรัมย์,0
2565,2022,7,ก.ค.,2022-07,32,สุรินทร์,0
2565,2022,7,ก.ค.,2022-07,33,ศรีสะเกษ,4
2565,2022,7,ก.ค.,2022-07,34,อุบลราชธานี,2
2565,2022,7,ก.ค.,2022-07,35,ยโสธร,0
2565,2022,7,ก.ค.,2022-07,36,ชัยภูมิ,1
2565,2022,7,ก.ค.,2022-07,37,อำนาจเจริญ,0
2565,2022,7,ก.ค.,2022-07,38,บึงกาฬ,0
2565,2022,7,ก.ค.,2022-07,39,หนองบัวลำภู,0
2565,2022,7,ก.ค.,2022-07,40,ขอนแก่น,1
2565,2022,7,ก.ค.,2022-07,41,อุดรธานี,0
2565,2022,7,ก.ค.,2022-07,42,เลย,0
2565,2022,7,ก.ค.,2022-07,43,หนองคาย,0
2565,2022,7,ก.ค.,2022-07,44,มหาสารคาม,0
2565,2022,7,ก.ค.,2022-07,45,ร้อยเอ็ด,0
2565,2022,7,ก.ค.,2022-07,46,กาฬสินธุ์,0
2565,2022,7,ก.ค.,2022-07,47,สกลนคร,0
2565,2022,7,ก.ค.,2022-07,48,นครพนม,0
2565,2022,7,ก.ค.,2022-07,49,มุกดาหาร,0
2565,2022,7,ก.ค.,2022-07,50,เชียงใหม่,10
2565,2022,7,ก.ค.,2022-07,51,ลำพูน,1
2565,2022,7,ก.ค.,2022-07,52,ลำปาง,0
2565,2022,7,ก.ค.,2022-07,53,อุตรดิตถ์,0
2565,2022,7,ก.ค.,2022-07,54,แพร่,0
2565,2022,7,ก.ค.,2022-07,55,น่าน,0
2565,2022,7,ก.ค.,2022-07,56,พะเยา,0
2565,2022,7,ก.ค.,2022-07,57,เชียงราย,0
2565,2022,7,ก.ค.,2022-07,58,แม่ฮ่องสอน,244
2565,2022,7,ก.ค.,2022-07,60,นครสวรรค์,0
2565,2022,7,ก.ค.,2022-07,61,อุทัยธานี,4
2565,2022,7,ก.ค.,2022-07,62,กำแพงเพชร,3
2565,2022,7,ก.ค.,2022-07,63,ตาก,994
2565,2022,7,ก.ค.,2022-07,64,สุโขทัย,0
2565,2022,7,ก.ค.,2022-07,65,พิษณุโลก,1
2565,2022,7,ก.ค.,2022-07,66,พิจิตร,0
2565,2022,7,ก.ค.,2022-07,67,เพชรบูรณ์,0
2565,2022,7,ก.ค.,2022-07,70,ราชบุรี,33
2565,2022,7,ก.ค.,2022-07,71,กาญจนบุรี,97
2565,2022,7,ก.ค.,2022-07,72,สุพรรณบุรี,1
2565,2022,7,ก.ค.,2022-07,73,นครปฐม,0
2565,2022,7,ก.ค.,2022-07,74,สมุทรสาคร,0
2565,2022,7,ก.ค.,2022-07,75,สมุทรสงคราม,0
2565,2022,7,ก.ค.,2022-07,76,เพชรบุรี,27
2565,2022,7,ก.ค.,2022-07,77,ประจวบคีรีขันธ์,39
2565,2022,7,ก.ค.,2022-07,80,นครศรีธรรมราช,0
2565,2022,7,ก.ค.,2022-07,81,กระบี่,0
2565,2022,7,ก.ค.,2022-07,82,พังงา,0
2565,2022,7,ก.ค.,2022-07,83,ภูเก็ต,0
2565,2022,7,ก.ค.,2022-07,84,สุราษฎร์ธานี,0
2565,2022,7,ก.ค.,2022-07,85,ระนอง,5
2565,2022,7,ก.ค.,2022-07,86,ชุมพร,2
2565,2022,7,ก.ค.,2022-07,90,สงขลา,2
2565,2022,7,ก.ค.,2022-07,91,สตูล,0
2565,2022,7,ก.ค.,2022-07,92,ตรัง,0
2565,2022,7,ก.ค.,2022-07,93,พัทลุง,0
2565,2022,7,ก.ค.,2022-07,94,ปัตตานี,1
2565,2022,7,ก.ค.,2022-07,95,ยะลา,3
2565,2022,7,ก.ค.,2022-07,96,นราธิวาส,1
2565,2022,8,ส.ค.,2022-08,10,กรุงเทพฯ,2
2565,2022,8,ส.ค.,2022-08,11,สมุทรปราการ,0
2565,2022,8,ส.ค.,2022-08,12,นนทบุรี,0
2565,2022,8,ส.ค.,2022-08,13,ปทุมธานี,0
2565,2022,8,ส.ค.,2022-08,14,พระนครศรีอยุธยา,0
2565,2022,8,ส.ค.,2022-08,15,อ่างทอง,0
2565,2022,8,ส.ค.,2022-08,16,ลพบุรี,0
2565,2022,8,ส.ค.,2022-08,17,สิงห์บุรี,0
2565,2022,8,ส.ค.,2022-08,18,ชัยนาท,0
2565,2022,8,ส.ค.,2022-08,19,สระบุรี,2
2565,2022,8,ส.ค.,2022-08,20,ชลบุรี,4
2565,2022,8,ส.ค.,2022-08,21,ระยอง,2
2565,2022,8,ส.ค.,2022-08,22,จันทบุรี,1
2565,2022,8,ส.ค.,2022-08,23,ตราด,0
2565,2022,8,ส.ค.,2022-08,24,ฉะเชิงเทรา,0
2565,2022,8,ส.ค.,2022-08,25,ปราจีนบุรี,0
2565,2022,8,ส.ค.,2022-08,26,นครนายก,0
2565,2022,8,ส.ค.,2022-08,27,สระแก้ว,0
2565,2022,8,ส.ค.,2022-08,30,นครราชสีมา,0
2565,2022,8,ส.ค.,2022-08,31,บุรีรัมย์,0
2565,2022,8,ส.ค.,2022-08,32,สุรินทร์,0
2565,2022,8,ส.ค.,2022-08,33,ศรีสะเกษ,0
2565,2022,8,ส.ค.,2022-08,34,อุบลราชธานี,1
2565,2022,8,ส.ค.,2022-08,35,ยโสธร,0
2565,2022,8,ส.ค.,2022-08,36,ชัยภูมิ,0
2565,2022,8,ส.ค.,2022-08,37,อำนาจเจริญ,0
2565,2022,8,ส.ค.,2022-08,38,บึงกาฬ,0
2565,2022,8,ส.ค.,2022-08,39,หนองบัวลำภู,0
2565,2022,8,ส.ค.,2022-08,40,ขอนแก่น,0
2565,2022,8,ส.ค.,2022-08,41,อุดรธานี,0
2565,2022,8,ส.ค.,2022-08,42,เลย,0
2565,2022,8,ส.ค.,2022-08,43,หนองคาย,0
2565,2022,8,ส.ค.,2022-08,44,มหาสารคาม,0
2565,2022,8,ส.ค.,2022-08,45,ร้อยเอ็ด,0
2565,2022,8,ส.ค.,2022-08,46,กาฬสินธุ์,1
2565,2022,8,ส.ค.,2022-08,47,สกลนคร,0
2565,2022,8,ส.ค.,2022-08,48,นครพนม,0
2565,2022,8,ส.ค.,2022-08,49,มุกดาหาร,0
2565,2022,8,ส.ค.,2022-08,50,เชียงใหม่,9
2565,2022,8,ส.ค.,2022-08,51,ลำพูน,2
2565,2022,8,ส.ค.,2022-08,52,ลำปาง,1
2565,2022,8,ส.ค.,2022-08,53,อุตรดิตถ์,0
2565,2022,8,ส.ค.,2022-08,54,แพร่,2
2565,2022,8,ส.ค.,2022-08,55,น่าน,0
2565,2022,8,ส.ค.,2022-08,56,พะเยา,0
2565,2022,8,ส.ค.,2022-08,57,เชียงราย,0
2565,2022,8,ส.ค.,2022-08,58,แม่ฮ่องสอน,191
2565,2022,8,ส.ค.,2022-08,60,นครสวรรค์,1
2565,2022,8,ส.ค.,2022-08,61,อุทัยธานี,3
2565,2022,8,ส.ค.,2022-08,62,กำแพงเพชร,1
2565,2022,8,ส.ค.,2022-08,63,ตาก,914
2565,2022,8,ส.ค.,2022-08,64,สุโขทัย,0
2565,2022,8,ส.ค.,2022-08,65,พิษณุโลก,0
2565,2022,8,ส.ค.,2022-08,66,พิจิตร,1
2565,2022,8,ส.ค.,2022-08,67,เพชรบูรณ์,0
2565,2022,8,ส.ค.,2022-08,70,ราชบุรี,37
2565,2022,8,ส.ค.,2022-08,71,กาญจนบุรี,74
2565,2022,8,ส.ค.,2022-08,72,สุพรรณบุรี,2
2565,2022,8,ส.ค.,2022-08,73,นครปฐม,0
2565,2022,8,ส.ค.,2022-08,74,สมุทรสาคร,0
2565,2022,8,ส.ค.,2022-08,75,สมุทรสงคราม,0
2565,2022,8,ส.ค.,2022-08,76,เพชรบุรี,4
2565,2022,8,ส.ค.,2022-08,77,ประจวบคีรีขันธ์,14
2565,2022,8,ส.ค.,2022-08,80,นครศรีธรรมราช,0
2565,2022,8,ส.ค.,2022-08,81,กระบี่,0
2565,2022,8,ส.ค.,2022-08,82,พังงา,1
2565,2022,8,ส.ค.,2022-08,83,ภูเก็ต,0
2565,2022,8,ส.ค.,2022-08,84,สุราษฎร์ธานี,0
2565,2022,8,ส.ค.,2022-08,85,ระนอง,3
2565,2022,8,ส.ค.,2022-08,86,ชุมพร,2
2565,2022,8,ส.ค.,2022-08,90,สงขลา,1
2565,2022,8,ส.ค.,2022-08,91,สตูล,1
2565,2022,8,ส.ค.,2022-08,92,ตรัง,1
2565,2022,8,ส.ค.,2022-08,93,พัทลุง,0
2565,2022,8,ส.ค.,2022-08,94,ปัตตานี,3
2565,2022,8,ส.ค.,2022-08,95,ยะลา,6
2565,2022,8,ส.ค.,2022-08,96,นราธิวาส,1
2565,2022,9,ก.ย.,2022-09,10,กรุงเทพฯ,2
2565,2022,9,ก.ย.,2022-09,11,สมุทรปราการ,1
2565,2022,9,ก.ย.,2022-09,12,นนทบุรี,0
2565,2022,9,ก.ย.,2022-09,13,ปทุมธานี,0
2565,2022,9,ก.ย.,2022-09,14,พระนครศรีอยุธยา,0
2565,2022,9,ก.ย.,2022-09,15,อ่างทอง,0
2565,2022,9,ก.ย.,2022-09,16,ลพบุรี,0
2565,2022,9,ก.ย.,2022-09,17,สิงห์บุรี,0
2565,2022,9,ก.ย.,2022-09,18,ชัยนาท,0
2565,2022,9,ก.ย.,2022-09,19,สระบุรี,1
2565,2022,9,ก.ย.,2022-09,20,ชลบุรี,4
2565,2022,9,ก.ย.,2022-09,21,ระยอง,0
2565,2022,9,ก.ย.,2022-09,22,จันทบุรี,0
2565,2022,9,ก.ย.,2022-09,23,ตราด,1
2565,2022,9,ก.ย.,2022-09,24,ฉะเชิงเทรา,0
2565,2022,9,ก.ย.,2022-09,25,ปราจีนบุรี,1
2565,2022,9,ก.ย.,2022-09,26,นครนายก,0
2565,2022,9,ก.ย.,2022-09,27,สระแก้ว,0
2565,2022,9,ก.ย.,2022-09,30,นครราชสีมา,0
2565,2022,9,ก.ย.,2022-09,31,บุรีรัมย์,0
2565,2022,9,ก.ย.,2022-09,32,สุรินทร์,0
2565,2022,9,ก.ย.,2022-09,33,ศรีสะเกษ,0
2565,2022,9,ก.ย.,2022-09,34,อุบลราชธานี,0
2565,2022,9,ก.ย.,2022-09,35,ยโสธร,0
2565,2022,9,ก.ย.,2022-09,36,ชัยภูมิ,0
2565,2022,9,ก.ย.,2022-09,37,อำนาจเจริญ,0
2565,2022,9,ก.ย.,2022-09,38,บึงกาฬ,0
2565,2022,9,ก.ย.,2022-09,39,หนองบัวลำภู,0
2565,2022,9,ก.ย.,2022-09,40,ขอนแก่น,0
2565,2022,9,ก.ย.,2022-09,41,อุดรธานี,0
2565,2022,9,ก.ย.,2022-09,42,เลย,0
2565,2022,9,ก.ย.,2022-09,43,หนองคาย,0
2565,2022,9,ก.ย.,2022-09,44,มหาสารคาม,0
2565,2022,9,ก.ย.,2022-09,45,ร้อยเอ็ด,0
2565,2022,9,ก.ย.,2022-09,46,กาฬสินธุ์,0
2565,2022,9,ก.ย.,2022-09,47,สกลนคร,0
2565,2022,9,ก.ย.,2022-09,48,นครพนม,0
2565,2022,9,ก.ย.,2022-09,49,มุกดาหาร,0
2565,2022,9,ก.ย.,2022-09,50,เชียงใหม่,0
2565,2022,9,ก.ย.,2022-09,51,ลำพูน,0
2565,2022,9,ก.ย.,2022-09,52,ลำปาง,0
2565,2022,9,ก.ย.,2022-09,53,อุตรดิตถ์,0
2565,2022,9,ก.ย.,2022-09,54,แพร่,0
2565,2022,9,ก.ย.,2022-09,55,น่าน,0
2565,2022,9,ก.ย.,2022-09,56,พะเยา,0
2565,2022,9,ก.ย.,2022-09,57,เชียงราย,0
2565,2022,9,ก.ย.,2022-09,58,แม่ฮ่องสอน,122
2565,2022,9,ก.ย.,2022-09,60,นครสวรรค์,0
2565,2022,9,ก.ย.,2022-09,61,อุทัยธานี,2
2565,2022,9,ก.ย.,2022-09,62,กำแพงเพชร,3
2565,2022,9,ก.ย.,2022-09,63,ตาก,500
2565,2022,9,ก.ย.,2022-09,64,สุโขทัย,0
2565,2022,9,ก.ย.,2022-09,65,พิษณุโลก,0
2565,2022,9,ก.ย.,2022-09,66,พิจิตร,0
2565,2022,9,ก.ย.,2022-09,67,เพชรบูรณ์,0
2565,2022,9,ก.ย.,2022-09,70,ราชบุรี,25
2565,2022,9,ก.ย.,2022-09,71,กาญจนบุรี,46
2565,2022,9,ก.ย.,2022-09,72,สุพรรณบุรี,0
2565,2022,9,ก.ย.,2022-09,73,นครปฐม,1
2565,2022,9,ก.ย.,2022-09,74,สมุทรสาคร,0
2565,2022,9,ก.ย.,2022-09,75,สมุทรสงคราม,1
2565,2022,9,ก.ย.,2022-09,76,เพชรบุรี,5
2565,2022,9,ก.ย.,2022-09,77,ประจวบคีรีขันธ์,9
2565,2022,9,ก.ย.,2022-09,80,นครศรีธรรมราช,0
2565,2022,9,ก.ย.,2022-09,81,กระบี่,1
2565,2022,9,ก.ย.,2022-09,82,พังงา,0
2565,2022,9,ก.ย.,2022-09,83,ภูเก็ต,0
2565,2022,9,ก.ย.,2022-09,84,สุราษฎร์ธานี,0
2565,2022,9,ก.ย.,2022-09,85,ระนอง,3
2565,2022,9,ก.ย.,2022-09,86,ชุมพร,1
2565,2022,9,ก.ย.,2022-09,90,สงขลา,1
2565,2022,9,ก.ย.,2022-09,91,สตูล,0
2565,2022,9,ก.ย.,2022-09,92,ตรัง,0
2565,2022,9,ก.ย.,2022-09,93,พัทลุง,0
2565,2022,9,ก.ย.,2022-09,94,ปัตตานี,0
2565,2022,9,ก.ย.,2022-09,95,ยะลา,13
2565,2022,9,ก.ย.,2022-09,96,นราธิวาส,5
2565,2022,10,ต.ค.,2022-10,10,กรุงเทพฯ,1
2565,2022,10,ต.ค.,2022-10,11,สมุทรปราการ,0
2565,2022,10,ต.ค.,2022-10,12,นนทบุรี,1
2565,2022,10,ต.ค.,2022-10,13,ปทุมธานี,0
2565,2022,10,ต.ค.,2022-10,14,พระนครศรีอยุธยา,0
2565,2022,10,ต.ค.,2022-10,15,อ่างทอง,0
2565,2022,10,ต.ค.,2022-10,16,ลพบุรี,0
2565,2022,10,ต.ค.,2022-10,17,สิงห์บุรี,0
2565,2022,10,ต.ค.,2022-10,18,ชัยนาท,0
2565,2022,10,ต.ค.,2022-10,19,สระบุรี,7
2565,2022,10,ต.ค.,2022-10,20,ชลบุรี,4
2565,2022,10,ต.ค.,2022-10,21,ระยอง,1
2565,2022,10,ต.ค.,2022-10,22,จันทบุรี,1
2565,2022,10,ต.ค.,2022-10,23,ตราด,0
2565,2022,10,ต.ค.,2022-10,24,ฉะเชิงเทรา,0
2565,2022,10,ต.ค.,2022-10,25,ปราจีนบุรี,1
2565,2022,10,ต.ค.,2022-10,26,นครนายก,0
2565,2022,10,ต.ค.,2022-10,27,สระแก้ว,0
2565,2022,10,ต.ค.,2022-10,30,นครราชสีมา,0
2565,2022,10,ต.ค.,2022-10,31,บุรีรัมย์,0
2565,2022,10,ต.ค.,2022-10,32,สุรินทร์,0
2565,2022,10,ต.ค.,2022-10,33,ศรีสะเกษ,1
2565,2022,10,ต.ค.,2022-10,34,อุบลราชธานี,0
2565,2022,10,ต.ค.,2022-10,35,ยโสธร,0
2565,2022,10,ต.ค.,2022-10,36,ชัยภูมิ,0
2565,2022,10,ต.ค.,2022-10,37,อำนาจเจริญ,0
2565,2022,10,ต.ค.,2022-10,38,บึงกาฬ,0
2565,2022,10,ต.ค.,2022-10,39,หนองบัวลำภู,1
2565,2022,10,ต.ค.,2022-10,40,ขอนแก่น,0
2565,2022,10,ต.ค.,2022-10,41,อุดรธานี,0
2565,2022,10,ต.ค.,2022-10,42,เลย,0
2565,2022,10,ต.ค.,2022-10,43,หนองคาย,0
2565,2022,10,ต.ค.,2022-10,44,มหาสารคาม,0
2565,2022,10,ต.ค.,2022-10,45,ร้อยเอ็ด,0
2565,2022,10,ต.ค.,2022-10,46,กาฬสินธุ์,0
2565,2022,10,ต.ค.,2022-10,47,สกลนคร,0
2565,2022,10,ต.ค.,2022-10,48,นครพนม,0
2565,2022,10,ต.ค.,2022-10,49,มุกดาหาร,0
2565,2022,10,ต.ค.,2022-10,50,เชียงใหม่,4
2565,2022,10,ต.ค.,2022-10,51,ลำพูน,2
2565,2022,10,ต.ค.,2022-10,52,ลำปาง,0
2565,2022,10,ต.ค.,2022-10,53,อุตรดิตถ์,0
2565,2022,10,ต.ค.,2022-10,54,แพร่,0
2565,2022,10,ต.ค.,2022-10,55,น่าน,0
2565,2022,10,ต.ค.,2022-10,56,พะเยา,0
2565,2022,10,ต.ค.,2022-10,57,เชียงราย,1
2565,2022,10,ต.ค.,2022-10,58,แม่ฮ่องสอน,138
2565,2022,10,ต.ค.,2022-10,60,นครสวรรค์,1
2565,2022,10,ต.ค.,2022-10,61,อุทัยธานี,1
2565,2022,10,ต.ค.,2022-10,62,กำแพงเพชร,1
2565,2022,10,ต.ค.,2022-10,63,ตาก,438
2565,2022,10,ต.ค.,2022-10,64,สุโขทัย,0
2565,2022,10,ต.ค.,2022-10,65,พิษณุโลก,0
2565,2022,10,ต.ค.,2022-10,66,พิจิตร,0
2565,2022,10,ต.ค.,2022-10,67,เพชรบูรณ์,0
2565,2022,10,ต.ค.,2022-10,70,ราชบุรี,14
2565,2022,10,ต.ค.,2022-10,71,กาญจนบุรี,23
2565,2022,10,ต.ค.,2022-10,72,สุพรรณบุรี,1
2565,2022,10,ต.ค.,2022-10,73,นครปฐม,0
2565,2022,10,ต.ค.,2022-10,74,สมุทรสาคร,0
2565,2022,10,ต.ค.,2022-10,75,สมุทรสงคราม,0
2565,2022,10,ต.ค.,2022-10,76,เพชรบุรี,6
2565,2022,10,ต.ค.,2022-10,77,ประจวบคีรีขันธ์,12
2565,2022,10,ต.ค.,2022-10,80,นครศรีธรรมราช,0
2565,2022,10,ต.ค.,2022-10,81,กระบี่,0
2565,2022,10,ต.ค.,2022-10,82,พังงา,0
2565,2022,10,ต.ค.,2022-10,83,ภูเก็ต,0
2565,2022,10,ต.ค.,2022-10,84,สุราษฎร์ธานี,1
2565,2022,10,ต.ค.,2022-10,85,ระนอง,3
2565,2022,10,ต.ค.,2022-10,86,ชุมพร,1
2565,2022,10,ต.ค.,2022-10,90,สงขลา,1
2565,2022,10,ต.ค.,2022-10,91,สตูล,0
2565,2022,10,ต.ค.,2022-10,92,ตรัง,0
2565,2022,10,ต.ค.,2022-10,93,พัทลุง,0
2565,2022,10,ต.ค.,2022-10,94,ปัตตานี,0
2565,2022,10,ต.ค.,2022-10,95,ยะลา,10
2565,2022,10,ต.ค.,2022-10,96,นราธิวาส,5
2565,2022,11,พ.ย.,2022-11,10,กรุงเทพฯ,2
2565,2022,11,พ.ย.,2022-11,11,สมุทรปราการ,1
2565,2022,11,พ.ย.,2022-11,12,นนทบุรี,0
2565,2022,11,พ.ย.,2022-11,13,ปทุมธานี,0
2565,2022,11,พ.ย.,2022-11,14,พระนครศรีอยุธยา,0
2565,2022,11,พ.ย.,2022-11,15,อ่างทอง,0
2565,2022,11,พ.ย.,2022-11,16,ลพบุรี,0
2565,2022,11,พ.ย.,2022-11,17,สิงห์บุรี,0
2565,2022,11,พ.ย.,2022-11,18,ชัยนาท,0
2565,2022,11,พ.ย.,2022-11,19,สระบุรี,0
2565,2022,11,พ.ย.,2022-11,20,ชลบุรี,4
2565,2022,11,พ.ย.,2022-11,21,ระยอง,0
2565,2022,11,พ.ย.,2022-11,22,จันทบุรี,0
2565,2022,11,พ.ย.,2022-11,23,ตราด,1
2565,2022,11,พ.ย.,2022-11,24,ฉะเชิงเทรา,1
2565,2022,11,พ.ย.,2022-11,25,ปราจีนบุรี,0
2565,2022,11,พ.ย.,2022-11,26,นครนายก,0
2565,2022,11,พ.ย.,2022-11,27,สระแก้ว,0
2565,2022,11,พ.ย.,2022-11,30,นครราชสีมา,0
2565,2022,11,พ.ย.,2022-11,31,บุรีรัมย์,0
2565,2022,11,พ.ย.,2022-11,32,สุรินทร์,0
2565,2022,11,พ.ย.,2022-11,33,ศรีสะเกษ,0
2565,2022,11,พ.ย.,2022-11,34,อุบลราชธานี,3
2565,2022,11,พ.ย.,2022-11,35,ยโสธร,0
2565,2022,11,พ.ย.,2022-11,36,ชัยภูมิ,0
2565,2022,11,พ.ย.,2022-11,37,อำนาจเจริญ,0
2565,2022,11,พ.ย.,2022-11,38,บึงกาฬ,0
2565,2022,11,พ.ย.,2022-11,39,หนองบัวลำภู,0
2565,2022,11,พ.ย.,2022-11,40,ขอนแก่น,0
2565,2022,11,พ.ย.,2022-11,41,อุดรธานี,0
2565,2022,11,พ.ย.,2022-11,42,เลย,0
2565,2022,11,พ.ย.,2022-11,43,หนองคาย,0
2565,2022,11,พ.ย.,2022-11,44,มหาสารคาม,0
2565,2022,11,พ.ย.,2022-11,45,ร้อยเอ็ด,0
2565,2022,11,พ.ย.,2022-11,46,กาฬสินธุ์,0
2565,2022,11,พ.ย.,2022-11,47,สกลนคร,0
2565,2022,11,พ.ย.,2022-11,48,นครพนม,0
2565,2022,11,พ.ย.,2022-11,49,มุกดาหาร,0
2565,2022,11,พ.ย.,2022-11,50,เชียงใหม่,2
2565,2022,11,พ.ย.,2022-11,51,ลำพูน,1
2565,2022,11,พ.ย.,2022-11,52,ลำปาง,0
2565,2022,11,พ.ย.,2022-11,53,อุตรดิตถ์,0
2565,2022,11,พ.ย.,2022-11,54,แพร่,0
2565,2022,11,พ.ย.,2022-11,55,น่าน,0
2565,2022,11,พ.ย.,2022-11,56,พะเยา,0
2565,2022,11,พ.ย.,2022-11,57,เชียงราย,0
2565,2022,11,พ.ย.,2022-11,58,แม่ฮ่องสอน,132
2565,2022,11,พ.ย.,2022-11,60,นครสวรรค์,0
2565,2022,11,พ.ย.,2022-11,61,อุทัยธานี,1
2565,2022,11,พ.ย.,2022-11,62,กำแพงเพชร,0
2565,2022,11,พ.ย.,2022-11,63,ตาก,449
2565,2022,11,พ.ย.,2022-11,64,สุโขทัย,1
2565,2022,11,พ.ย.,2022-11,65,พิษณุโลก,1
2565,2022,11,พ.ย.,2022-11,66,พิจิตร,1
2565,2022,11,พ.ย.,2022-11,67,เพชรบูรณ์,0
2565,2022,11,พ.ย.,2022-11,70,ราชบุรี,18
2565,2022,11,พ.ย.,2022-11,71,กาญจนบุรี,30
2565,2022,11,พ.ย.,2022-11,72,สุพรรณบุรี,0
2565,2022,11,พ.ย.,2022-11,73,นครปฐม,0
2565,2022,11,พ.ย.,2022-11,74,สมุทรสาคร,0
2565,2022,11,พ.ย.,2022-11,75,สมุทรสงคราม,0
2565,2022,11,พ.ย.,2022-11,76,เพชรบุรี,5
2565,2022,11,พ.ย.,2022-11,77,ประจวบคีรีขันธ์,10
2565,2022,11,พ.ย.,2022-11,80,นครศรีธรรมราช,0
2565,2022,11,พ.ย.,2022-11,81,กระบี่,0
2565,2022,11,พ.ย.,2022-11,82,พังงา,1
2565,2022,11,พ.ย.,2022-11,83,ภูเก็ต,0
2565,2022,11,พ.ย.,2022-11,84,สุราษฎร์ธานี,0
2565,2022,11,พ.ย.,2022-11,85,ระนอง,3
2565,2022,11,พ.ย.,2022-11,86,ชุมพร,2
2565,2022,11,พ.ย.,2022-11,90,สงขลา,3
2565,2022,11,พ.ย.,2022-11,91,สตูล,1
2565,2022,11,พ.ย.,2022-11,92,ตรัง,1
2565,2022,11,พ.ย.,2022-11,93,พัทลุง,1
2565,2022,11,พ.ย.,2022-11,94,ปัตตานี,0
2565,2022,11,พ.ย.,2022-11,95,ยะลา,12
2565,2022,11,พ.ย.,2022-11,96,นราธิวาส,1
2565,2022,12,ธ.ค.,2022-12,10,กรุงเทพฯ,2
2565,2022,12,ธ.ค.,2022-12,11,สมุทรปราการ,0
2565,2022,12,ธ.ค.,2022-12,12,นนทบุรี,1
2565,2022,12,ธ.ค.,2022-12,13,ปทุมธานี,0
2565,2022,12,ธ.ค.,2022-12,14,พระนครศรีอยุธยา,0
2565,2022,12,ธ.ค.,2022-12,15,อ่างทอง,0
2565,2022,12,ธ.ค.,2022-12,16,ลพบุรี,0
2565,2022,12,ธ.ค.,2022-12,17,สิงห์บุรี,0
2565,2022,12,ธ.ค.,2022-12,18,ชัยนาท,0
2565,2022,12,ธ.ค.,2022-12,19,สระบุรี,1
2565,2022,12,ธ.ค.,2022-12,20,ชลบุรี,4
2565,2022,12,ธ.ค.,2022-12,21,ระยอง,1
2565,2022,12,ธ.ค.,2022-12,22,จันทบุรี,0
2565,2022,12,ธ.ค.,2022-12,23,ตราด,2
2565,2022,12,ธ.ค.,2022-12,24,ฉะเชิงเทรา,0
2565,2022,12,ธ.ค.,2022-12,25,ปราจีนบุรี,0
2565,2022,12,ธ.ค.,2022-12,26,นครนายก,0
2565,2022,12,ธ.ค.,2022-12,27,สระแก้ว,0
2565,2022,12,ธ.ค.,2022-12,30,นครราชสีมา,0
2565,2022,12,ธ.ค.,2022-12,31,บุรีรัมย์,0
2565,2022,12,ธ.ค.,2022-12,32,สุรินทร์,0
2565,2022,12,ธ.ค.,2022-12,33,ศรีสะเกษ,0
2565,2022,12,ธ.ค.,2022-12,34,อุบลราชธานี,0
2565,2022,12,ธ.ค.,2022-12,35,ยโสธร,0
2565,2022,12,ธ.ค.,2022-12,36,ชัยภูมิ,0
2565,2022,12,ธ.ค.,2022-12,37,อำนาจเจริญ,0
2565,2022,12,ธ.ค.,2022-12,38,บึงกาฬ,0
2565,2022,12,ธ.ค.,2022-12,39,หนองบัวลำภู,0
2565,2022,12,ธ.ค.,2022-12,40,ขอนแก่น,0
2565,2022,12,ธ.ค.,2022-12,41,อุดรธานี,0
2565,2022,12,ธ.ค.,2022-12,42,เลย,0
2565,2022,12,ธ.ค.,2022-12,43,หนองคาย,0
2565,2022,12,ธ.ค.,2022-12,44,มหาสารคาม,0
2565,2022,12,ธ.ค.,2022-12,45,ร้อยเอ็ด,0
2565,2022,12,ธ.ค.,2022-12,46,กาฬสินธุ์,0
2565,2022,12,ธ.ค.,2022-12,47,สกลนคร,0
2565,2022,12,ธ.ค.,2022-12,48,นครพนม,0
2565,2022,12,ธ.ค.,2022-12,49,มุกดาหาร,0
2565,2022,12,ธ.ค.,2022-12,50,เชียงใหม่,2
2565,2022,12,ธ.ค.,2022-12,51,ลำพูน,0
2565,2022,12,ธ.ค.,2022-12,52,ลำปาง,0
2565,2022,12,ธ.ค.,2022-12,53,อุตรดิตถ์,0
2565,2022,12,ธ.ค.,2022-12,54,แพร่,0
2565,2022,12,ธ.ค.,2022-12,55,น่าน,0
2565,2022,12,ธ.ค.,2022-12,56,พะเยา,0
2565,2022,12,ธ.ค.,2022-12,57,เชียงราย,1
2565,2022,12,ธ.ค.,2022-12,58,แม่ฮ่องสอน,195
2565,2022,12,ธ.ค.,2022-12,60,นครสวรรค์,0
2565,2022,12,ธ.ค.,2022-12,61,อุทัยธานี,0
2565,2022,12,ธ.ค.,2022-12,62,กำแพงเพชร,1
2565,2022,12,ธ.ค.,2022-12,63,ตาก,765
2565,2022,12,ธ.ค.,2022-12,64,สุโขทัย,0
2565,2022,12,ธ.ค.,2022-12,65,พิษณุโลก,0
2565,2022,12,ธ.ค.,2022-12,66,พิจิตร,0
2565,2022,12,ธ.ค.,2022-12,67,เพชรบูรณ์,0
2565,2022,12,ธ.ค.,2022-12,70,ราชบุรี,22
2565,2022,12,ธ.ค.,2022-12,71,กาญจนบุรี,40
2565,2022,12,ธ.ค.,2022-12,72,สุพรรณบุรี,3
2565,2022,12,ธ.ค.,2022-12,73,นครปฐม,0
2565,2022,12,ธ.ค.,2022-12,74,สมุทรสาคร,0
2565,2022,12,ธ.ค.,2022-12,75,สมุทรสงคราม,0
2565,2022,12,ธ.ค.,2022-12,76,เพชรบุรี,4
2565,2022,12,ธ.ค.,2022-12,77,ประจวบคีรีขันธ์,6
2565,2022,12,ธ.ค.,2022-12,80,นครศรีธรรมราช,0
2565,2022,12,ธ.ค.,2022-12,81,กระบี่,0
2565,2022,12,ธ.ค.,2022-12,82,พังงา,0
2565,2022,12,ธ.ค.,2022-12,83,ภูเก็ต,0
2565,2022,12,ธ.ค.,2022-12,84,สุราษฎร์ธานี,2
2565,2022,12,ธ.ค.,2022-12,85,ระนอง,12
2565,2022,12,ธ.ค.,2022-12,86,ชุมพร,2
2565,2022,12,ธ.ค.,2022-12,90,สงขลา,6
2565,2022,12,ธ.ค.,2022-12,91,สตูล,2
2565,2022,12,ธ.ค.,2022-12,92,ตรัง,0
2565,2022,12,ธ.ค.,2022-12,93,พัทลุง,2
2565,2022,12,ธ.ค.,2022-12,94,ปัตตานี,0
2565,2022,12,ธ.ค.,2022-12,95,ยะลา,7
2565,2022,12,ธ.ค.,2022-12,96,นราธิวาส,1
2566,2023,1,ม.ค.,2023-01,10,กรุงเทพฯ,2
2566,2023,1,ม.ค.,2023-01,11,สมุทรปราการ,0
2566,2023,1,ม.ค.,2023-01,12,นนทบุรี,0
2566,2023,1,ม.ค.,2023-01,13,ปทุมธานี,0
2566,2023,1,ม.ค.,2023-01,14,พระนครศรีอยุธยา,0
2566,2023,1,ม.ค.,2023-01,15,อ่างทอง,0
2566,2023,1,ม.ค.,2023-01,16,ลพบุรี,1
2566,2023,1,ม.ค.,2023-01,17,สิงห์บุรี,0
2566,2023,1,ม.ค.,2023-01,18,ชัยนาท,0
2566,2023,1,ม.ค.,2023-01,19,สระบุรี,10
2566,2023,1,ม.ค.,2023-01,20,ชลบุรี,1
2566,2023,1,ม.ค.,2023-01,21,ระยอง,0
2566,2023,1,ม.ค.,2023-01,22,จันทบุรี,1
2566,2023,1,ม.ค.,2023-01,23,ตราด,2
2566,2023,1,ม.ค.,2023-01,24,ฉะเชิงเทรา,1
2566,2023,1,ม.ค.,2023-01,25,ปราจีนบุรี,0
2566,2023,1,ม.ค.,2023-01,26,นครนายก,0
2566,2023,1,ม.ค.,2023-01,27,สระแก้ว,2
2566,2023,1,ม.ค.,2023-01,30,นครราชสีมา,1
2566,2023,1,ม.ค.,2023-01,31,บุรีรัมย์,0
2566,2023,1,ม.ค.,2023-01,32,สุรินทร์,0
2566,2023,1,ม.ค.,2023-01,33,ศรีสะเกษ,0
2566,2023,1,ม.ค.,2023-01,34,อุบลราชธานี,0
2566,2023,1,ม.ค.,2023-01,35,ยโสธร,0
2566,2023,1,ม.ค.,2023-01,36,ชัยภูมิ,0
2566,2023,1,ม.ค.,2023-01,37,อำนาจเจริญ,0
2566,2023,1,ม.ค.,2023-01,38,บึงกาฬ,0
2566,2023,1,ม.ค.,2023-01,39,หนองบัวลำภู,0
2566,2023,1,ม.ค.,2023-01,40,ขอนแก่น,0
2566,2023,1,ม.ค.,2023-01,41,อุดรธานี,0
2566,2023,1,ม.ค.,2023-01,42,เลย,0
2566,2023,1,ม.ค.,2023-01,43,หนองคาย,0
2566,2023,1,ม.ค.,2023-01,44,มหาสารคาม,0
2566,2023,1,ม.ค.,2023-01,45,ร้อยเอ็ด,0
2566,2023,1,ม.ค.,2023-01,46,กาฬสินธุ์,0
2566,2023,1,ม.ค.,2023-01,47,สกลนคร,0
2566,2023,1,ม.ค.,2023-01,48,นครพนม,1
2566,2023,1,ม.ค.,2023-01,49,มุกดาหาร,1
2566,2023,1,ม.ค.,2023-01,50,เชียงใหม่,9
2566,2023,1,ม.ค.,2023-01,51,ลำพูน,2
2566,2023,1,ม.ค.,2023-01,52,ลำปาง,0
2566,2023,1,ม.ค.,2023-01,53,อุตรดิตถ์,0
2566,2023,1,ม.ค.,2023-01,54,แพร่,0
2566,2023,1,ม.ค.,2023-01,55,น่าน,1
2566,2023,1,ม.ค.,2023-01,56,พะเยา,0
2566,2023,1,ม.ค.,2023-01,57,เชียงราย,0
2566,2023,1,ม.ค.,2023-01,58,แม่ฮ่องสอน,115
2566,2023,1,ม.ค.,2023-01,60,นครสวรรค์,0
2566,2023,1,ม.ค.,2023-01,61,อุทัยธานี,0
2566,2023,1,ม.ค.,2023-01,62,กำแพงเพชร,0
2566,2023,1,ม.ค.,2023-01,63,ตาก,590
2566,2023,1,ม.ค.,2023-01,64,สุโขทัย,0
2566,2023,1,ม.ค.,2023-01,65,พิษณุโลก,2
2566,2023,1,ม.ค.,2023-01,66,พิจิตร,0
2566,2023,1,ม.ค.,2023-01,67,เพชรบูรณ์,0
2566,2023,1,ม.ค.,2023-01,70,ราชบุรี,10
2566,2023,1,ม.ค.,2023-01,71,กาญจนบุรี,34
2566,2023,1,ม.ค.,2023-01,72,สุพรรณบุรี,1
2566,2023,1,ม.ค.,2023-01,73,นครปฐม,0
2566,2023,1,ม.ค.,2023-01,74,สมุทรสาคร,0
2566,2023,1,ม.ค.,2023-01,75,สมุทรสงคราม,0
2566,2023,1,ม.ค.,2023-01,76,เพชรบุรี,9
2566,2023,1,ม.ค.,2023-01,77,ประจวบคีรีขันธ์,10
2566,2023,1,ม.ค.,2023-01,80,นครศรีธรรมราช,1
2566,2023,1,ม.ค.,2023-01,81,กระบี่,0
2566,2023,1,ม.ค.,2023-01,82,พังงา,2
2566,2023,1,ม.ค.,2023-01,83,ภูเก็ต,0
2566,2023,1,ม.ค.,2023-01,84,สุราษฎร์ธานี,0
2566,2023,1,ม.ค.,2023-01,85,ระนอง,8
2566,2023,1,ม.ค.,2023-01,86,ชุมพร,5
2566,2023,1,ม.ค.,2023-01,90,สงขลา,9
2566,2023,1,ม.ค.,2023-01,91,สตูล,5
2566,2023,1,ม.ค.,2023-01,92,ตรัง,1
2566,2023,1,ม.ค.,2023-01,93,พัทลุง,7
2566,2023,1,ม.ค.,2023-01,94,ปัตตานี,0
2566,2023,1,ม.ค.,2023-01,95,ยะลา,15
2566,2023,1,ม.ค.,2023-01,96,นราธิวาส,8
2566,2023,2,ก.พ.,2023-02,10,กรุงเทพฯ,4
2566,2023,2,ก.พ.,2023-02,11,สมุทรปราการ,1
2566,2023,2,ก.พ.,2023-02,12,นนทบุรี,0
2566,2023,2,ก.พ.,2023-02,13,ปทุมธานี,0
2566,2023,2,ก.พ.,2023-02,14,พระนครศรีอยุธยา,0
2566,2023,2,ก.พ.,2023-02,15,อ่างทอง,0
2566,2023,2,ก.พ.,2023-02,16,ลพบุรี,0
2566,2023,2,ก.พ.,2023-02,17,สิงห์บุรี,0
2566,2023,2,ก.พ.,2023-02,18,ชัยนาท,0
2566,2023,2,ก.พ.,2023-02,19,สระบุรี,2
2566,2023,2,ก.พ.,2023-02,20,ชลบุรี,1
2566,2023,2,ก.พ.,2023-02,21,ระยอง,0
2566,2023,2,ก.พ.,2023-02,22,จันทบุรี,0
2566,2023,2,ก.พ.,2023-02,23,ตราด,3
2566,2023,2,ก.พ.,2023-02,24,ฉะเชิงเทรา,0
2566,2023,2,ก.พ.,2023-02,25,ปราจีนบุรี,0
2566,2023,2,ก.พ.,2023-02,26,นครนายก,0
2566,2023,2,ก.พ.,2023-02,27,สระแก้ว,0
2566,2023,2,ก.พ.,2023-02,30,นครราชสีมา,0
2566,2023,2,ก.พ.,2023-02,31,บุรีรัมย์,0
2566,2023,2,ก.พ.,2023-02,32,สุรินทร์,0
2566,2023,2,ก.พ.,2023-02,33,ศรีสะเกษ,1
2566,2023,2,ก.พ.,2023-02,34,อุบลราชธานี,1
2566,2023,2,ก.พ.,2023-02,35,ยโสธร,0
2566,2023,2,ก.พ.,2023-02,36,ชัยภูมิ,0
2566,2023,2,ก.พ.,2023-02,37,อำนาจเจริญ,0
2566,2023,2,ก.พ.,2023-02,38,บึงกาฬ,0
2566,2023,2,ก.พ.,2023-02,39,หนองบัวลำภู,0
2566,2023,2,ก.พ.,2023-02,40,ขอนแก่น,0
2566,2023,2,ก.พ.,2023-02,41,อุดรธานี,0
2566,2023,2,ก.พ.,2023-02,42,เลย,1
2566,2023,2,ก.พ.,2023-02,43,หนองคาย,0
2566,2023,2,ก.พ.,2023-02,44,มหาสารคาม,0
2566,2023,2,ก.พ.,2023-02,45,ร้อยเอ็ด,1
2566,2023,2,ก.พ.,2023-02,46,กาฬสินธุ์,0
2566,2023,2,ก.พ.,2023-02,47,สกลนคร,0
2566,2023,2,ก.พ.,2023-02,48,นครพนม,0
2566,2023,2,ก.พ.,2023-02,49,มุกดาหาร,0
2566,2023,2,ก.พ.,2023-02,50,เชียงใหม่,3
2566,2023,2,ก.พ.,2023-02,51,ลำพูน,1
2566,2023,2,ก.พ.,2023-02,52,ลำปาง,0
2566,2023,2,ก.พ.,2023-02,53,อุตรดิตถ์,0
2566,2023,2,ก.พ.,2023-02,54,แพร่,0
2566,2023,2,ก.พ.,2023-02,55,น่าน,0
2566,2023,2,ก.พ.,2023-02,56,พะเยา,0
2566,2023,2,ก.พ.,2023-02,57,เชียงราย,0
2566,2023,2,ก.พ.,2023-02,58,แม่ฮ่องสอน,60
2566,2023,2,ก.พ.,2023-02,60,นครสวรรค์,0
2566,2023,2,ก.พ.,2023-02,61,อุทัยธานี,0
2566,2023,2,ก.พ.,2023-02,62,กำแพงเพชร,0
2566,2023,2,ก.พ.,2023-02,63,ตาก,450
2566,2023,2,ก.พ.,2023-02,64,สุโขทัย,0
2566,2023,2,ก.พ.,2023-02,65,พิษณุโลก,0
2566,2023,2,ก.พ.,2023-02,66,พิจิตร,0
2566,2023,2,ก.พ.,2023-02,67,เพชรบูรณ์,0
2566,2023,2,ก.พ.,2023-02,70,ราชบุรี,9
2566,2023,2,ก.พ.,2023-02,71,กาญจนบุรี,42
2566,2023,2,ก.พ.,2023-02,72,สุพรรณบุรี,6
2566,2023,2,ก.พ.,2023-02,73,นครปฐม,1
2566,2023,2,ก.พ.,2023-02,74,สมุทรสาคร,0
2566,2023,2,ก.พ.,2023-02,75,สมุทรสงคราม,0
2566,2023,2,ก.พ.,2023-02,76,เพชรบุรี,12
2566,2023,2,ก.พ.,2023-02,77,ประจวบคีรีขันธ์,12
2566,2023,2,ก.พ.,2023-02,80,นครศรีธรรมราช,0
2566,2023,2,ก.พ.,2023-02,81,กระบี่,0
2566,2023,2,ก.พ.,2023-02,82,พังงา,0
2566,2023,2,ก.พ.,2023-02,83,ภูเก็ต,0
2566,2023,2,ก.พ.,2023-02,84,สุราษฎร์ธานี,1
2566,2023,2,ก.พ.,2023-02,85,ระนอง,5
2566,2023,2,ก.พ.,2023-02,86,ชุมพร,3
2566,2023,2,ก.พ.,2023-02,90,สงขลา,6
2566,2023,2,ก.พ.,2023-02,91,สตูล,3
2566,2023,2,ก.พ.,2023-02,92,ตรัง,0
2566,2023,2,ก.พ.,2023-02,93,พัทลุง,7
2566,2023,2,ก.พ.,2023-02,94,ปัตตานี,0
2566,2023,2,ก.พ.,2023-02,95,ยะลา,12
2566,2023,2,ก.พ.,2023-02,96,นราธิวาส,8
2566,2023,3,มี.ค.,2023-03,10,กรุงเทพฯ,1
2566,2023,3,มี.ค.,2023-03,11,สมุทรปราการ,1
2566,2023,3,มี.ค.,2023-03,12,นนทบุรี,1
2566,2023,3,มี.ค.,2023-03,13,ปทุมธานี,0
2566,2023,3,มี.ค.,2023-03,14,พระนครศรีอยุธยา,0
2566,2023,3,มี.ค.,2023-03,15,อ่างทอง,0
2566,2023,3,มี.ค.,2023-03,16,ลพบุรี,1
2566,2023,3,มี.ค.,2023-03,17,สิงห์บุรี,0
2566,2023,3,มี.ค.,2023-03,18,ชัยนาท,0
2566,2023,3,มี.ค.,2023-03,19,สระบุรี,0
2566,2023,3,มี.ค.,2023-03,20,ชลบุรี,2
2566,2023,3,มี.ค.,2023-03,21,ระยอง,0
2566,2023,3,มี.ค.,2023-03,22,จันทบุรี,0
2566,2023,3,มี.ค.,2023-03,23,ตราด,2
2566,2023,3,มี.ค.,2023-03,24,ฉะเชิงเทรา,0
2566,2023,3,มี.ค.,2023-03,25,ปราจีนบุรี,0
2566,2023,3,มี.ค.,2023-03,26,นครนายก,0
2566,2023,3,มี.ค.,2023-03,27,สระแก้ว,0
2566,2023,3,มี.ค.,2023-03,30,นครราชสีมา,0
2566,2023,3,มี.ค.,2023-03,31,บุรีรัมย์,0
2566,2023,3,มี.ค.,2023-03,32,สุรินทร์,0
2566,2023,3,มี.ค.,2023-03,33,ศรีสะเกษ,0
2566,2023,3,มี.ค.,2023-03,34,อุบลราชธานี,1
2566,2023,3,มี.ค.,2023-03,35,ยโสธร,0
2566,2023,3,มี.ค.,2023-03,36,ชัยภูมิ,0
2566,2023,3,มี.ค.,2023-03,37,อำนาจเจริญ,0
2566,2023,3,มี.ค.,2023-03,38,บึงกาฬ,0
2566,2023,3,มี.ค.,2023-03,39,หนองบัวลำภู,0
2566,2023,3,มี.ค.,2023-03,40,ขอนแก่น,0
2566,2023,3,มี.ค.,2023-03,41,อุดรธานี,0
2566,2023,3,มี.ค.,2023-03,42,เลย,0
2566,2023,3,มี.ค.,2023-03,43,หนองคาย,0
2566,2023,3,มี.ค.,2023-03,44,มหาสารคาม,0
2566,2023,3,มี.ค.,2023-03,45,ร้อยเอ็ด,0
2566,2023,3,มี.ค.,2023-03,46,กาฬสินธุ์,0
2566,2023,3,มี.ค.,2023-03,47,สกลนคร,0
2566,2023,3,มี.ค.,2023-03,48,นครพนม,0
2566,2023,3,มี.ค.,2023-03,49,มุกดาหาร,0
2566,2023,3,มี.ค.,2023-03,50,เชียงใหม่,1
2566,2023,3,มี.ค.,2023-03,51,ลำพูน,0
2566,2023,3,มี.ค.,2023-03,52,ลำปาง,0
2566,2023,3,มี.ค.,2023-03,53,อุตรดิตถ์,0
2566,2023,3,มี.ค.,2023-03,54,แพร่,0
2566,2023,3,มี.ค.,2023-03,55,น่าน,0
2566,2023,3,มี.ค.,2023-03,56,พะเยา,0
2566,2023,3,มี.ค.,2023-03,57,เชียงราย,0
2566,2023,3,มี.ค.,2023-03,58,แม่ฮ่องสอน,105
2566,2023,3,มี.ค.,2023-03,60,นครสวรรค์,0
2566,2023,3,มี.ค.,2023-03,61,อุทัยธานี,0
2566,2023,3,มี.ค.,2023-03,62,กำแพงเพชร,0
2566,2023,3,มี.ค.,2023-03,63,ตาก,411
2566,2023,3,มี.ค.,2023-03,64,สุโขทัย,0
2566,2023,3,มี.ค.,2023-03,65,พิษณุโลก,1
2566,2023,3,มี.ค.,2023-03,66,พิจิตร,0
2566,2023,3,มี.ค.,2023-03,67,เพชรบูรณ์,0
2566,2023,3,มี.ค.,2023-03,70,ราชบุรี,13
2566,2023,3,มี.ค.,2023-03,71,กาญจนบุรี,33
2566,2023,3,มี.ค.,2023-03,72,สุพรรณบุรี,6
2566,2023,3,มี.ค.,2023-03,73,นครปฐม,1
2566,2023,3,มี.ค.,2023-03,74,สมุทรสาคร,0
2566,2023,3,มี.ค.,2023-03,75,สมุทรสงคราม,0
2566,2023,3,มี.ค.,2023-03,76,เพชรบุรี,6
2566,2023,3,มี.ค.,2023-03,77,ประจวบคีรีขันธ์,13
2566,2023,3,มี.ค.,2023-03,80,นครศรีธรรมราช,0
2566,2023,3,มี.ค.,2023-03,81,กระบี่,0
2566,2023,3,มี.ค.,2023-03,82,พังงา,0
2566,2023,3,มี.ค.,2023-03,83,ภูเก็ต,0
2566,2023,3,มี.ค.,2023-03,84,สุราษฎร์ธานี,2
2566,2023,3,มี.ค.,2023-03,85,ระนอง,8
2566,2023,3,มี.ค.,2023-03,86,ชุมพร,5
2566,2023,3,มี.ค.,2023-03,90,สงขลา,6
2566,2023,3,มี.ค.,2023-03,91,สตูล,5
2566,2023,3,มี.ค.,2023-03,92,ตรัง,1
2566,2023,3,มี.ค.,2023-03,93,พัทลุง,5
2566,2023,3,มี.ค.,2023-03,94,ปัตตานี,2
2566,2023,3,มี.ค.,2023-03,95,ยะลา,21
2566,2023,3,มี.ค.,2023-03,96,นราธิวาส,17
2566,2023,4,เม.ย.,2023-04,10,กรุงเทพฯ,2
2566,2023,4,เม.ย.,2023-04,11,สมุทรปราการ,1
2566,2023,4,เม.ย.,2023-04,12,นนทบุรี,0
2566,2023,4,เม.ย.,2023-04,13,ปทุมธานี,0
2566,2023,4,เม.ย.,2023-04,14,พระนครศรีอยุธยา,0
2566,2023,4,เม.ย.,2023-04,15,อ่างทอง,0
2566,2023,4,เม.ย.,2023-04,16,ลพบุรี,0
2566,2023,4,เม.ย.,2023-04,17,สิงห์บุรี,0
2566,2023,4,เม.ย.,2023-04,18,ชัยนาท,0
2566,2023,4,เม.ย.,2023-04,19,สระบุรี,0
2566,2023,4,เม.ย.,2023-04,20,ชลบุรี,2
2566,2023,4,เม.ย.,2023-04,21,ระยอง,2
2566,2023,4,เม.ย.,2023-04,22,จันทบุรี,0
2566,2023,4,เม.ย.,2023-04,23,ตราด,6
2566,2023,4,เม.ย.,2023-04,24,ฉะเชิงเทรา,0
2566,2023,4,เม.ย.,2023-04,25,ปราจีนบุรี,0
2566,2023,4,เม.ย.,2023-04,26,นครนายก,0
2566,2023,4,เม.ย.,2023-04,27,สระแก้ว,0
2566,2023,4,เม.ย.,2023-04,30,นครราชสีมา,0
2566,2023,4,เม.ย.,2023-04,31,บุรีรัมย์,0
2566,2023,4,เม.ย.,2023-04,32,สุรินทร์,0
2566,2023,4,เม.ย.,2023-04,33,ศรีสะเกษ,0
2566,2023,4,เม.ย.,2023-04,34,อุบลราชธานี,0
2566,2023,4,เม.ย.,2023-04,35,ยโสธร,0
2566,2023,4,เม.ย.,2023-04,36,ชัยภูมิ,0
2566,2023,4,เม.ย.,2023-04,37,อำนาจเจริญ,0
2566,2023,4,เม.ย.,2023-04,38,บึงกาฬ,1
2566,2023,4,เม.ย.,2023-04,39,หนองบัวลำภู,0
2566,2023,4,เม.ย.,2023-04,40,ขอนแก่น,0
2566,2023,4,เม.ย.,2023-04,41,อุดรธานี,0
2566,2023,4,เม.ย.,2023-04,42,เลย,0
2566,2023,4,เม.ย.,2023-04,43,หนองคาย,0
2566,2023,4,เม.ย.,2023-04,44,มหาสารคาม,0
2566,2023,4,เม.ย.,2023-04,45,ร้อยเอ็ด,0
2566,2023,4,เม.ย.,2023-04,46,กาฬสินธุ์,0
2566,2023,4,เม.ย.,2023-04,47,สกลนคร,0
2566,2023,4,เม.ย.,2023-04,48,นครพนม,0
2566,2023,4,เม.ย.,2023-04,49,มุกดาหาร,0
2566,2023,4,เม.ย.,2023-04,50,เชียงใหม่,5
2566,2023,4,เม.ย.,2023-04,51,ลำพูน,1
2566,2023,4,เม.ย.,2023-04,52,ลำปาง,0
2566,2023,4,เม.ย.,2023-04,53,อุตรดิตถ์,0
2566,2023,4,เม.ย.,2023-04,54,แพร่,0
2566,2023,4,เม.ย.,2023-04,55,น่าน,0
2566,2023,4,เม.ย.,2023-04,56,พะเยา,0
2566,2023,4,เม.ย.,2023-04,57,เชียงราย,0
2566,2023,4,เม.ย.,2023-04,58,แม่ฮ่องสอน,128
2566,2023,4,เม.ย.,2023-04,60,นครสวรรค์,0
2566,2023,4,เม.ย.,2023-04,61,อุทัยธานี,3
2566,2023,4,เม.ย.,2023-04,62,กำแพงเพชร,0
2566,2023,4,เม.ย.,2023-04,63,ตาก,767
2566,2023,4,เม.ย.,2023-04,64,สุโขทัย,0
2566,2023,4,เม.ย.,2023-04,65,พิษณุโลก,0
2566,2023,4,เม.ย.,2023-04,66,พิจิตร,0
2566,2023,4,เม.ย.,2023-04,67,เพชรบูรณ์,0
2566,2023,4,เม.ย.,2023-04,70,ราชบุรี,21
2566,2023,4,เม.ย.,2023-04,71,กาญจนบุรี,56
2566,2023,4,เม.ย.,2023-04,72,สุพรรณบุรี,2
2566,2023,4,เม.ย.,2023-04,73,นครปฐม,1
2566,2023,4,เม.ย.,2023-04,74,สมุทรสาคร,0
2566,2023,4,เม.ย.,2023-04,75,สมุทรสงคราม,0
2566,2023,4,เม.ย.,2023-04,76,เพชรบุรี,17
2566,2023,4,เม.ย.,2023-04,77,ประจวบคีรีขันธ์,43
2566,2023,4,เม.ย.,2023-04,80,นครศรีธรรมราช,0
2566,2023,4,เม.ย.,2023-04,81,กระบี่,0
2566,2023,4,เม.ย.,2023-04,82,พังงา,0
2566,2023,4,เม.ย.,2023-04,83,ภูเก็ต,0
2566,2023,4,เม.ย.,2023-04,84,สุราษฎร์ธานี,2
2566,2023,4,เม.ย.,2023-04,85,ระนอง,7
2566,2023,4,เม.ย.,2023-04,86,ชุมพร,9
2566,2023,4,เม.ย.,2023-04,90,สงขลา,4
2566,2023,4,เม.ย.,2023-04,91,สตูล,2
2566,2023,4,เม.ย.,2023-04,92,ตรัง,1
2566,2023,4,เม.ย.,2023-04,93,พัทลุง,5
2566,2023,4,เม.ย.,2023-04,94,ปัตตานี,1
2566,2023,4,เม.ย.,2023-04,95,ยะลา,6
2566,2023,4,เม.ย.,2023-04,96,นราธิวาส,16
2566,2023,5,พ.ค.,2023-05,10,กรุงเทพฯ,8
2566,2023,5,พ.ค.,2023-05,11,สมุทรปราการ,0
2566,2023,5,พ.ค.,2023-05,12,นนทบุรี,1
2566,2023,5,พ.ค.,2023-05,13,ปทุมธานี,4
2566,2023,5,พ.ค.,2023-05,14,พระนครศรีอยุธยา,0
2566,2023,5,พ.ค.,2023-05,15,อ่างทอง,1
2566,2023,5,พ.ค.,2023-05,16,ลพบุรี,0
2566,2023,5,พ.ค.,2023-05,17,สิงห์บุรี,0
2566,2023,5,พ.ค.,2023-05,18,ชัยนาท,0
2566,2023,5,พ.ค.,2023-05,19,สระบุรี,0
2566,2023,5,พ.ค.,2023-05,20,ชลบุรี,2
2566,2023,5,พ.ค.,2023-05,21,ระยอง,1
2566,2023,5,พ.ค.,2023-05,22,จันทบุรี,2
2566,2023,5,พ.ค.,2023-05,23,ตราด,3
2566,2023,5,พ.ค.,2023-05,24,ฉะเชิงเทรา,0
2566,2023,5,พ.ค.,2023-05,25,ปราจีนบุรี,0
2566,2023,5,พ.ค.,2023-05,26,นครนายก,0
2566,2023,5,พ.ค.,2023-05,27,สระแก้ว,0
2566,2023,5,พ.ค.,2023-05,30,นครราชสีมา,0
2566,2023,5,พ.ค.,2023-05,31,บุรีรัมย์,0
2566,2023,5,พ.ค.,2023-05,32,สุรินทร์,0
2566,2023,5,พ.ค.,2023-05,33,ศรีสะเกษ,0
2566,2023,5,พ.ค.,2023-05,34,อุบลราชธานี,0
2566,2023,5,พ.ค.,2023-05,35,ยโสธร,0
2566,2023,5,พ.ค.,2023-05,36,ชัยภูมิ,0
2566,2023,5,พ.ค.,2023-05,37,อำนาจเจริญ,0
2566,2023,5,พ.ค.,2023-05,38,บึงกาฬ,0
2566,2023,5,พ.ค.,2023-05,39,หนองบัวลำภู,0
2566,2023,5,พ.ค.,2023-05,40,ขอนแก่น,0
2566,2023,5,พ.ค.,2023-05,41,อุดรธานี,0
2566,2023,5,พ.ค.,2023-05,42,เลย,0
2566,2023,5,พ.ค.,2023-05,43,หนองคาย,0
2566,2023,5,พ.ค.,2023-05,44,มหาสารคาม,0
2566,2023,5,พ.ค.,2023-05,45,ร้อยเอ็ด,0
2566,2023,5,พ.ค.,2023-05,46,กาฬสินธุ์,0
2566,2023,5,พ.ค.,2023-05,47,สกลนคร,0
2566,2023,5,พ.ค.,2023-05,48,นครพนม,0
2566,2023,5,พ.ค.,2023-05,49,มุกดาหาร,0
2566,2023,5,พ.ค.,2023-05,50,เชียงใหม่,6
2566,2023,5,พ.ค.,2023-05,51,ลำพูน,4
2566,2023,5,พ.ค.,2023-05,52,ลำปาง,1
2566,2023,5,พ.ค.,2023-05,53,อุตรดิตถ์,0
2566,2023,5,พ.ค.,2023-05,54,แพร่,0
2566,2023,5,พ.ค.,2023-05,55,น่าน,0
2566,2023,5,พ.ค.,2023-05,56,พะเยา,0
2566,2023,5,พ.ค.,2023-05,57,เชียงราย,1
2566,2023,5,พ.ค.,2023-05,58,แม่ฮ่องสอน,202
2566,2023,5,พ.ค.,2023-05,60,นครสวรรค์,3
2566,2023,5,พ.ค.,2023-05,61,อุทัยธานี,17
2566,2023,5,พ.ค.,2023-05,62,กำแพงเพชร,3
2566,2023,5,พ.ค.,2023-05,63,ตาก,1563
2566,2023,5,พ.ค.,2023-05,64,สุโขทัย,0
2566,2023,5,พ.ค.,2023-05,65,พิษณุโลก,4
2566,2023,5,พ.ค.,2023-05,66,พิจิตร,0
2566,2023,5,พ.ค.,2023-05,67,เพชรบูรณ์,1
2566,2023,5,พ.ค.,2023-05,70,ราชบุรี,123
2566,2023,5,พ.ค.,2023-05,71,กาญจนบุรี,315
2566,2023,5,พ.ค.,2023-05,72,สุพรรณบุรี,7
2566,2023,5,พ.ค.,2023-05,73,นครปฐม,0
2566,2023,5,พ.ค.,2023-05,74,สมุทรสาคร,1
2566,2023,5,พ.ค.,2023-05,75,สมุทรสงคราม,1
2566,2023,5,พ.ค.,2023-05,76,เพชรบุรี,77
2566,2023,5,พ.ค.,2023-05,77,ประจวบคีรีขันธ์,115
2566,2023,5,พ.ค.,2023-05,80,นครศรีธรรมราช,0
2566,2023,5,พ.ค.,2023-05,81,กระบี่,0
2566,2023,5,พ.ค.,2023-05,82,พังงา,0
2566,2023,5,พ.ค.,2023-05,83,ภูเก็ต,0
2566,2023,5,พ.ค.,2023-05,84,สุราษฎร์ธานี,1
2566,2023,5,พ.ค.,2023-05,85,ระนอง,6
2566,2023,5,พ.ค.,2023-05,86,ชุมพร,25
2566,2023,5,พ.ค.,2023-05,90,สงขลา,3
2566,2023,5,พ.ค.,2023-05,91,สตูล,0
2566,2023,5,พ.ค.,2023-05,92,ตรัง,1
2566,2023,5,พ.ค.,2023-05,93,พัทลุง,1
2566,2023,5,พ.ค.,2023-05,94,ปัตตานี,0
2566,2023,5,พ.ค.,2023-05,95,ยะลา,7
2566,2023,5,พ.ค.,2023-05,96,นราธิวาส,3
2566,2023,6,มิ.ย.,2023-06,10,กรุงเทพฯ,11
2566,2023,6,มิ.ย.,2023-06,11,สมุทรปราการ,0
2566,2023,6,มิ.ย.,2023-06,12,นนทบุรี,1
2566,2023,6,มิ.ย.,2023-06,13,ปทุมธานี,4
2566,2023,6,มิ.ย.,2023-06,14,พระนครศรีอยุธยา,0
2566,2023,6,มิ.ย.,2023-06,15,อ่างทอง,0
2566,2023,6,มิ.ย.,2023-06,16,ลพบุรี,2
2566,2023,6,มิ.ย.,2023-06,17,สิงห์บุรี,0
2566,2023,6,มิ.ย.,2023-06,18,ชัยนาท,0
2566,2023,6,มิ.ย.,2023-06,19,สระบุรี,0
2566,2023,6,มิ.ย.,2023-06,20,ชลบุรี,5
2566,2023,6,มิ.ย.,2023-06,21,ระยอง,2
2566,2023,6,มิ.ย.,2023-06,22,จันทบุรี,2
2566,2023,6,มิ.ย.,2023-06,23,ตราด,5
2566,2023,6,มิ.ย.,2023-06,24,ฉะเชิงเทรา,2
2566,2023,6,มิ.ย.,2023-06,25,ปราจีนบุรี,1
2566,2023,6,มิ.ย.,2023-06,26,นครนายก,0
2566,2023,6,มิ.ย.,2023-06,27,สระแก้ว,0
2566,2023,6,มิ.ย.,2023-06,30,นครราชสีมา,0
2566,2023,6,มิ.ย.,2023-06,31,บุรีรัมย์,0
2566,2023,6,มิ.ย.,2023-06,32,สุรินทร์,1
2566,2023,6,มิ.ย.,2023-06,33,ศรีสะเกษ,0
2566,2023,6,มิ.ย.,2023-06,34,อุบลราชธานี,1
2566,2023,6,มิ.ย.,2023-06,35,ยโสธร,0
2566,2023,6,มิ.ย.,2023-06,36,ชัยภูมิ,0
2566,2023,6,มิ.ย.,2023-06,37,อำนาจเจริญ,0
2566,2023,6,มิ.ย.,2023-06,38,บึงกาฬ,0
2566,2023,6,มิ.ย.,2023-06,39,หนองบัวลำภู,0
2566,2023,6,มิ.ย.,2023-06,40,ขอนแก่น,1
2566,2023,6,มิ.ย.,2023-06,41,อุดรธานี,0
2566,2023,6,มิ.ย.,2023-06,42,เลย,0
2566,2023,6,มิ.ย.,2023-06,43,หนองคาย,0
2566,2023,6,มิ.ย.,2023-06,44,มหาสารคาม,1
2566,2023,6,มิ.ย.,2023-06,45,ร้อยเอ็ด,0
2566,2023,6,มิ.ย.,2023-06,46,กาฬสินธุ์,0
2566,2023,6,มิ.ย.,2023-06,47,สกลนคร,0
2566,2023,6,มิ.ย.,2023-06,48,นครพนม,0
2566,2023,6,มิ.ย.,2023-06,49,มุกดาหาร,0
2566,2023,6,มิ.ย.,2023-06,50,เชียงใหม่,8
2566,2023,6,มิ.ย.,2023-06,51,ลำพูน,3
2566,2023,6,มิ.ย.,2023-06,52,ลำปาง,2
2566,2023,6,มิ.ย.,2023-06,53,อุตรดิตถ์,0
2566,2023,6,มิ.ย.,2023-06,54,แพร่,0
2566,2023,6,มิ.ย.,2023-06,55,น่าน,0
2566,2023,6,มิ.ย.,2023-06,56,พะเยา,0
2566,2023,6,มิ.ย.,2023-06,57,เชียงราย,0
2566,2023,6,มิ.ย.,2023-06,58,แม่ฮ่องสอน,367
2566,2023,6,มิ.ย.,2023-06,60,นครสวรรค์,0
2566,2023,6,มิ.ย.,2023-06,61,อุทัยธานี,8
2566,2023,6,มิ.ย.,2023-06,62,กำแพงเพชร,7
2566,2023,6,มิ.ย.,2023-06,63,ตาก,1660
2566,2023,6,มิ.ย.,2023-06,64,สุโขทัย,1
2566,2023,6,มิ.ย.,2023-06,65,พิษณุโลก,4
2566,2023,6,มิ.ย.,2023-06,66,พิจิตร,0
2566,2023,6,มิ.ย.,2023-06,67,เพชรบูรณ์,2
2566,2023,6,มิ.ย.,2023-06,70,ราชบุรี,203
2566,2023,6,มิ.ย.,2023-06,71,กาญจนบุรี,382
2566,2023,6,มิ.ย.,2023-06,72,สุพรรณบุรี,19
2566,2023,6,มิ.ย.,2023-06,73,นครปฐม,5
2566,2023,6,มิ.ย.,2023-06,74,สมุทรสาคร,1
2566,2023,6,มิ.ย.,2023-06,75,สมุทรสงคราม,1
2566,2023,6,มิ.ย.,2023-06,76,เพชรบุรี,116
2566,2023,6,มิ.ย.,2023-06,77,ประจวบคีรีขันธ์,201
2566,2023,6,มิ.ย.,2023-06,80,นครศรีธรรมราช,0
2566,2023,6,มิ.ย.,2023-06,81,กระบี่,0
2566,2023,6,มิ.ย.,2023-06,82,พังงา,2
2566,2023,6,มิ.ย.,2023-06,83,ภูเก็ต,0
2566,2023,6,มิ.ย.,2023-06,84,สุราษฎร์ธานี,1
2566,2023,6,มิ.ย.,2023-06,85,ระนอง,20
2566,2023,6,มิ.ย.,2023-06,86,ชุมพร,31
2566,2023,6,มิ.ย.,2023-06,90,สงขลา,0
2566,2023,6,มิ.ย.,2023-06,91,สตูล,0
2566,2023,6,มิ.ย.,2023-06,92,ตรัง,0
2566,2023,6,มิ.ย.,2023-06,93,พัทลุง,1
2566,2023,6,มิ.ย.,2023-06,94,ปัตตานี,1
2566,2023,6,มิ.ย.,2023-06,95,ยะลา,22
2566,2023,6,มิ.ย.,2023-06,96,นราธิวาส,2
2566,2023,7,ก.ค.,2023-07,10,กรุงเทพฯ,8
2566,2023,7,ก.ค.,2023-07,11,สมุทรปราการ,3
2566,2023,7,ก.ค.,2023-07,12,นนทบุรี,0
2566,2023,7,ก.ค.,2023-07,13,ปทุมธานี,0
2566,2023,7,ก.ค.,2023-07,14,พระนครศรีอยุธยา,0
2566,2023,7,ก.ค.,2023-07,15,อ่างทอง,0
2566,2023,7,ก.ค.,2023-07,16,ลพบุรี,1
2566,2023,7,ก.ค.,2023-07,17,สิงห์บุรี,0
2566,2023,7,ก.ค.,2023-07,18,ชัยนาท,0
2566,2023,7,ก.ค.,2023-07,19,สระบุรี,2
2566,2023,7,ก.ค.,2023-07,20,ชลบุรี,2
2566,2023,7,ก.ค.,2023-07,21,ระยอง,1
2566,2023,7,ก.ค.,2023-07,22,จันทบุรี,1
2566,2023,7,ก.ค.,2023-07,23,ตราด,2
2566,2023,7,ก.ค.,2023-07,24,ฉะเชิงเทรา,1
2566,2023,7,ก.ค.,2023-07,25,ปราจีนบุรี,1
2566,2023,7,ก.ค.,2023-07,26,นครนายก,0
2566,2023,7,ก.ค.,2023-07,27,สระแก้ว,0
2566,2023,7,ก.ค.,2023-07,30,นครราชสีมา,1
2566,2023,7,ก.ค.,2023-07,31,บุรีรัมย์,2
2566,2023,7,ก.ค.,2023-07,32,สุรินทร์,0
2566,2023,7,ก.ค.,2023-07,33,ศรีสะเกษ,0
2566,2023,7,ก.ค.,2023-07,34,อุบลราชธานี,1
2566,2023,7,ก.ค.,2023-07,35,ยโสธร,0
2566,2023,7,ก.ค.,2023-07,36,ชัยภูมิ,0
2566,2023,7,ก.ค.,2023-07,37,อำนาจเจริญ,0
2566,2023,7,ก.ค.,2023-07,38,บึงกาฬ,0
2566,2023,7,ก.ค.,2023-07,39,หนองบัวลำภู,0
2566,2023,7,ก.ค.,2023-07,40,ขอนแก่น,1
2566,2023,7,ก.ค.,2023-07,41,อุดรธานี,0
2566,2023,7,ก.ค.,2023-07,42,เลย,0
2566,2023,7,ก.ค.,2023-07,43,หนองคาย,0
2566,2023,7,ก.ค.,2023-07,44,มหาสารคาม,0
2566,2023,7,ก.ค.,2023-07,45,ร้อยเอ็ด,0
2566,2023,7,ก.ค.,2023-07,46,กาฬสินธุ์,1
2566,2023,7,ก.ค.,2023-07,47,สกลนคร,0
2566,2023,7,ก.ค.,2023-07,48,นครพนม,0
2566,2023,7,ก.ค.,2023-07,49,มุกดาหาร,0
2566,2023,7,ก.ค.,2023-07,50,เชียงใหม่,22
2566,2023,7,ก.ค.,2023-07,51,ลำพูน,3
2566,2023,7,ก.ค.,2023-07,52,ลำปาง,1
2566,2023,7,ก.ค.,2023-07,53,อุตรดิตถ์,1
2566,2023,7,ก.ค.,2023-07,54,แพร่,0
2566,2023,7,ก.ค.,2023-07,55,น่าน,1
2566,2023,7,ก.ค.,2023-07,56,พะเยา,0
2566,2023,7,ก.ค.,2023-07,57,เชียงราย,0
2566,2023,7,ก.ค.,2023-07,58,แม่ฮ่องสอน,392
2566,2023,7,ก.ค.,2023-07,60,นครสวรรค์,3
2566,2023,7,ก.ค.,2023-07,61,อุทัยธานี,6
2566,2023,7,ก.ค.,2023-07,62,กำแพงเพชร,8
2566,2023,7,ก.ค.,2023-07,63,ตาก,1376
2566,2023,7,ก.ค.,2023-07,64,สุโขทัย,1
2566,2023,7,ก.ค.,2023-07,65,พิษณุโลก,9
2566,2023,7,ก.ค.,2023-07,66,พิจิตร,0
2566,2023,7,ก.ค.,2023-07,67,เพชรบูรณ์,3
2566,2023,7,ก.ค.,2023-07,70,ราชบุรี,166
2566,2023,7,ก.ค.,2023-07,71,กาญจนบุรี,287
2566,2023,7,ก.ค.,2023-07,72,สุพรรณบุรี,12
2566,2023,7,ก.ค.,2023-07,73,นครปฐม,2
2566,2023,7,ก.ค.,2023-07,74,สมุทรสาคร,1
2566,2023,7,ก.ค.,2023-07,75,สมุทรสงคราม,0
2566,2023,7,ก.ค.,2023-07,76,เพชรบุรี,74
2566,2023,7,ก.ค.,2023-07,77,ประจวบคีรีขันธ์,269
2566,2023,7,ก.ค.,2023-07,80,นครศรีธรรมราช,1
2566,2023,7,ก.ค.,2023-07,81,กระบี่,0
2566,2023,7,ก.ค.,2023-07,82,พังงา,0
2566,2023,7,ก.ค.,2023-07,83,ภูเก็ต,0
2566,2023,7,ก.ค.,2023-07,84,สุราษฎร์ธานี,1
2566,2023,7,ก.ค.,2023-07,85,ระนอง,10
2566,2023,7,ก.ค.,2023-07,86,ชุมพร,24
2566,2023,7,ก.ค.,2023-07,90,สงขลา,2
2566,2023,7,ก.ค.,2023-07,91,สตูล,2
2566,2023,7,ก.ค.,2023-07,92,ตรัง,0
2566,2023,7,ก.ค.,2023-07,93,พัทลุง,0
2566,2023,7,ก.ค.,2023-07,94,ปัตตานี,0
2566,2023,7,ก.ค.,2023-07,95,ยะลา,20
2566,2023,7,ก.ค.,2023-07,96,นราธิวาส,7
2566,2023,8,ส.ค.,2023-08,10,กรุงเทพฯ,1
2566,2023,8,ส.ค.,2023-08,11,สมุทรปราการ,1
2566,2023,8,ส.ค.,2023-08,12,นนทบุรี,0
2566,2023,8,ส.ค.,2023-08,13,ปทุมธานี,0
2566,2023,8,ส.ค.,2023-08,14,พระนครศรีอยุธยา,0
2566,2023,8,ส.ค.,2023-08,15,อ่างทอง,0
2566,2023,8,ส.ค.,2023-08,16,ลพบุรี,0
2566,2023,8,ส.ค.,2023-08,17,สิงห์บุรี,0
2566,2023,8,ส.ค.,2023-08,18,ชัยนาท,0
2566,2023,8,ส.ค.,2023-08,19,สระบุรี,0
2566,2023,8,ส.ค.,2023-08,20,ชลบุรี,0
2566,2023,8,ส.ค.,2023-08,21,ระยอง,0
2566,2023,8,ส.ค.,2023-08,22,จันทบุรี,0
2566,2023,8,ส.ค.,2023-08,23,ตราด,0
2566,2023,8,ส.ค.,2023-08,24,ฉะเชิงเทรา,0
2566,2023,8,ส.ค.,2023-08,25,ปราจีนบุรี,0
2566,2023,8,ส.ค.,2023-08,26,นครนายก,0
2566,2023,8,ส.ค.,2023-08,27,สระแก้ว,0
2566,2023,8,ส.ค.,2023-08,30,นครราชสีมา,1
2566,2023,8,ส.ค.,2023-08,31,บุรีรัมย์,0
2566,2023,8,ส.ค.,2023-08,32,สุรินทร์,1
2566,2023,8,ส.ค.,2023-08,33,ศรีสะเกษ,0
2566,2023,8,ส.ค.,2023-08,34,อุบลราชธานี,0
2566,2023,8,ส.ค.,2023-08,35,ยโสธร,0
2566,2023,8,ส.ค.,2023-08,36,ชัยภูมิ,0
2566,2023,8,ส.ค.,2023-08,37,อำนาจเจริญ,0
2566,2023,8,ส.ค.,2023-08,38,บึงกาฬ,0
2566,2023,8,ส.ค.,2023-08,39,หนองบัวลำภู,0
2566,2023,8,ส.ค.,2023-08,40,ขอนแก่น,2
2566,2023,8,ส.ค.,2023-08,41,อุดรธานี,0
2566,2023,8,ส.ค.,2023-08,42,เลย,0
2566,2023,8,ส.ค.,2023-08,43,หนองคาย,0
2566,2023,8,ส.ค.,2023-08,44,มหาสารคาม,0
2566,2023,8,ส.ค.,2023-08,45,ร้อยเอ็ด,0
2566,2023,8,ส.ค.,2023-08,46,กาฬสินธุ์,0
2566,2023,8,ส.ค.,2023-08,47,สกลนคร,1
2566,2023,8,ส.ค.,2023-08,48,นครพนม,0
2566,2023,8,ส.ค.,2023-08,49,มุกดาหาร,0
2566,2023,8,ส.ค.,2023-08,50,เชียงใหม่,30
2566,2023,8,ส.ค.,2023-08,51,ลำพูน,1
2566,2023,8,ส.ค.,2023-08,52,ลำปาง,0
2566,2023,8,ส.ค.,2023-08,53,อุตรดิตถ์,0
2566,2023,8,ส.ค.,2023-08,54,แพร่,0
2566,2023,8,ส.ค.,2023-08,55,น่าน,1
2566,2023,8,ส.ค.,2023-08,56,พะเยา,0
2566,2023,8,ส.ค.,2023-08,57,เชียงราย,1
2566,2023,8,ส.ค.,2023-08,58,แม่ฮ่องสอน,194
2566,2023,8,ส.ค.,2023-08,60,นครสวรรค์,3
2566,2023,8,ส.ค.,2023-08,61,อุทัยธานี,2
2566,2023,8,ส.ค.,2023-08,62,กำแพงเพชร,5
2566,2023,8,ส.ค.,2023-08,63,ตาก,885
2566,2023,8,ส.ค.,2023-08,64,สุโขทัย,2
2566,2023,8,ส.ค.,2023-08,65,พิษณุโลก,0
2566,2023,8,ส.ค.,2023-08,66,พิจิตร,0
2566,2023,8,ส.ค.,2023-08,67,เพชรบูรณ์,1
2566,2023,8,ส.ค.,2023-08,70,ราชบุรี,48
2566,2023,8,ส.ค.,2023-08,71,กาญจนบุรี,104
2566,2023,8,ส.ค.,2023-08,72,สุพรรณบุรี,6
2566,2023,8,ส.ค.,2023-08,73,นครปฐม,2
2566,2023,8,ส.ค.,2023-08,74,สมุทรสาคร,0
2566,2023,8,ส.ค.,2023-08,75,สมุทรสงคราม,0
2566,2023,8,ส.ค.,2023-08,76,เพชรบุรี,44
2566,2023,8,ส.ค.,2023-08,77,ประจวบคีรีขันธ์,138
2566,2023,8,ส.ค.,2023-08,80,นครศรีธรรมราช,0
2566,2023,8,ส.ค.,2023-08,81,กระบี่,0
2566,2023,8,ส.ค.,2023-08,82,พังงา,0
2566,2023,8,ส.ค.,2023-08,83,ภูเก็ต,0
2566,2023,8,ส.ค.,2023-08,84,สุราษฎร์ธานี,2
2566,2023,8,ส.ค.,2023-08,85,ระนอง,8
2566,2023,8,ส.ค.,2023-08,86,ชุมพร,34
2566,2023,8,ส.ค.,2023-08,90,สงขลา,3
2566,2023,8,ส.ค.,2023-08,91,สตูล,0
2566,2023,8,ส.ค.,2023-08,92,ตรัง,0
2566,2023,8,ส.ค.,2023-08,93,พัทลุง,0
2566,2023,8,ส.ค.,2023-08,94,ปัตตานี,0
2566,2023,8,ส.ค.,2023-08,95,ยะลา,33
2566,2023,8,ส.ค.,2023-08,96,นราธิวาส,0
2566,2023,9,ก.ย.,2023-09,10,กรุงเทพฯ,3
2566,2023,9,ก.ย.,2023-09,11,สมุทรปราการ,0
2566,2023,9,ก.ย.,2023-09,12,นนทบุรี,0
2566,2023,9,ก.ย.,2023-09,13,ปทุมธานี,0
2566,2023,9,ก.ย.,2023-09,14,พระนครศรีอยุธยา,1
2566,2023,9,ก.ย.,2023-09,15,อ่างทอง,0
2566,2023,9,ก.ย.,2023-09,16,ลพบุรี,0
2566,2023,9,ก.ย.,2023-09,17,สิงห์บุรี,0
2566,2023,9,ก.ย.,2023-09,18,ชัยนาท,0
2566,2023,9,ก.ย.,2023-09,19,สระบุรี,0
2566,2023,9,ก.ย.,2023-09,20,ชลบุรี,0
2566,2023,9,ก.ย.,2023-09,21,ระยอง,1
2566,2023,9,ก.ย.,2023-09,22,จันทบุรี,0
2566,2023,9,ก.ย.,2023-09,23,ตราด,0
2566,2023,9,ก.ย.,2023-09,24,ฉะเชิงเทรา,0
2566,2023,9,ก.ย.,2023-09,25,ปราจีนบุรี,1
2566,2023,9,ก.ย.,2023-09,26,นครนายก,0
2566,2023,9,ก.ย.,2023-09,27,สระแก้ว,0
2566,2023,9,ก.ย.,2023-09,30,นครราชสีมา,1
2566,2023,9,ก.ย.,2023-09,31,บุรีรัมย์,0
2566,2023,9,ก.ย.,2023-09,32,สุรินทร์,0
2566,2023,9,ก.ย.,2023-09,33,ศรีสะเกษ,1
2566,2023,9,ก.ย.,2023-09,34,อุบลราชธานี,4
2566,2023,9,ก.ย.,2023-09,35,ยโสธร,0
2566,2023,9,ก.ย.,2023-09,36,ชัยภูมิ,0
2566,2023,9,ก.ย.,2023-09,37,อำนาจเจริญ,0
2566,2023,9,ก.ย.,2023-09,38,บึงกาฬ,0
2566,2023,9,ก.ย.,2023-09,39,หนองบัวลำภู,0
2566,2023,9,ก.ย.,2023-09,40,ขอนแก่น,1
2566,2023,9,ก.ย.,2023-09,41,อุดรธานี,0
2566,2023,9,ก.ย.,2023-09,42,เลย,0
2566,2023,9,ก.ย.,2023-09,43,หนองคาย,0
2566,2023,9,ก.ย.,2023-09,44,มหาสารคาม,0
2566,2023,9,ก.ย.,2023-09,45,ร้อยเอ็ด,0
2566,2023,9,ก.ย.,2023-09,46,กาฬสินธุ์,0
2566,2023,9,ก.ย.,2023-09,47,สกลนคร,0
2566,2023,9,ก.ย.,2023-09,48,นครพนม,0
2566,2023,9,ก.ย.,2023-09,49,มุกดาหาร,0
2566,2023,9,ก.ย.,2023-09,50,เชียงใหม่,9
2566,2023,9,ก.ย.,2023-09,51,ลำพูน,1
2566,2023,9,ก.ย.,2023-09,52,ลำปาง,0
2566,2023,9,ก.ย.,2023-09,53,อุตรดิตถ์,0
2566,2023,9,ก.ย.,2023-09,54,แพร่,0
2566,2023,9,ก.ย.,2023-09,55,น่าน,0
2566,2023,9,ก.ย.,2023-09,56,พะเยา,1
2566,2023,9,ก.ย.,2023-09,57,เชียงราย,0
2566,2023,9,ก.ย.,2023-09,58,แม่ฮ่องสอน,93
2566,2023,9,ก.ย.,2023-09,60,นครสวรรค์,0
2566,2023,9,ก.ย.,2023-09,61,อุทัยธานี,3
2566,2023,9,ก.ย.,2023-09,62,กำแพงเพชร,3
2566,2023,9,ก.ย.,2023-09,63,ตาก,548
2566,2023,9,ก.ย.,2023-09,64,สุโขทัย,1
2566,2023,9,ก.ย.,2023-09,65,พิษณุโลก,1
2566,2023,9,ก.ย.,2023-09,66,พิจิตร,0
2566,2023,9,ก.ย.,2023-09,67,เพชรบูรณ์,0
2566,2023,9,ก.ย.,2023-09,70,ราชบุรี,31
2566,2023,9,ก.ย.,2023-09,71,กาญจนบุรี,82
2566,2023,9,ก.ย.,2023-09,72,สุพรรณบุรี,2
2566,2023,9,ก.ย.,2023-09,73,นครปฐม,2
2566,2023,9,ก.ย.,2023-09,74,สมุทรสาคร,1
2566,2023,9,ก.ย.,2023-09,75,สมุทรสงคราม,0
2566,2023,9,ก.ย.,2023-09,76,เพชรบุรี,19
2566,2023,9,ก.ย.,2023-09,77,ประจวบคีรีขันธ์,79
2566,2023,9,ก.ย.,2023-09,80,นครศรีธรรมราช,0
2566,2023,9,ก.ย.,2023-09,81,กระบี่,0
2566,2023,9,ก.ย.,2023-09,82,พังงา,4
2566,2023,9,ก.ย.,2023-09,83,ภูเก็ต,0
2566,2023,9,ก.ย.,2023-09,84,สุราษฎร์ธานี,5
2566,2023,9,ก.ย.,2023-09,85,ระนอง,13
2566,2023,9,ก.ย.,2023-09,86,ชุมพร,13
2566,2023,9,ก.ย.,2023-09,90,สงขลา,0
2566,2023,9,ก.ย.,2023-09,91,สตูล,1
2566,2023,9,ก.ย.,2023-09,92,ตรัง,1
2566,2023,9,ก.ย.,2023-09,93,พัทลุง,0
2566,2023,9,ก.ย.,2023-09,94,ปัตตานี,0
2566,2023,9,ก.ย.,2023-09,95,ยะลา,7
2566,2023,9,ก.ย.,2023-09,96,นราธิวาส,0
2566,2023,10,ต.ค.,2023-10,10,กรุงเทพฯ,4
2566,2023,10,ต.ค.,2023-10,11,สมุทรปราการ,0
2566,2023,10,ต.ค.,2023-10,12,นนทบุรี,0
2566,2023,10,ต.ค.,2023-10,13,ปทุมธานี,0
2566,2023,10,ต.ค.,2023-10,14,พระนครศรีอยุธยา,0
2566,2023,10,ต.ค.,2023-10,15,อ่างทอง,0
2566,2023,10,ต.ค.,2023-10,16,ลพบุรี,0
2566,2023,10,ต.ค.,2023-10,17,สิงห์บุรี,0
2566,2023,10,ต.ค.,2023-10,18,ชัยนาท,0
2566,2023,10,ต.ค.,2023-10,19,สระบุรี,2
2566,2023,10,ต.ค.,2023-10,20,ชลบุรี,1
2566,2023,10,ต.ค.,2023-10,21,ระยอง,0
2566,2023,10,ต.ค.,2023-10,22,จันทบุรี,0
2566,2023,10,ต.ค.,2023-10,23,ตราด,0
2566,2023,10,ต.ค.,2023-10,24,ฉะเชิงเทรา,0
2566,2023,10,ต.ค.,2023-10,25,ปราจีนบุรี,1
2566,2023,10,ต.ค.,2023-10,26,นครนายก,0
2566,2023,10,ต.ค.,2023-10,27,สระแก้ว,0
2566,2023,10,ต.ค.,2023-10,30,นครราชสีมา,1
2566,2023,10,ต.ค.,2023-10,31,บุรีรัมย์,0
2566,2023,10,ต.ค.,2023-10,32,สุรินทร์,0
2566,2023,10,ต.ค.,2023-10,33,ศรีสะเกษ,0
2566,2023,10,ต.ค.,2023-10,34,อุบลราชธานี,1
2566,2023,10,ต.ค.,2023-10,35,ยโสธร,0
2566,2023,10,ต.ค.,2023-10,36,ชัยภูมิ,0
2566,2023,10,ต.ค.,2023-10,37,อำนาจเจริญ,0
2566,2023,10,ต.ค.,2023-10,38,บึงกาฬ,0
2566,2023,10,ต.ค.,2023-10,39,หนองบัวลำภู,0
2566,2023,10,ต.ค.,2023-10,40,ขอนแก่น,0
2566,2023,10,ต.ค.,2023-10,41,อุดรธานี,0
2566,2023,10,ต.ค.,2023-10,42,เลย,0
2566,2023,10,ต.ค.,2023-10,43,หนองคาย,0
2566,2023,10,ต.ค.,2023-10,44,มหาสารคาม,0
2566,2023,10,ต.ค.,2023-10,45,ร้อยเอ็ด,0
2566,2023,10,ต.ค.,2023-10,46,กาฬสินธุ์,0
2566,2023,10,ต.ค.,2023-10,47,สกลนคร,0
2566,2023,10,ต.ค.,2023-10,48,นครพนม,0
2566,2023,10,ต.ค.,2023-10,49,มุกดาหาร,0
2566,2023,10,ต.ค.,2023-10,50,เชียงใหม่,7
2566,2023,10,ต.ค.,2023-10,51,ลำพูน,3
2566,2023,10,ต.ค.,2023-10,52,ลำปาง,0
2566,2023,10,ต.ค.,2023-10,53,อุตรดิตถ์,0
2566,2023,10,ต.ค.,2023-10,54,แพร่,0
2566,2023,10,ต.ค.,2023-10,55,น่าน,0
2566,2023,10,ต.ค.,2023-10,56,พะเยา,0
2566,2023,10,ต.ค.,2023-10,57,เชียงราย,0
2566,2023,10,ต.ค.,2023-10,58,แม่ฮ่องสอน,114
2566,2023,10,ต.ค.,2023-10,60,นครสวรรค์,1
2566,2023,10,ต.ค.,2023-10,61,อุทัยธานี,3
2566,2023,10,ต.ค.,2023-10,62,กำแพงเพชร,1
2566,2023,10,ต.ค.,2023-10,63,ตาก,559
2566,2023,10,ต.ค.,2023-10,64,สุโขทัย,0
2566,2023,10,ต.ค.,2023-10,65,พิษณุโลก,2
2566,2023,10,ต.ค.,2023-10,66,พิจิตร,0
2566,2023,10,ต.ค.,2023-10,67,เพชรบูรณ์,0
2566,2023,10,ต.ค.,2023-10,70,ราชบุรี,24
2566,2023,10,ต.ค.,2023-10,71,กาญจนบุรี,74
2566,2023,10,ต.ค.,2023-10,72,สุพรรณบุรี,0
2566,2023,10,ต.ค.,2023-10,73,นครปฐม,0
2566,2023,10,ต.ค.,2023-10,74,สมุทรสาคร,0
2566,2023,10,ต.ค.,2023-10,75,สมุทรสงคราม,0
2566,2023,10,ต.ค.,2023-10,76,เพชรบุรี,11
2566,2023,10,ต.ค.,2023-10,77,ประจวบคีรีขันธ์,46
2566,2023,10,ต.ค.,2023-10,80,นครศรีธรรมราช,0
2566,2023,10,ต.ค.,2023-10,81,กระบี่,0
2566,2023,10,ต.ค.,2023-10,82,พังงา,5
2566,2023,10,ต.ค.,2023-10,83,ภูเก็ต,0
2566,2023,10,ต.ค.,2023-10,84,สุราษฎร์ธานี,1
2566,2023,10,ต.ค.,2023-10,85,ระนอง,22
2566,2023,10,ต.ค.,2023-10,86,ชุมพร,12
2566,2023,10,ต.ค.,2023-10,90,สงขลา,1
2566,2023,10,ต.ค.,2023-10,91,สตูล,4
2566,2023,10,ต.ค.,2023-10,92,ตรัง,1
2566,2023,10,ต.ค.,2023-10,93,พัทลุง,0
2566,2023,10,ต.ค.,2023-10,94,ปัตตานี,0
2566,2023,10,ต.ค.,2023-10,95,ยะลา,11
2566,2023,10,ต.ค.,2023-10,96,นราธิวาส,0
2566,2023,11,พ.ย.,2023-11,10,กรุงเทพฯ,0
2566,2023,11,พ.ย.,2023-11,11,สมุทรปราการ,0
2566,2023,11,พ.ย.,2023-11,12,นนทบุรี,2
2566,2023,11,พ.ย.,2023-11,13,ปทุมธานี,0
2566,2023,11,พ.ย.,2023-11,14,พระนครศรีอยุธยา,0
2566,2023,11,พ.ย.,2023-11,15,อ่างทอง,0
2566,2023,11,พ.ย.,2023-11,16,ลพบุรี,0
2566,2023,11,พ.ย.,2023-11,17,สิงห์บุรี,0
2566,2023,11,พ.ย.,2023-11,18,ชัยนาท,0
2566,2023,11,พ.ย.,2023-11,19,สระบุรี,0
2566,2023,11,พ.ย.,2023-11,20,ชลบุรี,1
2566,2023,11,พ.ย.,2023-11,21,ระยอง,1
2566,2023,11,พ.ย.,2023-11,22,จันทบุรี,1
2566,2023,11,พ.ย.,2023-11,23,ตราด,0
2566,2023,11,พ.ย.,2023-11,24,ฉะเชิงเทรา,0
2566,2023,11,พ.ย.,2023-11,25,ปราจีนบุรี,0
2566,2023,11,พ.ย.,2023-11,26,นครนายก,0
2566,2023,11,พ.ย.,2023-11,27,สระแก้ว,0
2566,2023,11,พ.ย.,2023-11,30,นครราชสีมา,1
2566,2023,11,พ.ย.,2023-11,31,บุรีรัมย์,0
2566,2023,11,พ.ย.,2023-11,32,สุรินทร์,0
2566,2023,11,พ.ย.,2023-11,33,ศรีสะเกษ,0
2566,2023,11,พ.ย.,2023-11,34,อุบลราชธานี,2
2566,2023,11,พ.ย.,2023-11,35,ยโสธร,0
2566,2023,11,พ.ย.,2023-11,36,ชัยภูมิ,0
2566,2023,11,พ.ย.,2023-11,37,อำนาจเจริญ,0
2566,2023,11,พ.ย.,2023-11,38,บึงกาฬ,0
2566,2023,11,พ.ย.,2023-11,39,หนองบัวลำภู,0
2566,2023,11,พ.ย.,2023-11,40,ขอนแก่น,0
2566,2023,11,พ.ย.,2023-11,41,อุดรธานี,0
2566,2023,11,พ.ย.,2023-11,42,เลย,0
2566,2023,11,พ.ย.,2023-11,43,หนองคาย,0
2566,2023,11,พ.ย.,2023-11,44,มหาสารคาม,0
2566,2023,11,พ.ย.,2023-11,45,ร้อยเอ็ด,0
2566,2023,11,พ.ย.,2023-11,46,กาฬสินธุ์,0
2566,2023,11,พ.ย.,2023-11,47,สกลนคร,0
2566,2023,11,พ.ย.,2023-11,48,นครพนม,0
2566,2023,11,พ.ย.,2023-11,49,มุกดาหาร,0
2566,2023,11,พ.ย.,2023-11,50,เชียงใหม่,4
2566,2023,11,พ.ย.,2023-11,51,ลำพูน,3
2566,2023,11,พ.ย.,2023-11,52,ลำปาง,2
2566,2023,11,พ.ย.,2023-11,53,อุตรดิตถ์,0
2566,2023,11,พ.ย.,2023-11,54,แพร่,0
2566,2023,11,พ.ย.,2023-11,55,น่าน,0
2566,2023,11,พ.ย.,2023-11,56,พะเยา,0
2566,2023,11,พ.ย.,2023-11,57,เชียงราย,0
2566,2023,11,พ.ย.,2023-11,58,แม่ฮ่องสอน,106
2566,2023,11,พ.ย.,2023-11,60,นครสวรรค์,1
2566,2023,11,พ.ย.,2023-11,61,อุทัยธานี,0
2566,2023,11,พ.ย.,2023-11,62,กำแพงเพชร,2
2566,2023,11,พ.ย.,2023-11,63,ตาก,533
2566,2023,11,พ.ย.,2023-11,64,สุโขทัย,0
2566,2023,11,พ.ย.,2023-11,65,พิษณุโลก,0
2566,2023,11,พ.ย.,2023-11,66,พิจิตร,0
2566,2023,11,พ.ย.,2023-11,67,เพชรบูรณ์,0
2566,2023,11,พ.ย.,2023-11,70,ราชบุรี,26
2566,2023,11,พ.ย.,2023-11,71,กาญจนบุรี,58
2566,2023,11,พ.ย.,2023-11,72,สุพรรณบุรี,1
2566,2023,11,พ.ย.,2023-11,73,นครปฐม,0
2566,2023,11,พ.ย.,2023-11,74,สมุทรสาคร,0
2566,2023,11,พ.ย.,2023-11,75,สมุทรสงคราม,0
2566,2023,11,พ.ย.,2023-11,76,เพชรบุรี,16
2566,2023,11,พ.ย.,2023-11,77,ประจวบคีรีขันธ์,29
2566,2023,11,พ.ย.,2023-11,80,นครศรีธรรมราช,0
2566,2023,11,พ.ย.,2023-11,81,กระบี่,1
2566,2023,11,พ.ย.,2023-11,82,พังงา,5
2566,2023,11,พ.ย.,2023-11,83,ภูเก็ต,0
2566,2023,11,พ.ย.,2023-11,84,สุราษฎร์ธานี,0
2566,2023,11,พ.ย.,2023-11,85,ระนอง,12
2566,2023,11,พ.ย.,2023-11,86,ชุมพร,16
2566,2023,11,พ.ย.,2023-11,90,สงขลา,1
2566,2023,11,พ.ย.,2023-11,91,สตูล,0
2566,2023,11,พ.ย.,2023-11,92,ตรัง,0
2566,2023,11,พ.ย.,2023-11,93,พัทลุง,1
2566,2023,11,พ.ย.,2023-11,94,ปัตตานี,4
2566,2023,11,พ.ย.,2023-11,95,ยะลา,4
2566,2023,11,พ.ย.,2023-11,96,นราธิวาส,2
2566,2023,12,ธ.ค.,2023-12,10,กรุงเทพฯ,2
2566,2023,12,ธ.ค.,2023-12,11,สมุทรปราการ,0
2566,2023,12,ธ.ค.,2023-12,12,นนทบุรี,0
2566,2023,12,ธ.ค.,2023-12,13,ปทุมธานี,0
2566,2023,12,ธ.ค.,2023-12,14,พระนครศรีอยุธยา,0
2566,2023,12,ธ.ค.,2023-12,15,อ่างทอง,0
2566,2023,12,ธ.ค.,2023-12,16,ลพบุรี,0
2566,2023,12,ธ.ค.,2023-12,17,สิงห์บุรี,0
2566,2023,12,ธ.ค.,2023-12,18,ชัยนาท,0
2566,2023,12,ธ.ค.,2023-12,19,สระบุรี,1
2566,2023,12,ธ.ค.,2023-12,20,ชลบุรี,2
2566,2023,12,ธ.ค.,2023-12,21,ระยอง,1
2566,2023,12,ธ.ค.,2023-12,22,จันทบุรี,0
2566,2023,12,ธ.ค.,2023-12,23,ตราด,5
2566,2023,12,ธ.ค.,2023-12,24,ฉะเชิงเทรา,0
2566,2023,12,ธ.ค.,2023-12,25,ปราจีนบุรี,0
2566,2023,12,ธ.ค.,2023-12,26,นครนายก,0
2566,2023,12,ธ.ค.,2023-12,27,สระแก้ว,0
2566,2023,12,ธ.ค.,2023-12,30,นครราชสีมา,0
2566,2023,12,ธ.ค.,2023-12,31,บุรีรัมย์,0
2566,2023,12,ธ.ค.,2023-12,32,สุรินทร์,0
2566,2023,12,ธ.ค.,2023-12,33,ศรีสะเกษ,0
2566,2023,12,ธ.ค.,2023-12,34,อุบลราชธานี,0
2566,2023,12,ธ.ค.,2023-12,35,ยโสธร,0
2566,2023,12,ธ.ค.,2023-12,36,ชัยภูมิ,0
2566,2023,12,ธ.ค.,2023-12,37,อำนาจเจริญ,0
2566,2023,12,ธ.ค.,2023-12,38,บึงกาฬ,0
2566,2023,12,ธ.ค.,2023-12,39,หนองบัวลำภู,0
2566,2023,12,ธ.ค.,2023-12,40,ขอนแก่น,0
2566,2023,12,ธ.ค.,2023-12,41,อุดรธานี,0
2566,2023,12,ธ.ค.,2023-12,42,เลย,0
2566,2023,12,ธ.ค.,2023-12,43,หนองคาย,0
2566,2023,12,ธ.ค.,2023-12,44,มหาสารคาม,0
2566,2023,12,ธ.ค.,2023-12,45,ร้อยเอ็ด,0
2566,2023,12,ธ.ค.,2023-12,46,กาฬสินธุ์,0
2566,2023,12,ธ.ค.,2023-12,47,สกลนคร,0
2566,2023,12,ธ.ค.,2023-12,48,นครพนม,0
2566,2023,12,ธ.ค.,2023-12,49,มุกดาหาร,0
2566,2023,12,ธ.ค.,2023-12,50,เชียงใหม่,6
2566,2023,12,ธ.ค.,2023-12,51,ลำพูน,1
2566,2023,12,ธ.ค.,2023-12,52,ลำปาง,2
2566,2023,12,ธ.ค.,2023-12,53,อุตรดิตถ์,0
2566,2023,12,ธ.ค.,2023-12,54,แพร่,0
2566,2023,12,ธ.ค.,2023-12,55,น่าน,2
2566,2023,12,ธ.ค.,2023-12,56,พะเยา,0
2566,2023,12,ธ.ค.,2023-12,57,เชียงราย,0
2566,2023,12,ธ.ค.,2023-12,58,แม่ฮ่องสอน,97
2566,2023,12,ธ.ค.,2023-12,60,นครสวรรค์,0
2566,2023,12,ธ.ค.,2023-12,61,อุทัยธานี,0
2566,2023,12,ธ.ค.,2023-12,62,กำแพงเพชร,0
2566,2023,12,ธ.ค.,2023-12,63,ตาก,592
2566,2023,12,ธ.ค.,2023-12,64,สุโขทัย,0
2566,2023,12,ธ.ค.,2023-12,65,พิษณุโลก,10
2566,2023,12,ธ.ค.,2023-12,66,พิจิตร,0
2566,2023,12,ธ.ค.,2023-12,67,เพชรบูรณ์,0
2566,2023,12,ธ.ค.,2023-12,70,ราชบุรี,16
2566,2023,12,ธ.ค.,2023-12,71,กาญจนบุรี,57
2566,2023,12,ธ.ค.,2023-12,72,สุพรรณบุรี,0
2566,2023,12,ธ.ค.,2023-12,73,นครปฐม,0
2566,2023,12,ธ.ค.,2023-12,74,สมุทรสาคร,0
2566,2023,12,ธ.ค.,2023-12,75,สมุทรสงคราม,0
2566,2023,12,ธ.ค.,2023-12,76,เพชรบุรี,4
2566,2023,12,ธ.ค.,2023-12,77,ประจวบคีรีขันธ์,30
2566,2023,12,ธ.ค.,2023-12,80,นครศรีธรรมราช,0
2566,2023,12,ธ.ค.,2023-12,81,กระบี่,0
2566,2023,12,ธ.ค.,2023-12,82,พังงา,1
2566,2023,12,ธ.ค.,2023-12,83,ภูเก็ต,0
2566,2023,12,ธ.ค.,2023-12,84,สุราษฎร์ธานี,1
2566,2023,12,ธ.ค.,2023-12,85,ระนอง,6
2566,2023,12,ธ.ค.,2023-12,86,ชุมพร,9
2566,2023,12,ธ.ค.,2023-12,90,สงขลา,0
2566,2023,12,ธ.ค.,2023-12,91,สตูล,0
2566,2023,12,ธ.ค.,2023-12,92,ตรัง,1
2566,2023,12,ธ.ค.,2023-12,93,พัทลุง,0
2566,2023,12,ธ.ค.,2023-12,94,ปัตตานี,1
2566,2023,12,ธ.ค.,2023-12,95,ยะลา,6
2566,2023,12,ธ.ค.,2023-12,96,นราธิวาส,0
2567,2024,1,ม.ค.,2024-01,10,กรุงเทพฯ,1
2567,2024,1,ม.ค.,2024-01,11,สมุทรปราการ,0
2567,2024,1,ม.ค.,2024-01,12,นนทบุรี,0
2567,2024,1,ม.ค.,2024-01,13,ปทุมธานี,0
2567,2024,1,ม.ค.,2024-01,14,พระนครศรีอยุธยา,0
2567,2024,1,ม.ค.,2024-01,15,อ่างทอง,0
2567,2024,1,ม.ค.,2024-01,16,ลพบุรี,0
2567,2024,1,ม.ค.,2024-01,17,สิงห์บุรี,0
2567,2024,1,ม.ค.,2024-01,18,ชัยนาท,0
2567,2024,1,ม.ค.,2024-01,19,สระบุรี,0
2567,2024,1,ม.ค.,2024-01,20,ชลบุรี,1
2567,2024,1,ม.ค.,2024-01,21,ระยอง,1
2567,2024,1,ม.ค.,2024-01,22,จันทบุรี,2
2567,2024,1,ม.ค.,2024-01,23,ตราด,0
2567,2024,1,ม.ค.,2024-01,24,ฉะเชิงเทรา,0
2567,2024,1,ม.ค.,2024-01,25,ปราจีนบุรี,0
2567,2024,1,ม.ค.,2024-01,26,นครนายก,0
2567,2024,1,ม.ค.,2024-01,27,สระแก้ว,0
2567,2024,1,ม.ค.,2024-01,30,นครราชสีมา,0
2567,2024,1,ม.ค.,2024-01,31,บุรีรัมย์,0
2567,2024,1,ม.ค.,2024-01,32,สุรินทร์,0
2567,2024,1,ม.ค.,2024-01,33,ศรีสะเกษ,0
2567,2024,1,ม.ค.,2024-01,34,อุบลราชธานี,1
2567,2024,1,ม.ค.,2024-01,35,ยโสธร,0
2567,2024,1,ม.ค.,2024-01,36,ชัยภูมิ,0
2567,2024,1,ม.ค.,2024-01,37,อำนาจเจริญ,0
2567,2024,1,ม.ค.,2024-01,38,บึงกาฬ,0
2567,2024,1,ม.ค.,2024-01,39,หนองบัวลำภู,0
2567,2024,1,ม.ค.,2024-01,40,ขอนแก่น,0
2567,2024,1,ม.ค.,2024-01,41,อุดรธานี,0
2567,2024,1,ม.ค.,2024-01,42,เลย,0
2567,2024,1,ม.ค.,2024-01,43,หนองคาย,0
2567,2024,1,ม.ค.,2024-01,44,มหาสารคาม,0
2567,2024,1,ม.ค.,2024-01,45,ร้อยเอ็ด,0
2567,2024,1,ม.ค.,2024-01,46,กาฬสินธุ์,0
2567,2024,1,ม.ค.,2024-01,47,สกลนคร,0
2567,2024,1,ม.ค.,2024-01,48,นครพนม,0
2567,2024,1,ม.ค.,2024-01,49,มุกดาหาร,0
2567,2024,1,ม.ค.,2024-01,50,เชียงใหม่,6
2567,2024,1,ม.ค.,2024-01,51,ลำพูน,1
2567,2024,1,ม.ค.,2024-01,52,ลำปาง,0
2567,2024,1,ม.ค.,2024-01,53,อุตรดิตถ์,1
2567,2024,1,ม.ค.,2024-01,54,แพร่,0
2567,2024,1,ม.ค.,2024-01,55,น่าน,0
2567,2024,1,ม.ค.,2024-01,56,พะเยา,0
2567,2024,1,ม.ค.,2024-01,57,เชียงราย,0
2567,2024,1,ม.ค.,2024-01,58,แม่ฮ่องสอน,102
2567,2024,1,ม.ค.,2024-01,60,นครสวรรค์,0
2567,2024,1,ม.ค.,2024-01,61,อุทัยธานี,3
2567,2024,1,ม.ค.,2024-01,62,กำแพงเพชร,1
2567,2024,1,ม.ค.,2024-01,63,ตาก,568
2567,2024,1,ม.ค.,2024-01,64,สุโขทัย,0
2567,2024,1,ม.ค.,2024-01,65,พิษณุโลก,6
2567,2024,1,ม.ค.,2024-01,66,พิจิตร,0
2567,2024,1,ม.ค.,2024-01,67,เพชรบูรณ์,0
2567,2024,1,ม.ค.,2024-01,70,ราชบุรี,22
2567,2024,1,ม.ค.,2024-01,71,กาญจนบุรี,63
2567,2024,1,ม.ค.,2024-01,72,สุพรรณบุรี,3
2567,2024,1,ม.ค.,2024-01,73,นครปฐม,0
2567,2024,1,ม.ค.,2024-01,74,สมุทรสาคร,0
2567,2024,1,ม.ค.,2024-01,75,สมุทรสงคราม,0
2567,2024,1,ม.ค.,2024-01,76,เพชรบุรี,12
2567,2024,1,ม.ค.,2024-01,77,ประจวบคีรีขันธ์,32
2567,2024,1,ม.ค.,2024-01,80,นครศรีธรรมราช,0
2567,2024,1,ม.ค.,2024-01,81,กระบี่,1
2567,2024,1,ม.ค.,2024-01,82,พังงา,6
2567,2024,1,ม.ค.,2024-01,83,ภูเก็ต,0
2567,2024,1,ม.ค.,2024-01,84,สุราษฎร์ธานี,0
2567,2024,1,ม.ค.,2024-01,85,ระนอง,18
2567,2024,1,ม.ค.,2024-01,86,ชุมพร,6
2567,2024,1,ม.ค.,2024-01,90,สงขลา,3
2567,2024,1,ม.ค.,2024-01,91,สตูล,1
2567,2024,1,ม.ค.,2024-01,92,ตรัง,0
2567,2024,1,ม.ค.,2024-01,93,พัทลุง,0
2567,2024,1,ม.ค.,2024-01,94,ปัตตานี,0
2567,2024,1,ม.ค.,2024-01,95,ยะลา,3
2567,2024,1,ม.ค.,2024-01,96,นราธิวาส,2
2567,2024,2,ก.พ.,2024-02,10,กรุงเทพฯ,1
2567,2024,2,ก.พ.,2024-02,11,สมุทรปราการ,2
2567,2024,2,ก.พ.,2024-02,12,นนทบุรี,0
2567,2024,2,ก.พ.,2024-02,13,ปทุมธานี,1
2567,2024,2,ก.พ.,2024-02,14,พระนครศรีอยุธยา,0
2567,2024,2,ก.พ.,2024-02,15,อ่างทอง,0
2567,2024,2,ก.พ.,2024-02,16,ลพบุรี,0
2567,2024,2,ก.พ.,2024-02,17,สิงห์บุรี,0
2567,2024,2,ก.พ.,2024-02,18,ชัยนาท,0
2567,2024,2,ก.พ.,2024-02,19,สระบุรี,1
2567,2024,2,ก.พ.,2024-02,20,ชลบุรี,3
2567,2024,2,ก.พ.,2024-02,21,ระยอง,0
2567,2024,2,ก.พ.,2024-02,22,จันทบุรี,2
2567,2024,2,ก.พ.,2024-02,23,ตราด,1
2567,2024,2,ก.พ.,2024-02,24,ฉะเชิงเทรา,0
2567,2024,2,ก.พ.,2024-02,25,ปราจีนบุรี,0
2567,2024,2,ก.พ.,2024-02,26,นครนายก,0
2567,2024,2,ก.พ.,2024-02,27,สระแก้ว,1
2567,2024,2,ก.พ.,2024-02,30,นครราชสีมา,0
2567,2024,2,ก.พ.,2024-02,31,บุรีรัมย์,0
2567,2024,2,ก.พ.,2024-02,32,สุรินทร์,0
2567,2024,2,ก.พ.,2024-02,33,ศรีสะเกษ,0
2567,2024,2,ก.พ.,2024-02,34,อุบลราชธานี,3
2567,2024,2,ก.พ.,2024-02,35,ยโสธร,0
2567,2024,2,ก.พ.,2024-02,36,ชัยภูมิ,0
2567,2024,2,ก.พ.,2024-02,37,อำนาจเจริญ,0
2567,2024,2,ก.พ.,2024-02,38,บึงกาฬ,0
2567,2024,2,ก.พ.,2024-02,39,หนองบัวลำภู,1
2567,2024,2,ก.พ.,2024-02,40,ขอนแก่น,0
2567,2024,2,ก.พ.,2024-02,41,อุดรธานี,0
2567,2024,2,ก.พ.,2024-02,42,เลย,0
2567,2024,2,ก.พ.,2024-02,43,หนองคาย,0
2567,2024,2,ก.พ.,2024-02,44,มหาสารคาม,0
2567,2024,2,ก.พ.,2024-02,45,ร้อยเอ็ด,0
2567,2024,2,ก.พ.,2024-02,46,กาฬสินธุ์,0
2567,2024,2,ก.พ.,2024-02,47,สกลนคร,0
2567,2024,2,ก.พ.,2024-02,48,นครพนม,0
2567,2024,2,ก.พ.,2024-02,49,มุกดาหาร,0
2567,2024,2,ก.พ.,2024-02,50,เชียงใหม่,6
2567,2024,2,ก.พ.,2024-02,51,ลำพูน,1
2567,2024,2,ก.พ.,2024-02,52,ลำปาง,0
2567,2024,2,ก.พ.,2024-02,53,อุตรดิตถ์,0
2567,2024,2,ก.พ.,2024-02,54,แพร่,0
2567,2024,2,ก.พ.,2024-02,55,น่าน,0
2567,2024,2,ก.พ.,2024-02,56,พะเยา,0
2567,2024,2,ก.พ.,2024-02,57,เชียงราย,1
2567,2024,2,ก.พ.,2024-02,58,แม่ฮ่องสอน,62
2567,2024,2,ก.พ.,2024-02,60,นครสวรรค์,1
2567,2024,2,ก.พ.,2024-02,61,อุทัยธานี,0
2567,2024,2,ก.พ.,2024-02,62,กำแพงเพชร,0
2567,2024,2,ก.พ.,2024-02,63,ตาก,385
2567,2024,2,ก.พ.,2024-02,64,สุโขทัย,0
2567,2024,2,ก.พ.,2024-02,65,พิษณุโลก,0
2567,2024,2,ก.พ.,2024-02,66,พิจิตร,0
2567,2024,2,ก.พ.,2024-02,67,เพชรบูรณ์,0
2567,2024,2,ก.พ.,2024-02,70,ราชบุรี,26
2567,2024,2,ก.พ.,2024-02,71,กาญจนบุรี,48
2567,2024,2,ก.พ.,2024-02,72,สุพรรณบุรี,3
2567,2024,2,ก.พ.,2024-02,73,นครปฐม,0
2567,2024,2,ก.พ.,2024-02,74,สมุทรสาคร,0
2567,2024,2,ก.พ.,2024-02,75,สมุทรสงคราม,0
2567,2024,2,ก.พ.,2024-02,76,เพชรบุรี,7
2567,2024,2,ก.พ.,2024-02,77,ประจวบคีรีขันธ์,47
2567,2024,2,ก.พ.,2024-02,80,นครศรีธรรมราช,0
2567,2024,2,ก.พ.,2024-02,81,กระบี่,0
2567,2024,2,ก.พ.,2024-02,82,พังงา,0
2567,2024,2,ก.พ.,2024-02,83,ภูเก็ต,0
2567,2024,2,ก.พ.,2024-02,84,สุราษฎร์ธานี,1
2567,2024,2,ก.พ.,2024-02,85,ระนอง,40
2567,2024,2,ก.พ.,2024-02,86,ชุมพร,9
2567,2024,2,ก.พ.,2024-02,90,สงขลา,3
2567,2024,2,ก.พ.,2024-02,91,สตูล,0
2567,2024,2,ก.พ.,2024-02,92,ตรัง,0
2567,2024,2,ก.พ.,2024-02,93,พัทลุง,0
2567,2024,2,ก.พ.,2024-02,94,ปัตตานี,1
2567,2024,2,ก.พ.,2024-02,95,ยะลา,2
2567,2024,2,ก.พ.,2024-02,96,นราธิวาส,0
2567,2024,3,มี.ค.,2024-03,10,กรุงเทพฯ,5
2567,2024,3,มี.ค.,2024-03,11,สมุทรปราการ,1
2567,2024,3,มี.ค.,2024-03,12,นนทบุรี,0
2567,2024,3,มี.ค.,2024-03,13,ปทุมธานี,0
2567,2024,3,มี.ค.,2024-03,14,พระนครศรีอยุธยา,0
2567,2024,3,มี.ค.,2024-03,15,อ่างทอง,0
2567,2024,3,มี.ค.,2024-03,16,ลพบุรี,0
2567,2024,3,มี.ค.,2024-03,17,สิงห์บุรี,0
2567,2024,3,มี.ค.,2024-03,18,ชัยนาท,0
2567,2024,3,มี.ค.,2024-03,19,สระบุรี,0
2567,2024,3,มี.ค.,2024-03,20,ชลบุรี,2
2567,2024,3,มี.ค.,2024-03,21,ระยอง,2
2567,2024,3,มี.ค.,2024-03,22,จันทบุรี,1
2567,2024,3,มี.ค.,2024-03,23,ตราด,0
2567,2024,3,มี.ค.,2024-03,24,ฉะเชิงเทรา,0
2567,2024,3,มี.ค.,2024-03,25,ปราจีนบุรี,0
2567,2024,3,มี.ค.,2024-03,26,นครนายก,0
2567,2024,3,มี.ค.,2024-03,27,สระแก้ว,0
2567,2024,3,มี.ค.,2024-03,30,นครราชสีมา,1
2567,2024,3,มี.ค.,2024-03,31,บุรีรัมย์,1
2567,2024,3,มี.ค.,2024-03,32,สุรินทร์,0
2567,2024,3,มี.ค.,2024-03,33,ศรีสะเกษ,0
2567,2024,3,มี.ค.,2024-03,34,อุบลราชธานี,0
2567,2024,3,มี.ค.,2024-03,35,ยโสธร,0
2567,2024,3,มี.ค.,2024-03,36,ชัยภูมิ,0
2567,2024,3,มี.ค.,2024-03,37,อำนาจเจริญ,0
2567,2024,3,มี.ค.,2024-03,38,บึงกาฬ,0
2567,2024,3,มี.ค.,2024-03,39,หนองบัวลำภู,2
2567,2024,3,มี.ค.,2024-03,40,ขอนแก่น,0
2567,2024,3,มี.ค.,2024-03,41,อุดรธานี,0
2567,2024,3,มี.ค.,2024-03,42,เลย,0
2567,2024,3,มี.ค.,2024-03,43,หนองคาย,0
2567,2024,3,มี.ค.,2024-03,44,มหาสารคาม,0
2567,2024,3,มี.ค.,2024-03,45,ร้อยเอ็ด,0
2567,2024,3,มี.ค.,2024-03,46,กาฬสินธุ์,0
2567,2024,3,มี.ค.,2024-03,47,สกลนคร,0
2567,2024,3,มี.ค.,2024-03,48,นครพนม,0
2567,2024,3,มี.ค.,2024-03,49,มุกดาหาร,0
2567,2024,3,มี.ค.,2024-03,50,เชียงใหม่,4
2567,2024,3,มี.ค.,2024-03,51,ลำพูน,0
2567,2024,3,มี.ค.,2024-03,52,ลำปาง,0
2567,2024,3,มี.ค.,2024-03,53,อุตรดิตถ์,0
2567,2024,3,มี.ค.,2024-03,54,แพร่,0
2567,2024,3,มี.ค.,2024-03,55,น่าน,0
2567,2024,3,มี.ค.,2024-03,56,พะเยา,0
2567,2024,3,มี.ค.,2024-03,57,เชียงราย,1
2567,2024,3,มี.ค.,2024-03,58,แม่ฮ่องสอน,74
2567,2024,3,มี.ค.,2024-03,60,นครสวรรค์,0
2567,2024,3,มี.ค.,2024-03,61,อุทัยธานี,5
2567,2024,3,มี.ค.,2024-03,62,กำแพงเพชร,2
2567,2024,3,มี.ค.,2024-03,63,ตาก,441
2567,2024,3,มี.ค.,2024-03,64,สุโขทัย,0
2567,2024,3,มี.ค.,2024-03,65,พิษณุโลก,0
2567,2024,3,มี.ค.,2024-03,66,พิจิตร,0
2567,2024,3,มี.ค.,2024-03,67,เพชรบูรณ์,0
2567,2024,3,มี.ค.,2024-03,70,ราชบุรี,20
2567,2024,3,มี.ค.,2024-03,71,กาญจนบุรี,74
2567,2024,3,มี.ค.,2024-03,72,สุพรรณบุรี,3
2567,2024,3,มี.ค.,2024-03,73,นครปฐม,0
2567,2024,3,มี.ค.,2024-03,74,สมุทรสาคร,0
2567,2024,3,มี.ค.,2024-03,75,สมุทรสงคราม,0
2567,2024,3,มี.ค.,2024-03,76,เพชรบุรี,20
2567,2024,3,มี.ค.,2024-03,77,ประจวบคีรีขันธ์,54
2567,2024,3,มี.ค.,2024-03,80,นครศรีธรรมราช,0
2567,2024,3,มี.ค.,2024-03,81,กระบี่,1
2567,2024,3,มี.ค.,2024-03,82,พังงา,1
2567,2024,3,มี.ค.,2024-03,83,ภูเก็ต,1
2567,2024,3,มี.ค.,2024-03,84,สุราษฎร์ธานี,2
2567,2024,3,มี.ค.,2024-03,85,ระนอง,55
2567,2024,3,มี.ค.,2024-03,86,ชุมพร,22
2567,2024,3,มี.ค.,2024-03,90,สงขลา,2
2567,2024,3,มี.ค.,2024-03,91,สตูล,0
2567,2024,3,มี.ค.,2024-03,92,ตรัง,1
2567,2024,3,มี.ค.,2024-03,93,พัทลุง,0
2567,2024,3,มี.ค.,2024-03,94,ปัตตานี,0
2567,2024,3,มี.ค.,2024-03,95,ยะลา,7
2567,2024,3,มี.ค.,2024-03,96,นราธิวาส,1
2567,2024,4,เม.ย.,2024-04,10,กรุงเทพฯ,4
2567,2024,4,เม.ย.,2024-04,11,สมุทรปราการ,0
2567,2024,4,เม.ย.,2024-04,12,นนทบุรี,0
2567,2024,4,เม.ย.,2024-04,13,ปทุมธานี,0
2567,2024,4,เม.ย.,2024-04,14,พระนครศรีอยุธยา,0
2567,2024,4,เม.ย.,2024-04,15,อ่างทอง,0
2567,2024,4,เม.ย.,2024-04,16,ลพบุรี,0
2567,2024,4,เม.ย.,2024-04,17,สิงห์บุรี,0
2567,2024,4,เม.ย.,2024-04,18,ชัยนาท,0
2567,2024,4,เม.ย.,2024-04,19,สระบุรี,1
2567,2024,4,เม.ย.,2024-04,20,ชลบุรี,2
2567,2024,4,เม.ย.,2024-04,21,ระยอง,0
2567,2024,4,เม.ย.,2024-04,22,จันทบุรี,3
2567,2024,4,เม.ย.,2024-04,23,ตราด,1
2567,2024,4,เม.ย.,2024-04,24,ฉะเชิงเทรา,0
2567,2024,4,เม.ย.,2024-04,25,ปราจีนบุรี,1
2567,2024,4,เม.ย.,2024-04,26,นครนายก,0
2567,2024,4,เม.ย.,2024-04,27,สระแก้ว,0
2567,2024,4,เม.ย.,2024-04,30,นครราชสีมา,0
2567,2024,4,เม.ย.,2024-04,31,บุรีรัมย์,0
2567,2024,4,เม.ย.,2024-04,32,สุรินทร์,0
2567,2024,4,เม.ย.,2024-04,33,ศรีสะเกษ,1
2567,2024,4,เม.ย.,2024-04,34,อุบลราชธานี,0
2567,2024,4,เม.ย.,2024-04,35,ยโสธร,0
2567,2024,4,เม.ย.,2024-04,36,ชัยภูมิ,0
2567,2024,4,เม.ย.,2024-04,37,อำนาจเจริญ,0
2567,2024,4,เม.ย.,2024-04,38,บึงกาฬ,0
2567,2024,4,เม.ย.,2024-04,39,หนองบัวลำภู,1
2567,2024,4,เม.ย.,2024-04,40,ขอนแก่น,0
2567,2024,4,เม.ย.,2024-04,41,อุดรธานี,0
2567,2024,4,เม.ย.,2024-04,42,เลย,0
2567,2024,4,เม.ย.,2024-04,43,หนองคาย,0
2567,2024,4,เม.ย.,2024-04,44,มหาสารคาม,0
2567,2024,4,เม.ย.,2024-04,45,ร้อยเอ็ด,0
2567,2024,4,เม.ย.,2024-04,46,กาฬสินธุ์,0
2567,2024,4,เม.ย.,2024-04,47,สกลนคร,0
2567,2024,4,เม.ย.,2024-04,48,นครพนม,0
2567,2024,4,เม.ย.,2024-04,49,มุกดาหาร,0
2567,2024,4,เม.ย.,2024-04,50,เชียงใหม่,2
2567,2024,4,เม.ย.,2024-04,51,ลำพูน,0
2567,2024,4,เม.ย.,2024-04,52,ลำปาง,0
2567,2024,4,เม.ย.,2024-04,53,อุตรดิตถ์,0
2567,2024,4,เม.ย.,2024-04,54,แพร่,1
2567,2024,4,เม.ย.,2024-04,55,น่าน,1
2567,2024,4,เม.ย.,2024-04,56,พะเยา,0
2567,2024,4,เม.ย.,2024-04,57,เชียงราย,0
2567,2024,4,เม.ย.,2024-04,58,แม่ฮ่องสอน,108
2567,2024,4,เม.ย.,2024-04,60,นครสวรรค์,0
2567,2024,4,เม.ย.,2024-04,61,อุทัยธานี,5
2567,2024,4,เม.ย.,2024-04,62,กำแพงเพชร,2
2567,2024,4,เม.ย.,2024-04,63,ตาก,487
2567,2024,4,เม.ย.,2024-04,64,สุโขทัย,0
2567,2024,4,เม.ย.,2024-04,65,พิษณุโลก,0
2567,2024,4,เม.ย.,2024-04,66,พิจิตร,0
2567,2024,4,เม.ย.,2024-04,67,เพชรบูรณ์,0
2567,2024,4,เม.ย.,2024-04,70,ราชบุรี,48
2567,2024,4,เม.ย.,2024-04,71,กาญจนบุรี,107
2567,2024,4,เม.ย.,2024-04,72,สุพรรณบุรี,1
2567,2024,4,เม.ย.,2024-04,73,นครปฐม,0
2567,2024,4,เม.ย.,2024-04,74,สมุทรสาคร,1
2567,2024,4,เม.ย.,2024-04,75,สมุทรสงคราม,0
2567,2024,4,เม.ย.,2024-04,76,เพชรบุรี,13
2567,2024,4,เม.ย.,2024-04,77,ประจวบคีรีขันธ์,83
2567,2024,4,เม.ย.,2024-04,80,นครศรีธรรมราช,1
2567,2024,4,เม.ย.,2024-04,81,กระบี่,1
2567,2024,4,เม.ย.,2024-04,82,พังงา,1
2567,2024,4,เม.ย.,2024-04,83,ภูเก็ต,0
2567,2024,4,เม.ย.,2024-04,84,สุราษฎร์ธานี,5
2567,2024,4,เม.ย.,2024-04,85,ระนอง,94
2567,2024,4,เม.ย.,2024-04,86,ชุมพร,28
2567,2024,4,เม.ย.,2024-04,90,สงขลา,1
2567,2024,4,เม.ย.,2024-04,91,สตูล,0
2567,2024,4,เม.ย.,2024-04,92,ตรัง,3
2567,2024,4,เม.ย.,2024-04,93,พัทลุง,0
2567,2024,4,เม.ย.,2024-04,94,ปัตตานี,0
2567,2024,4,เม.ย.,2024-04,95,ยะลา,9
2567,2024,4,เม.ย.,2024-04,96,นราธิวาส,1
2567,2024,5,พ.ค.,2024-05,10,กรุงเทพฯ,9
2567,2024,5,พ.ค.,2024-05,11,สมุทรปราการ,1
2567,2024,5,พ.ค.,2024-05,12,นนทบุรี,1
2567,2024,5,พ.ค.,2024-05,13,ปทุมธานี,1
2567,2024,5,พ.ค.,2024-05,14,พระนครศรีอยุธยา,1
2567,2024,5,พ.ค.,2024-05,15,อ่างทอง,0
2567,2024,5,พ.ค.,2024-05,16,ลพบุรี,0
2567,2024,5,พ.ค.,2024-05,17,สิงห์บุรี,0
2567,2024,5,พ.ค.,2024-05,18,ชัยนาท,0
2567,2024,5,พ.ค.,2024-05,19,สระบุรี,0
2567,2024,5,พ.ค.,2024-05,20,ชลบุรี,1
2567,2024,5,พ.ค.,2024-05,21,ระยอง,0
2567,2024,5,พ.ค.,2024-05,22,จันทบุรี,1
2567,2024,5,พ.ค.,2024-05,23,ตราด,1
2567,2024,5,พ.ค.,2024-05,24,ฉะเชิงเทรา,0
2567,2024,5,พ.ค.,2024-05,25,ปราจีนบุรี,0
2567,2024,5,พ.ค.,2024-05,26,นครนายก,0
2567,2024,5,พ.ค.,2024-05,27,สระแก้ว,0
2567,2024,5,พ.ค.,2024-05,30,นครราชสีมา,0
2567,2024,5,พ.ค.,2024-05,31,บุรีรัมย์,0
2567,2024,5,พ.ค.,2024-05,32,สุรินทร์,0
2567,2024,5,พ.ค.,2024-05,33,ศรีสะเกษ,0
2567,2024,5,พ.ค.,2024-05,34,อุบลราชธานี,0
2567,2024,5,พ.ค.,2024-05,35,ยโสธร,0
2567,2024,5,พ.ค.,2024-05,36,ชัยภูมิ,2
2567,2024,5,พ.ค.,2024-05,37,อำนาจเจริญ,0
2567,2024,5,พ.ค.,2024-05,38,บึงกาฬ,0
2567,2024,5,พ.ค.,2024-05,39,หนองบัวลำภู,0
2567,2024,5,พ.ค.,2024-05,40,ขอนแก่น,2
2567,2024,5,พ.ค.,2024-05,41,อุดรธานี,0
2567,2024,5,พ.ค.,2024-05,42,เลย,0
2567,2024,5,พ.ค.,2024-05,43,หนองคาย,0
2567,2024,5,พ.ค.,2024-05,44,มหาสารคาม,0
2567,2024,5,พ.ค.,2024-05,45,ร้อยเอ็ด,1
2567,2024,5,พ.ค.,2024-05,46,กาฬสินธุ์,0
2567,2024,5,พ.ค.,2024-05,47,สกลนคร,0
2567,2024,5,พ.ค.,2024-05,48,นครพนม,0
2567,2024,5,พ.ค.,2024-05,49,มุกดาหาร,0
2567,2024,5,พ.ค.,2024-05,50,เชียงใหม่,10
2567,2024,5,พ.ค.,2024-05,51,ลำพูน,1
2567,2024,5,พ.ค.,2024-05,52,ลำปาง,1
2567,2024,5,พ.ค.,2024-05,53,อุตรดิตถ์,1
2567,2024,5,พ.ค.,2024-05,54,แพร่,2
2567,2024,5,พ.ค.,2024-05,55,น่าน,0
2567,2024,5,พ.ค.,2024-05,56,พะเยา,0
2567,2024,5,พ.ค.,2024-05,57,เชียงราย,0
2567,2024,5,พ.ค.,2024-05,58,แม่ฮ่องสอน,224
2567,2024,5,พ.ค.,2024-05,60,นครสวรรค์,1
2567,2024,5,พ.ค.,2024-05,61,อุทัยธานี,9
2567,2024,5,พ.ค.,2024-05,62,กำแพงเพชร,4
2567,2024,5,พ.ค.,2024-05,63,ตาก,700
2567,2024,5,พ.ค.,2024-05,64,สุโขทัย,1
2567,2024,5,พ.ค.,2024-05,65,พิษณุโลก,2
2567,2024,5,พ.ค.,2024-05,66,พิจิตร,0
2567,2024,5,พ.ค.,2024-05,67,เพชรบูรณ์,0
2567,2024,5,พ.ค.,2024-05,70,ราชบุรี,64
2567,2024,5,พ.ค.,2024-05,71,กาญจนบุรี,182
2567,2024,5,พ.ค.,2024-05,72,สุพรรณบุรี,3
2567,2024,5,พ.ค.,2024-05,73,นครปฐม,1
2567,2024,5,พ.ค.,2024-05,74,สมุทรสาคร,3
2567,2024,5,พ.ค.,2024-05,75,สมุทรสงคราม,0
2567,2024,5,พ.ค.,2024-05,76,เพชรบุรี,44
2567,2024,5,พ.ค.,2024-05,77,ประจวบคีรีขันธ์,185
2567,2024,5,พ.ค.,2024-05,80,นครศรีธรรมราช,8
2567,2024,5,พ.ค.,2024-05,81,กระบี่,0
2567,2024,5,พ.ค.,2024-05,82,พังงา,3
2567,2024,5,พ.ค.,2024-05,83,ภูเก็ต,0
2567,2024,5,พ.ค.,2024-05,84,สุราษฎร์ธานี,5
2567,2024,5,พ.ค.,2024-05,85,ระนอง,46
2567,2024,5,พ.ค.,2024-05,86,ชุมพร,72
2567,2024,5,พ.ค.,2024-05,90,สงขลา,1
2567,2024,5,พ.ค.,2024-05,91,สตูล,0
2567,2024,5,พ.ค.,2024-05,92,ตรัง,1
2567,2024,5,พ.ค.,2024-05,93,พัทลุง,0
2567,2024,5,พ.ค.,2024-05,94,ปัตตานี,0
2567,2024,5,พ.ค.,2024-05,95,ยะลา,2
2567,2024,5,พ.ค.,2024-05,96,นราธิวาส,0
2567,2024,6,มิ.ย.,2024-06,10,กรุงเทพฯ,12
2567,2024,6,มิ.ย.,2024-06,11,สมุทรปราการ,4
2567,2024,6,มิ.ย.,2024-06,12,นนทบุรี,0
2567,2024,6,มิ.ย.,2024-06,13,ปทุมธานี,2
2567,2024,6,มิ.ย.,2024-06,14,พระนครศรีอยุธยา,0
2567,2024,6,มิ.ย.,2024-06,15,อ่างทอง,1
2567,2024,6,มิ.ย.,2024-06,16,ลพบุรี,0
2567,2024,6,มิ.ย.,2024-06,17,สิงห์บุรี,0
2567,2024,6,มิ.ย.,2024-06,18,ชัยนาท,0
2567,2024,6,มิ.ย.,2024-06,19,สระบุรี,4
2567,2024,6,มิ.ย.,2024-06,20,ชลบุรี,3
2567,2024,6,มิ.ย.,2024-06,21,ระยอง,3
2567,2024,6,มิ.ย.,2024-06,22,จันทบุรี,0
2567,2024,6,มิ.ย.,2024-06,23,ตราด,0
2567,2024,6,มิ.ย.,2024-06,24,ฉะเชิงเทรา,1
2567,2024,6,มิ.ย.,2024-06,25,ปราจีนบุรี,0
2567,2024,6,มิ.ย.,2024-06,26,นครนายก,0
2567,2024,6,มิ.ย.,2024-06,27,สระแก้ว,0
2567,2024,6,มิ.ย.,2024-06,30,นครราชสีมา,0
2567,2024,6,มิ.ย.,2024-06,31,บุรีรัมย์,0
2567,2024,6,มิ.ย.,2024-06,32,สุรินทร์,0
2567,2024,6,มิ.ย.,2024-06,33,ศรีสะเกษ,0
2567,2024,6,มิ.ย.,2024-06,34,อุบลราชธานี,0
2567,2024,6,มิ.ย.,2024-06,35,ยโสธร,0
2567,2024,6,มิ.ย.,2024-06,36,ชัยภูมิ,0
2567,2024,6,มิ.ย.,2024-06,37,อำนาจเจริญ,0
2567,2024,6,มิ.ย.,2024-06,38,บึงกาฬ,0
2567,2024,6,มิ.ย.,2024-06,39,หนองบัวลำภู,0
2567,2024,6,มิ.ย.,2024-06,40,ขอนแก่น,0
2567,2024,6,มิ.ย.,2024-06,41,อุดรธานี,0
2567,2024,6,มิ.ย.,2024-06,42,เลย,1
2567,2024,6,มิ.ย.,2024-06,43,หนองคาย,0
2567,2024,6,มิ.ย.,2024-06,44,มหาสารคาม,0
2567,2024,6,มิ.ย.,2024-06,45,ร้อยเอ็ด,1
2567,2024,6,มิ.ย.,2024-06,46,กาฬสินธุ์,0
2567,2024,6,มิ.ย.,2024-06,47,สกลนคร,0
2567,2024,6,มิ.ย.,2024-06,48,นครพนม,1
2567,2024,6,มิ.ย.,2024-06,49,มุกดาหาร,0
2567,2024,6,มิ.ย.,2024-06,50,เชียงใหม่,25
2567,2024,6,มิ.ย.,2024-06,51,ลำพูน,2
2567,2024,6,มิ.ย.,2024-06,52,ลำปาง,0
2567,2024,6,มิ.ย.,2024-06,53,อุตรดิตถ์,0
2567,2024,6,มิ.ย.,2024-06,54,แพร่,0
2567,2024,6,มิ.ย.,2024-06,55,น่าน,0
2567,2024,6,มิ.ย.,2024-06,56,พะเยา,0
2567,2024,6,มิ.ย.,2024-06,57,เชียงราย,0
2567,2024,6,มิ.ย.,2024-06,58,แม่ฮ่องสอน,318
2567,2024,6,มิ.ย.,2024-06,60,นครสวรรค์,4
2567,2024,6,มิ.ย.,2024-06,61,อุทัยธานี,19
2567,2024,6,มิ.ย.,2024-06,62,กำแพงเพชร,10
2567,2024,6,มิ.ย.,2024-06,63,ตาก,1216
2567,2024,6,มิ.ย.,2024-06,64,สุโขทัย,0
2567,2024,6,มิ.ย.,2024-06,65,พิษณุโลก,3
2567,2024,6,มิ.ย.,2024-06,66,พิจิตร,1
2567,2024,6,มิ.ย.,2024-06,67,เพชรบูรณ์,2
2567,2024,6,มิ.ย.,2024-06,70,ราชบุรี,273
2567,2024,6,มิ.ย.,2024-06,71,กาญจนบุรี,529
2567,2024,6,มิ.ย.,2024-06,72,สุพรรณบุรี,10
2567,2024,6,มิ.ย.,2024-06,73,นครปฐม,4
2567,2024,6,มิ.ย.,2024-06,74,สมุทรสาคร,4
2567,2024,6,มิ.ย.,2024-06,75,สมุทรสงคราม,1
2567,2024,6,มิ.ย.,2024-06,76,เพชรบุรี,134
2567,2024,6,มิ.ย.,2024-06,77,ประจวบคีรีขันธ์,467
2567,2024,6,มิ.ย.,2024-06,80,นครศรีธรรมราช,1
2567,2024,6,มิ.ย.,2024-06,81,กระบี่,4
2567,2024,6,มิ.ย.,2024-06,82,พังงา,19
2567,2024,6,มิ.ย.,2024-06,83,ภูเก็ต,1
2567,2024,6,มิ.ย.,2024-06,84,สุราษฎร์ธานี,7
2567,2024,6,มิ.ย.,2024-06,85,ระนอง,65
2567,2024,6,มิ.ย.,2024-06,86,ชุมพร,133
2567,2024,6,มิ.ย.,2024-06,90,สงขลา,2
2567,2024,6,มิ.ย.,2024-06,91,สตูล,0
2567,2024,6,มิ.ย.,2024-06,92,ตรัง,0
2567,2024,6,มิ.ย.,2024-06,93,พัทลุง,0
2567,2024,6,มิ.ย.,2024-06,94,ปัตตานี,1
2567,2024,6,มิ.ย.,2024-06,95,ยะลา,9
2567,2024,6,มิ.ย.,2024-06,96,นราธิวาส,0
2567,2024,7,ก.ค.,2024-07,10,กรุงเทพฯ,12
2567,2024,7,ก.ค.,2024-07,11,สมุทรปราการ,1
2567,2024,7,ก.ค.,2024-07,12,นนทบุรี,2
2567,2024,7,ก.ค.,2024-07,13,ปทุมธานี,0
2567,2024,7,ก.ค.,2024-07,14,พระนครศรีอยุธยา,1
2567,2024,7,ก.ค.,2024-07,15,อ่างทอง,0
2567,2024,7,ก.ค.,2024-07,16,ลพบุรี,2
2567,2024,7,ก.ค.,2024-07,17,สิงห์บุรี,0
2567,2024,7,ก.ค.,2024-07,18,ชัยนาท,0
2567,2024,7,ก.ค.,2024-07,19,สระบุรี,5
2567,2024,7,ก.ค.,2024-07,20,ชลบุรี,2
2567,2024,7,ก.ค.,2024-07,21,ระยอง,1
2567,2024,7,ก.ค.,2024-07,22,จันทบุรี,1
2567,2024,7,ก.ค.,2024-07,23,ตราด,0
2567,2024,7,ก.ค.,2024-07,24,ฉะเชิงเทรา,2
2567,2024,7,ก.ค.,2024-07,25,ปราจีนบุรี,3
2567,2024,7,ก.ค.,2024-07,26,นครนายก,0
2567,2024,7,ก.ค.,2024-07,27,สระแก้ว,2
2567,2024,7,ก.ค.,2024-07,30,นครราชสีมา,3
2567,2024,7,ก.ค.,2024-07,31,บุรีรัมย์,0
2567,2024,7,ก.ค.,2024-07,32,สุรินทร์,0
2567,2024,7,ก.ค.,2024-07,33,ศรีสะเกษ,0
2567,2024,7,ก.ค.,2024-07,34,อุบลราชธานี,0
2567,2024,7,ก.ค.,2024-07,35,ยโสธร,0
2567,2024,7,ก.ค.,2024-07,36,ชัยภูมิ,0
2567,2024,7,ก.ค.,2024-07,37,อำนาจเจริญ,0
2567,2024,7,ก.ค.,2024-07,38,บึงกาฬ,0
2567,2024,7,ก.ค.,2024-07,39,หนองบัวลำภู,0
2567,2024,7,ก.ค.,2024-07,40,ขอนแก่น,0
2567,2024,7,ก.ค.,2024-07,41,อุดรธานี,0
2567,2024,7,ก.ค.,2024-07,42,เลย,1
2567,2024,7,ก.ค.,2024-07,43,หนองคาย,0
2567,2024,7,ก.ค.,2024-07,44,มหาสารคาม,0
2567,2024,7,ก.ค.,2024-07,45,ร้อยเอ็ด,0
2567,2024,7,ก.ค.,2024-07,46,กาฬสินธุ์,0
2567,2024,7,ก.ค.,2024-07,47,สกลนคร,1
2567,2024,7,ก.ค.,2024-07,48,นครพนม,0
2567,2024,7,ก.ค.,2024-07,49,มุกดาหาร,0
2567,2024,7,ก.ค.,2024-07,50,เชียงใหม่,28
2567,2024,7,ก.ค.,2024-07,51,ลำพูน,0
2567,2024,7,ก.ค.,2024-07,52,ลำปาง,1
2567,2024,7,ก.ค.,2024-07,53,อุตรดิตถ์,0
2567,2024,7,ก.ค.,2024-07,54,แพร่,1
2567,2024,7,ก.ค.,2024-07,55,น่าน,0
2567,2024,7,ก.ค.,2024-07,56,พะเยา,0
2567,2024,7,ก.ค.,2024-07,57,เชียงราย,1
2567,2024,7,ก.ค.,2024-07,58,แม่ฮ่องสอน,264
2567,2024,7,ก.ค.,2024-07,60,นครสวรรค์,5
2567,2024,7,ก.ค.,2024-07,61,อุทัยธานี,18
2567,2024,7,ก.ค.,2024-07,62,กำแพงเพชร,7
2567,2024,7,ก.ค.,2024-07,63,ตาก,993
2567,2024,7,ก.ค.,2024-07,64,สุโขทัย,2
2567,2024,7,ก.ค.,2024-07,65,พิษณุโลก,1
2567,2024,7,ก.ค.,2024-07,66,พิจิตร,0
2567,2024,7,ก.ค.,2024-07,67,เพชรบูรณ์,0
2567,2024,7,ก.ค.,2024-07,70,ราชบุรี,154
2567,2024,7,ก.ค.,2024-07,71,กาญจนบุรี,364
2567,2024,7,ก.ค.,2024-07,72,สุพรรณบุรี,9
2567,2024,7,ก.ค.,2024-07,73,นครปฐม,2
2567,2024,7,ก.ค.,2024-07,74,สมุทรสาคร,1
2567,2024,7,ก.ค.,2024-07,75,สมุทรสงคราม,0
2567,2024,7,ก.ค.,2024-07,76,เพชรบุรี,70
2567,2024,7,ก.ค.,2024-07,77,ประจวบคีรีขันธ์,407
2567,2024,7,ก.ค.,2024-07,80,นครศรีธรรมราช,2
2567,2024,7,ก.ค.,2024-07,81,กระบี่,0
2567,2024,7,ก.ค.,2024-07,82,พังงา,17
2567,2024,7,ก.ค.,2024-07,83,ภูเก็ต,1
2567,2024,7,ก.ค.,2024-07,84,สุราษฎร์ธานี,4
2567,2024,7,ก.ค.,2024-07,85,ระนอง,39
2567,2024,7,ก.ค.,2024-07,86,ชุมพร,159
2567,2024,7,ก.ค.,2024-07,90,สงขลา,0
2567,2024,7,ก.ค.,2024-07,91,สตูล,0
2567,2024,7,ก.ค.,2024-07,92,ตรัง,0
2567,2024,7,ก.ค.,2024-07,93,พัทลุง,0
2567,2024,7,ก.ค.,2024-07,94,ปัตตานี,2
2567,2024,7,ก.ค.,2024-07,95,ยะลา,9
2567,2024,7,ก.ค.,2024-07,96,นราธิวาส,1
2567,2024,8,ส.ค.,2024-08,10,กรุงเทพฯ,4
2567,2024,8,ส.ค.,2024-08,11,สมุทรปราการ,1
2567,2024,8,ส.ค.,2024-08,12,นนทบุรี,1
2567,2024,8,ส.ค.,2024-08,13,ปทุมธานี,0
2567,2024,8,ส.ค.,2024-08,14,พระนครศรีอยุธยา,0
2567,2024,8,ส.ค.,2024-08,15,อ่างทอง,0
2567,2024,8,ส.ค.,2024-08,16,ลพบุรี,0
2567,2024,8,ส.ค.,2024-08,17,สิงห์บุรี,0
2567,2024,8,ส.ค.,2024-08,18,ชัยนาท,0
2567,2024,8,ส.ค.,2024-08,19,สระบุรี,2
2567,2024,8,ส.ค.,2024-08,20,ชลบุรี,3
2567,2024,8,ส.ค.,2024-08,21,ระยอง,3
2567,2024,8,ส.ค.,2024-08,22,จันทบุรี,1
2567,2024,8,ส.ค.,2024-08,23,ตราด,0
2567,2024,8,ส.ค.,2024-08,24,ฉะเชิงเทรา,0
2567,2024,8,ส.ค.,2024-08,25,ปราจีนบุรี,0
2567,2024,8,ส.ค.,2024-08,26,นครนายก,0
2567,2024,8,ส.ค.,2024-08,27,สระแก้ว,0
2567,2024,8,ส.ค.,2024-08,30,นครราชสีมา,1
2567,2024,8,ส.ค.,2024-08,31,บุรีรัมย์,0
2567,2024,8,ส.ค.,2024-08,32,สุรินทร์,0
2567,2024,8,ส.ค.,2024-08,33,ศรีสะเกษ,0
2567,2024,8,ส.ค.,2024-08,34,อุบลราชธานี,0
2567,2024,8,ส.ค.,2024-08,35,ยโสธร,0
2567,2024,8,ส.ค.,2024-08,36,ชัยภูมิ,0
2567,2024,8,ส.ค.,2024-08,37,อำนาจเจริญ,0
2567,2024,8,ส.ค.,2024-08,38,บึงกาฬ,0
2567,2024,8,ส.ค.,2024-08,39,หนองบัวลำภู,0
2567,2024,8,ส.ค.,2024-08,40,ขอนแก่น,0
2567,2024,8,ส.ค.,2024-08,41,อุดรธานี,1
2567,2024,8,ส.ค.,2024-08,42,เลย,0
2567,2024,8,ส.ค.,2024-08,43,หนองคาย,0
2567,2024,8,ส.ค.,2024-08,44,มหาสารคาม,0
2567,2024,8,ส.ค.,2024-08,45,ร้อยเอ็ด,0
2567,2024,8,ส.ค.,2024-08,46,กาฬสินธุ์,0
2567,2024,8,ส.ค.,2024-08,47,สกลนคร,0
2567,2024,8,ส.ค.,2024-08,48,นครพนม,0
2567,2024,8,ส.ค.,2024-08,49,มุกดาหาร,0
2567,2024,8,ส.ค.,2024-08,50,เชียงใหม่,18
2567,2024,8,ส.ค.,2024-08,51,ลำพูน,3
2567,2024,8,ส.ค.,2024-08,52,ลำปาง,1
2567,2024,8,ส.ค.,2024-08,53,อุตรดิตถ์,0
2567,2024,8,ส.ค.,2024-08,54,แพร่,1
2567,2024,8,ส.ค.,2024-08,55,น่าน,2
2567,2024,8,ส.ค.,2024-08,56,พะเยา,0
2567,2024,8,ส.ค.,2024-08,57,เชียงราย,0
2567,2024,8,ส.ค.,2024-08,58,แม่ฮ่องสอน,115
2567,2024,8,ส.ค.,2024-08,60,นครสวรรค์,3
2567,2024,8,ส.ค.,2024-08,61,อุทัยธานี,11
2567,2024,8,ส.ค.,2024-08,62,กำแพงเพชร,0
2567,2024,8,ส.ค.,2024-08,63,ตาก,536
2567,2024,8,ส.ค.,2024-08,64,สุโขทัย,1
2567,2024,8,ส.ค.,2024-08,65,พิษณุโลก,0
2567,2024,8,ส.ค.,2024-08,66,พิจิตร,0
2567,2024,8,ส.ค.,2024-08,67,เพชรบูรณ์,0
2567,2024,8,ส.ค.,2024-08,70,ราชบุรี,61
2567,2024,8,ส.ค.,2024-08,71,กาญจนบุรี,152
2567,2024,8,ส.ค.,2024-08,72,สุพรรณบุรี,7
2567,2024,8,ส.ค.,2024-08,73,นครปฐม,0
2567,2024,8,ส.ค.,2024-08,74,สมุทรสาคร,1
2567,2024,8,ส.ค.,2024-08,75,สมุทรสงคราม,2
2567,2024,8,ส.ค.,2024-08,76,เพชรบุรี,28
2567,2024,8,ส.ค.,2024-08,77,ประจวบคีรีขันธ์,136
2567,2024,8,ส.ค.,2024-08,80,นครศรีธรรมราช,1
2567,2024,8,ส.ค.,2024-08,81,กระบี่,2
2567,2024,8,ส.ค.,2024-08,82,พังงา,0
2567,2024,8,ส.ค.,2024-08,83,ภูเก็ต,1
2567,2024,8,ส.ค.,2024-08,84,สุราษฎร์ธานี,2
2567,2024,8,ส.ค.,2024-08,85,ระนอง,13
2567,2024,8,ส.ค.,2024-08,86,ชุมพร,91
2567,2024,8,ส.ค.,2024-08,90,สงขลา,1
2567,2024,8,ส.ค.,2024-08,91,สตูล,0
2567,2024,8,ส.ค.,2024-08,92,ตรัง,0
2567,2024,8,ส.ค.,2024-08,93,พัทลุง,0
2567,2024,8,ส.ค.,2024-08,94,ปัตตานี,0
2567,2024,8,ส.ค.,2024-08,95,ยะลา,7
2567,2024,8,ส.ค.,2024-08,96,นราธิวาส,2
2567,2024,9,ก.ย.,2024-09,10,กรุงเทพฯ,3
2567,2024,9,ก.ย.,2024-09,11,สมุทรปราการ,0
2567,2024,9,ก.ย.,2024-09,12,นนทบุรี,1
2567,2024,9,ก.ย.,2024-09,13,ปทุมธานี,1
2567,2024,9,ก.ย.,2024-09,14,พระนครศรีอยุธยา,0
2567,2024,9,ก.ย.,2024-09,15,อ่างทอง,0
2567,2024,9,ก.ย.,2024-09,16,ลพบุรี,0
2567,2024,9,ก.ย.,2024-09,17,สิงห์บุรี,0
2567,2024,9,ก.ย.,2024-09,18,ชัยนาท,0
2567,2024,9,ก.ย.,2024-09,19,สระบุรี,1
2567,2024,9,ก.ย.,2024-09,20,ชลบุรี,1
2567,2024,9,ก.ย.,2024-09,21,ระยอง,9
2567,2024,9,ก.ย.,2024-09,22,จันทบุรี,0
2567,2024,9,ก.ย.,2024-09,23,ตราด,0
2567,2024,9,ก.ย.,2024-09,24,ฉะเชิงเทรา,0
2567,2024,9,ก.ย.,2024-09,25,ปราจีนบุรี,0
2567,2024,9,ก.ย.,2024-09,26,นครนายก,0
2567,2024,9,ก.ย.,2024-09,27,สระแก้ว,0
2567,2024,9,ก.ย.,2024-09,30,นครราชสีมา,1
2567,2024,9,ก.ย.,2024-09,31,บุรีรัมย์,0
2567,2024,9,ก.ย.,2024-09,32,สุรินทร์,0
2567,2024,9,ก.ย.,2024-09,33,ศรีสะเกษ,0
2567,2024,9,ก.ย.,2024-09,34,อุบลราชธานี,0
2567,2024,9,ก.ย.,2024-09,35,ยโสธร,0
2567,2024,9,ก.ย.,2024-09,36,ชัยภูมิ,0
2567,2024,9,ก.ย.,2024-09,37,อำนาจเจริญ,0
2567,2024,9,ก.ย.,2024-09,38,บึงกาฬ,0
2567,2024,9,ก.ย.,2024-09,39,หนองบัวลำภู,1
2567,2024,9,ก.ย.,2024-09,40,ขอนแก่น,0
2567,2024,9,ก.ย.,2024-09,41,อุดรธานี,0
2567,2024,9,ก.ย.,2024-09,42,เลย,0
2567,2024,9,ก.ย.,2024-09,43,หนองคาย,0
2567,2024,9,ก.ย.,2024-09,44,มหาสารคาม,0
2567,2024,9,ก.ย.,2024-09,45,ร้อยเอ็ด,0
2567,2024,9,ก.ย.,2024-09,46,กาฬสินธุ์,1
2567,2024,9,ก.ย.,2024-09,47,สกลนคร,0
2567,2024,9,ก.ย.,2024-09,48,นครพนม,0
2567,2024,9,ก.ย.,2024-09,49,มุกดาหาร,0
2567,2024,9,ก.ย.,2024-09,50,เชียงใหม่,22
2567,2024,9,ก.ย.,2024-09,51,ลำพูน,0
2567,2024,9,ก.ย.,2024-09,52,ลำปาง,0
2567,2024,9,ก.ย.,2024-09,53,อุตรดิตถ์,1
2567,2024,9,ก.ย.,2024-09,54,แพร่,1
2567,2024,9,ก.ย.,2024-09,55,น่าน,0
2567,2024,9,ก.ย.,2024-09,56,พะเยา,1
2567,2024,9,ก.ย.,2024-09,57,เชียงราย,0
2567,2024,9,ก.ย.,2024-09,58,แม่ฮ่องสอน,48
2567,2024,9,ก.ย.,2024-09,60,นครสวรรค์,0
2567,2024,9,ก.ย.,2024-09,61,อุทัยธานี,1
2567,2024,9,ก.ย.,2024-09,62,กำแพงเพชร,1
2567,2024,9,ก.ย.,2024-09,63,ตาก,344
2567,2024,9,ก.ย.,2024-09,64,สุโขทัย,0
2567,2024,9,ก.ย.,2024-09,65,พิษณุโลก,3
2567,2024,9,ก.ย.,2024-09,66,พิจิตร,0
2567,2024,9,ก.ย.,2024-09,67,เพชรบูรณ์,5
2567,2024,9,ก.ย.,2024-09,70,ราชบุรี,71
2567,2024,9,ก.ย.,2024-09,71,กาญจนบุรี,100
2567,2024,9,ก.ย.,2024-09,72,สุพรรณบุรี,0
2567,2024,9,ก.ย.,2024-09,73,นครปฐม,0
2567,2024,9,ก.ย.,2024-09,74,สมุทรสาคร,2
2567,2024,9,ก.ย.,2024-09,75,สมุทรสงคราม,0
2567,2024,9,ก.ย.,2024-09,76,เพชรบุรี,14
2567,2024,9,ก.ย.,2024-09,77,ประจวบคีรีขันธ์,124
2567,2024,9,ก.ย.,2024-09,80,นครศรีธรรมราช,0
2567,2024,9,ก.ย.,2024-09,81,กระบี่,0
2567,2024,9,ก.ย.,2024-09,82,พังงา,1
2567,2024,9,ก.ย.,2024-09,83,ภูเก็ต,0
2567,2024,9,ก.ย.,2024-09,84,สุราษฎร์ธานี,0
2567,2024,9,ก.ย.,2024-09,85,ระนอง,6
2567,2024,9,ก.ย.,2024-09,86,ชุมพร,30
2567,2024,9,ก.ย.,2024-09,90,สงขลา,0
2567,2024,9,ก.ย.,2024-09,91,สตูล,0
2567,2024,9,ก.ย.,2024-09,92,ตรัง,0
2567,2024,9,ก.ย.,2024-09,93,พัทลุง,0
2567,2024,9,ก.ย.,2024-09,94,ปัตตานี,0
2567,2024,9,ก.ย.,2024-09,95,ยะลา,8
2567,2024,9,ก.ย.,2024-09,96,นราธิวาส,0
2567,2024,10,ต.ค.,2024-10,10,กรุงเทพฯ,2
2567,2024,10,ต.ค.,2024-10,11,สมุทรปราการ,0
2567,2024,10,ต.ค.,2024-10,12,นนทบุรี,1
2567,2024,10,ต.ค.,2024-10,13,ปทุมธานี,1
2567,2024,10,ต.ค.,2024-10,14,พระนครศรีอยุธยา,0
2567,2024,10,ต.ค.,2024-10,15,อ่างทอง,0
2567,2024,10,ต.ค.,2024-10,16,ลพบุรี,1
2567,2024,10,ต.ค.,2024-10,17,สิงห์บุรี,0
2567,2024,10,ต.ค.,2024-10,18,ชัยนาท,0
2567,2024,10,ต.ค.,2024-10,19,สระบุรี,2
2567,2024,10,ต.ค.,2024-10,20,ชลบุรี,0
2567,2024,10,ต.ค.,2024-10,21,ระยอง,6
2567,2024,10,ต.ค.,2024-10,22,จันทบุรี,0
2567,2024,10,ต.ค.,2024-10,23,ตราด,0
2567,2024,10,ต.ค.,2024-10,24,ฉะเชิงเทรา,0
2567,2024,10,ต.ค.,2024-10,25,ปราจีนบุรี,0
2567,2024,10,ต.ค.,2024-10,26,นครนายก,0
2567,2024,10,ต.ค.,2024-10,27,สระแก้ว,0
2567,2024,10,ต.ค.,2024-10,30,นครราชสีมา,0
2567,2024,10,ต.ค.,2024-10,31,บุรีรัมย์,0
2567,2024,10,ต.ค.,2024-10,32,สุรินทร์,0
2567,2024,10,ต.ค.,2024-10,33,ศรีสะเกษ,0
2567,2024,10,ต.ค.,2024-10,34,อุบลราชธานี,0
2567,2024,10,ต.ค.,2024-10,35,ยโสธร,0
2567,2024,10,ต.ค.,2024-10,36,ชัยภูมิ,0
2567,2024,10,ต.ค.,2024-10,37,อำนาจเจริญ,0
2567,2024,10,ต.ค.,2024-10,38,บึงกาฬ,0
2567,2024,10,ต.ค.,2024-10,39,หนองบัวลำภู,1
2567,2024,10,ต.ค.,2024-10,40,ขอนแก่น,0
2567,2024,10,ต.ค.,2024-10,41,อุดรธานี,0
2567,2024,10,ต.ค.,2024-10,42,เลย,0
2567,2024,10,ต.ค.,2024-10,43,หนองคาย,0
2567,2024,10,ต.ค.,2024-10,44,มหาสารคาม,0
2567,2024,10,ต.ค.,2024-10,45,ร้อยเอ็ด,0
2567,2024,10,ต.ค.,2024-10,46,กาฬสินธุ์,0
2567,2024,10,ต.ค.,2024-10,47,สกลนคร,0
2567,2024,10,ต.ค.,2024-10,48,นครพนม,0
2567,2024,10,ต.ค.,2024-10,49,มุกดาหาร,0
2567,2024,10,ต.ค.,2024-10,50,เชียงใหม่,17
2567,2024,10,ต.ค.,2024-10,51,ลำพูน,2
2567,2024,10,ต.ค.,2024-10,52,ลำปาง,3
2567,2024,10,ต.ค.,2024-10,53,อุตรดิตถ์,0
2567,2024,10,ต.ค.,2024-10,54,แพร่,0
2567,2024,10,ต.ค.,2024-10,55,น่าน,0
2567,2024,10,ต.ค.,2024-10,56,พะเยา,0
2567,2024,10,ต.ค.,2024-10,57,เชียงราย,1
2567,2024,10,ต.ค.,2024-10,58,แม่ฮ่องสอน,78
2567,2024,10,ต.ค.,2024-10,60,นครสวรรค์,1
2567,2024,10,ต.ค.,2024-10,61,อุทัยธานี,2
2567,2024,10,ต.ค.,2024-10,62,กำแพงเพชร,0
2567,2024,10,ต.ค.,2024-10,63,ตาก,233
2567,2024,10,ต.ค.,2024-10,64,สุโขทัย,0
2567,2024,10,ต.ค.,2024-10,65,พิษณุโลก,3
2567,2024,10,ต.ค.,2024-10,66,พิจิตร,0
2567,2024,10,ต.ค.,2024-10,67,เพชรบูรณ์,0
2567,2024,10,ต.ค.,2024-10,70,ราชบุรี,68
2567,2024,10,ต.ค.,2024-10,71,กาญจนบุรี,102
2567,2024,10,ต.ค.,2024-10,72,สุพรรณบุรี,4
2567,2024,10,ต.ค.,2024-10,73,นครปฐม,2
2567,2024,10,ต.ค.,2024-10,74,สมุทรสาคร,1
2567,2024,10,ต.ค.,2024-10,75,สมุทรสงคราม,0
2567,2024,10,ต.ค.,2024-10,76,เพชรบุรี,15
2567,2024,10,ต.ค.,2024-10,77,ประจวบคีรีขันธ์,101
2567,2024,10,ต.ค.,2024-10,80,นครศรีธรรมราช,1
2567,2024,10,ต.ค.,2024-10,81,กระบี่,0
2567,2024,10,ต.ค.,2024-10,82,พังงา,0
2567,2024,10,ต.ค.,2024-10,83,ภูเก็ต,1
2567,2024,10,ต.ค.,2024-10,84,สุราษฎร์ธานี,0
2567,2024,10,ต.ค.,2024-10,85,ระนอง,10
2567,2024,10,ต.ค.,2024-10,86,ชุมพร,15
2567,2024,10,ต.ค.,2024-10,90,สงขลา,1
2567,2024,10,ต.ค.,2024-10,91,สตูล,0
2567,2024,10,ต.ค.,2024-10,92,ตรัง,0
2567,2024,10,ต.ค.,2024-10,93,พัทลุง,0
2567,2024,10,ต.ค.,2024-10,94,ปัตตานี,1
2567,2024,10,ต.ค.,2024-10,95,ยะลา,9
2567,2024,10,ต.ค.,2024-10,96,นราธิวาส,0
2567,2024,11,พ.ย.,2024-11,10,กรุงเทพฯ,3
2567,2024,11,พ.ย.,2024-11,11,สมุทรปราการ,1
2567,2024,11,พ.ย.,2024-11,12,นนทบุรี,0
2567,2024,11,พ.ย.,2024-11,13,ปทุมธานี,0
2567,2024,11,พ.ย.,2024-11,14,พระนครศรีอยุธยา,0
2567,2024,11,พ.ย.,2024-11,15,อ่างทอง,0
2567,2024,11,พ.ย.,2024-11,16,ลพบุรี,0
2567,2024,11,พ.ย.,2024-11,17,สิงห์บุรี,0
2567,2024,11,พ.ย.,2024-11,18,ชัยนาท,0
2567,2024,11,พ.ย.,2024-11,19,สระบุรี,0
2567,2024,11,พ.ย.,2024-11,20,ชลบุรี,1
2567,2024,11,พ.ย.,2024-11,21,ระยอง,11
2567,2024,11,พ.ย.,2024-11,22,จันทบุรี,1
2567,2024,11,พ.ย.,2024-11,23,ตราด,0
2567,2024,11,พ.ย.,2024-11,24,ฉะเชิงเทรา,0
2567,2024,11,พ.ย.,2024-11,25,ปราจีนบุรี,0
2567,2024,11,พ.ย.,2024-11,26,นครนายก,0
2567,2024,11,พ.ย.,2024-11,27,สระแก้ว,0
2567,2024,11,พ.ย.,2024-11,30,นครราชสีมา,3
2567,2024,11,พ.ย.,2024-11,31,บุรีรัมย์,0
2567,2024,11,พ.ย.,2024-11,32,สุรินทร์,0
2567,2024,11,พ.ย.,2024-11,33,ศรีสะเกษ,0
2567,2024,11,พ.ย.,2024-11,34,อุบลราชธานี,0
2567,2024,11,พ.ย.,2024-11,35,ยโสธร,0
2567,2024,11,พ.ย.,2024-11,36,ชัยภูมิ,0
2567,2024,11,พ.ย.,2024-11,37,อำนาจเจริญ,0
2567,2024,11,พ.ย.,2024-11,38,บึงกาฬ,0
2567,2024,11,พ.ย.,2024-11,39,หนองบัวลำภู,0
2567,2024,11,พ.ย.,2024-11,40,ขอนแก่น,0
2567,2024,11,พ.ย.,2024-11,41,อุดรธานี,0
2567,2024,11,พ.ย.,2024-11,42,เลย,0
2567,2024,11,พ.ย.,2024-11,43,หนองคาย,1
2567,2024,11,พ.ย.,2024-11,44,มหาสารคาม,0
2567,2024,11,พ.ย.,2024-11,45,ร้อยเอ็ด,0
2567,2024,11,พ.ย.,2024-11,46,กาฬสินธุ์,0
2567,2024,11,พ.ย.,2024-11,47,สกลนคร,0
2567,2024,11,พ.ย.,2024-11,48,นครพนม,0
2567,2024,11,พ.ย.,2024-11,49,มุกดาหาร,0
2567,2024,11,พ.ย.,2024-11,50,เชียงใหม่,12
2567,2024,11,พ.ย.,2024-11,51,ลำพูน,0
2567,2024,11,พ.ย.,2024-11,52,ลำปาง,2
2567,2024,11,พ.ย.,2024-11,53,อุตรดิตถ์,0
2567,2024,11,พ.ย.,2024-11,54,แพร่,0
2567,2024,11,พ.ย.,2024-11,55,น่าน,0
2567,2024,11,พ.ย.,2024-11,56,พะเยา,0
2567,2024,11,พ.ย.,2024-11,57,เชียงราย,0
2567,2024,11,พ.ย.,2024-11,58,แม่ฮ่องสอน,62
2567,2024,11,พ.ย.,2024-11,60,นครสวรรค์,1
2567,2024,11,พ.ย.,2024-11,61,อุทัยธานี,3
2567,2024,11,พ.ย.,2024-11,62,กำแพงเพชร,2
2567,2024,11,พ.ย.,2024-11,63,ตาก,238
2567,2024,11,พ.ย.,2024-11,64,สุโขทัย,1
2567,2024,11,พ.ย.,2024-11,65,พิษณุโลก,0
2567,2024,11,พ.ย.,2024-11,66,พิจิตร,0
2567,2024,11,พ.ย.,2024-11,67,เพชรบูรณ์,1
2567,2024,11,พ.ย.,2024-11,70,ราชบุรี,27
2567,2024,11,พ.ย.,2024-11,71,กาญจนบุรี,76
2567,2024,11,พ.ย.,2024-11,72,สุพรรณบุรี,1
2567,2024,11,พ.ย.,2024-11,73,นครปฐม,0
2567,2024,11,พ.ย.,2024-11,74,สมุทรสาคร,0
2567,2024,11,พ.ย.,2024-11,75,สมุทรสงคราม,0
2567,2024,11,พ.ย.,2024-11,76,เพชรบุรี,7
2567,2024,11,พ.ย.,2024-11,77,ประจวบคีรีขันธ์,77
2567,2024,11,พ.ย.,2024-11,80,นครศรีธรรมราช,1
2567,2024,11,พ.ย.,2024-11,81,กระบี่,0
2567,2024,11,พ.ย.,2024-11,82,พังงา,1
2567,2024,11,พ.ย.,2024-11,83,ภูเก็ต,0
2567,2024,11,พ.ย.,2024-11,84,สุราษฎร์ธานี,2
2567,2024,11,พ.ย.,2024-11,85,ระนอง,14
2567,2024,11,พ.ย.,2024-11,86,ชุมพร,28
2567,2024,11,พ.ย.,2024-11,90,สงขลา,2
2567,2024,11,พ.ย.,2024-11,91,สตูล,0
2567,2024,11,พ.ย.,2024-11,92,ตรัง,0
2567,2024,11,พ.ย.,2024-11,93,พัทลุง,0
2567,2024,11,พ.ย.,2024-11,94,ปัตตานี,0
2567,2024,11,พ.ย.,2024-11,95,ยะลา,0
2567,2024,11,พ.ย.,2024-11,96,นราธิวาส,1
2567,2024,12,ธ.ค.,2024-12,10,กรุงเทพฯ,1
2567,2024,12,ธ.ค.,2024-12,11,สมุทรปราการ,0
2567,2024,12,ธ.ค.,2024-12,12,นนทบุรี,0
2567,2024,12,ธ.ค.,2024-12,13,ปทุมธานี,0
2567,2024,12,ธ.ค.,2024-12,14,พระนครศรีอยุธยา,0
2567,2024,12,ธ.ค.,2024-12,15,อ่างทอง,0
2567,2024,12,ธ.ค.,2024-12,16,ลพบุรี,0
2567,2024,12,ธ.ค.,2024-12,17,สิงห์บุรี,0
2567,2024,12,ธ.ค.,2024-12,18,ชัยนาท,0
2567,2024,12,ธ.ค.,2024-12,19,สระบุรี,0
2567,2024,12,ธ.ค.,2024-12,20,ชลบุรี,1
2567,2024,12,ธ.ค.,2024-12,21,ระยอง,42
2567,2024,12,ธ.ค.,2024-12,22,จันทบุรี,4
2567,2024,12,ธ.ค.,2024-12,23,ตราด,1
2567,2024,12,ธ.ค.,2024-12,24,ฉะเชิงเทรา,0
2567,2024,12,ธ.ค.,2024-12,25,ปราจีนบุรี,0
2567,2024,12,ธ.ค.,2024-12,26,นครนายก,0
2567,2024,12,ธ.ค.,2024-12,27,สระแก้ว,0
2567,2024,12,ธ.ค.,2024-12,30,นครราชสีมา,1
2567,2024,12,ธ.ค.,2024-12,31,บุรีรัมย์,0
2567,2024,12,ธ.ค.,2024-12,32,สุรินทร์,0
2567,2024,12,ธ.ค.,2024-12,33,ศรีสะเกษ,0
2567,2024,12,ธ.ค.,2024-12,34,อุบลราชธานี,2
2567,2024,12,ธ.ค.,2024-12,35,ยโสธร,0
2567,2024,12,ธ.ค.,2024-12,36,ชัยภูมิ,0
2567,2024,12,ธ.ค.,2024-12,37,อำนาจเจริญ,0
2567,2024,12,ธ.ค.,2024-12,38,บึงกาฬ,0
2567,2024,12,ธ.ค.,2024-12,39,หนองบัวลำภู,0
2567,2024,12,ธ.ค.,2024-12,40,ขอนแก่น,0
2567,2024,12,ธ.ค.,2024-12,41,อุดรธานี,0
2567,2024,12,ธ.ค.,2024-12,42,เลย,0
2567,2024,12,ธ.ค.,2024-12,43,หนองคาย,0
2567,2024,12,ธ.ค.,2024-12,44,มหาสารคาม,0
2567,2024,12,ธ.ค.,2024-12,45,ร้อยเอ็ด,0
2567,2024,12,ธ.ค.,2024-12,46,กาฬสินธุ์,0
2567,2024,12,ธ.ค.,2024-12,47,สกลนคร,1
2567,2024,12,ธ.ค.,2024-12,48,นครพนม,0
2567,2024,12,ธ.ค.,2024-12,49,มุกดาหาร,0
2567,2024,12,ธ.ค.,2024-12,50,เชียงใหม่,7
2567,2024,12,ธ.ค.,2024-12,51,ลำพูน,0
2567,2024,12,ธ.ค.,2024-12,52,ลำปาง,1
2567,2024,12,ธ.ค.,2024-12,53,อุตรดิตถ์,0
2567,2024,12,ธ.ค.,2024-12,54,แพร่,0
2567,2024,12,ธ.ค.,2024-12,55,น่าน,0
2567,2024,12,ธ.ค.,2024-12,56,พะเยา,0
2567,2024,12,ธ.ค.,2024-12,57,เชียงราย,2
2567,2024,12,ธ.ค.,2024-12,58,แม่ฮ่องสอน,57
2567,2024,12,ธ.ค.,2024-12,60,นครสวรรค์,0
2567,2024,12,ธ.ค.,2024-12,61,อุทัยธานี,2
2567,2024,12,ธ.ค.,2024-12,62,กำแพงเพชร,1
2567,2024,12,ธ.ค.,2024-12,63,ตาก,297
2567,2024,12,ธ.ค.,2024-12,64,สุโขทัย,0
2567,2024,12,ธ.ค.,2024-12,65,พิษณุโลก,0
2567,2024,12,ธ.ค.,2024-12,66,พิจิตร,0
2567,2024,12,ธ.ค.,2024-12,67,เพชรบูรณ์,0
2567,2024,12,ธ.ค.,2024-12,70,ราชบุรี,18
2567,2024,12,ธ.ค.,2024-12,71,กาญจนบุรี,64
2567,2024,12,ธ.ค.,2024-12,72,สุพรรณบุรี,3
2567,2024,12,ธ.ค.,2024-12,73,นครปฐม,0
2567,2024,12,ธ.ค.,2024-12,74,สมุทรสาคร,1
2567,2024,12,ธ.ค.,2024-12,75,สมุทรสงคราม,0
2567,2024,12,ธ.ค.,2024-12,76,เพชรบุรี,17
2567,2024,12,ธ.ค.,2024-12,77,ประจวบคีรีขันธ์,75
2567,2024,12,ธ.ค.,2024-12,80,นครศรีธรรมราช,0
2567,2024,12,ธ.ค.,2024-12,81,กระบี่,0
2567,2024,12,ธ.ค.,2024-12,82,พังงา,1
2567,2024,12,ธ.ค.,2024-12,83,ภูเก็ต,0
2567,2024,12,ธ.ค.,2024-12,84,สุราษฎร์ธานี,5
2567,2024,12,ธ.ค.,2024-12,85,ระนอง,12
2567,2024,12,ธ.ค.,2024-12,86,ชุมพร,14
2567,2024,12,ธ.ค.,2024-12,90,สงขลา,2
2567,2024,12,ธ.ค.,2024-12,91,สตูล,2
2567,2024,12,ธ.ค.,2024-12,92,ตรัง,0
2567,2024,12,ธ.ค.,2024-12,93,พัทลุง,0
2567,2024,12,ธ.ค.,2024-12,94,ปัตตานี,1
2567,2024,12,ธ.ค.,2024-12,95,ยะลา,0
2567,2024,12,ธ.ค.,2024-12,96,นราธิวาส,0
2568,2025,1,ม.ค.,2025-01,10,กรุงเทพฯ,2
2568,2025,1,ม.ค.,2025-01,11,สมุทรปราการ,2
2568,2025,1,ม.ค.,2025-01,12,นนทบุรี,0
2568,2025,1,ม.ค.,2025-01,13,ปทุมธานี,0
2568,2025,1,ม.ค.,2025-01,14,พระนครศรีอยุธยา,0
2568,2025,1,ม.ค.,2025-01,15,อ่างทอง,0
2568,2025,1,ม.ค.,2025-01,16,ลพบุรี,0
2568,2025,1,ม.ค.,2025-01,17,สิงห์บุรี,0
2568,2025,1,ม.ค.,2025-01,18,ชัยนาท,0
2568,2025,1,ม.ค.,2025-01,19,สระบุรี,2
2568,2025,1,ม.ค.,2025-01,20,ชลบุรี,3
2568,2025,1,ม.ค.,2025-01,21,ระยอง,28
2568,2025,1,ม.ค.,2025-01,22,จันทบุรี,5
2568,2025,1,ม.ค.,2025-01,23,ตราด,0
2568,2025,1,ม.ค.,2025-01,24,ฉะเชิงเทรา,0
2568,2025,1,ม.ค.,2025-01,25,ปราจีนบุรี,0
2568,2025,1,ม.ค.,2025-01,26,นครนายก,0
2568,2025,1,ม.ค.,2025-01,27,สระแก้ว,0
2568,2025,1,ม.ค.,2025-01,30,นครราชสีมา,0
2568,2025,1,ม.ค.,2025-01,31,บุรีรัมย์,0
2568,2025,1,ม.ค.,2025-01,32,สุรินทร์,0
2568,2025,1,ม.ค.,2025-01,33,ศรีสะเกษ,0
2568,2025,1,ม.ค.,2025-01,34,อุบลราชธานี,1
2568,2025,1,ม.ค.,2025-01,35,ยโสธร,0
2568,2025,1,ม.ค.,2025-01,36,ชัยภูมิ,0
2568,2025,1,ม.ค.,2025-01,37,อำนาจเจริญ,0
2568,2025,1,ม.ค.,2025-01,38,บึงกาฬ,0
2568,2025,1,ม.ค.,2025-01,39,หนองบัวลำภู,0
2568,2025,1,ม.ค.,2025-01,40,ขอนแก่น,0
2568,2025,1,ม.ค.,2025-01,41,อุดรธานี,0
2568,2025,1,ม.ค.,2025-01,42,เลย,0
2568,2025,1,ม.ค.,2025-01,43,หนองคาย,0
2568,2025,1,ม.ค.,2025-01,44,มหาสารคาม,0
2568,2025,1,ม.ค.,2025-01,45,ร้อยเอ็ด,0
2568,2025,1,ม.ค.,2025-01,46,กาฬสินธุ์,0
2568,2025,1,ม.ค.,2025-01,47,สกลนคร,0
2568,2025,1,ม.ค.,2025-01,48,นครพนม,0
2568,2025,1,ม.ค.,2025-01,49,มุกดาหาร,0
2568,2025,1,ม.ค.,2025-01,50,เชียงใหม่,8
2568,2025,1,ม.ค.,2025-01,51,ลำพูน,0
2568,2025,1,ม.ค.,2025-01,52,ลำปาง,0
2568,2025,1,ม.ค.,2025-01,53,อุตรดิตถ์,0
2568,2025,1,ม.ค.,2025-01,54,แพร่,0
2568,2025,1,ม.ค.,2025-01,55,น่าน,0
2568,2025,1,ม.ค.,2025-01,56,พะเยา,0
2568,2025,1,ม.ค.,2025-01,57,เชียงราย,3
2568,2025,1,ม.ค.,2025-01,58,แม่ฮ่องสอน,63
2568,2025,1,ม.ค.,2025-01,60,นครสวรรค์,2
2568,2025,1,ม.ค.,2025-01,61,อุทัยธานี,7
2568,2025,1,ม.ค.,2025-01,62,กำแพงเพชร,1
2568,2025,1,ม.ค.,2025-01,63,ตาก,222
2568,2025,1,ม.ค.,2025-01,64,สุโขทัย,0
2568,2025,1,ม.ค.,2025-01,65,พิษณุโลก,1
2568,2025,1,ม.ค.,2025-01,66,พิจิตร,0
2568,2025,1,ม.ค.,2025-01,67,เพชรบูรณ์,0
2568,2025,1,ม.ค.,2025-01,70,ราชบุรี,26
2568,2025,1,ม.ค.,2025-01,71,กาญจนบุรี,65
2568,2025,1,ม.ค.,2025-01,72,สุพรรณบุรี,1
2568,2025,1,ม.ค.,2025-01,73,นครปฐม,0
2568,2025,1,ม.ค.,2025-01,74,สมุทรสาคร,0
2568,2025,1,ม.ค.,2025-01,75,สมุทรสงคราม,0
2568,2025,1,ม.ค.,2025-01,76,เพชรบุรี,5
2568,2025,1,ม.ค.,2025-01,77,ประจวบคีรีขันธ์,72
2568,2025,1,ม.ค.,2025-01,80,นครศรีธรรมราช,2
2568,2025,1,ม.ค.,2025-01,81,กระบี่,0
2568,2025,1,ม.ค.,2025-01,82,พังงา,0
2568,2025,1,ม.ค.,2025-01,83,ภูเก็ต,0
2568,2025,1,ม.ค.,2025-01,84,สุราษฎร์ธานี,2
2568,2025,1,ม.ค.,2025-01,85,ระนอง,10
2568,2025,1,ม.ค.,2025-01,86,ชุมพร,25
2568,2025,1,ม.ค.,2025-01,90,สงขลา,1
2568,2025,1,ม.ค.,2025-01,91,สตูล,0
2568,2025,1,ม.ค.,2025-01,92,ตรัง,2
2568,2025,1,ม.ค.,2025-01,93,พัทลุง,0
2568,2025,1,ม.ค.,2025-01,94,ปัตตานี,1
2568,2025,1,ม.ค.,2025-01,95,ยะลา,5
2568,2025,1,ม.ค.,2025-01,96,นราธิวาส,0
2568,2025,2,ก.พ.,2025-02,10,กรุงเทพฯ,3
2568,2025,2,ก.พ.,2025-02,11,สมุทรปราการ,3
2568,2025,2,ก.พ.,2025-02,12,นนทบุรี,0
2568,2025,2,ก.พ.,2025-02,13,ปทุมธานี,1
2568,2025,2,ก.พ.,2025-02,14,พระนครศรีอยุธยา,0
2568,2025,2,ก.พ.,2025-02,15,อ่างทอง,0
2568,2025,2,ก.พ.,2025-02,16,ลพบุรี,0
2568,2025,2,ก.พ.,2025-02,17,สิงห์บุรี,0
2568,2025,2,ก.พ.,2025-02,18,ชัยนาท,0
2568,2025,2,ก.พ.,2025-02,19,สระบุรี,0
2568,2025,2,ก.พ.,2025-02,20,ชลบุรี,0
2568,2025,2,ก.พ.,2025-02,21,ระยอง,9
2568,2025,2,ก.พ.,2025-02,22,จันทบุรี,4
2568,2025,2,ก.พ.,2025-02,23,ตราด,0
2568,2025,2,ก.พ.,2025-02,24,ฉะเชิงเทรา,0
2568,2025,2,ก.พ.,2025-02,25,ปราจีนบุรี,0
2568,2025,2,ก.พ.,2025-02,26,นครนายก,0
2568,2025,2,ก.พ.,2025-02,27,สระแก้ว,0
2568,2025,2,ก.พ.,2025-02,30,นครราชสีมา,0
2568,2025,2,ก.พ.,2025-02,31,บุรีรัมย์,0
2568,2025,2,ก.พ.,2025-02,32,สุรินทร์,0
2568,2025,2,ก.พ.,2025-02,33,ศรีสะเกษ,0
2568,2025,2,ก.พ.,2025-02,34,อุบลราชธานี,0
2568,2025,2,ก.พ.,2025-02,35,ยโสธร,0
2568,2025,2,ก.พ.,2025-02,36,ชัยภูมิ,0
2568,2025,2,ก.พ.,2025-02,37,อำนาจเจริญ,0
2568,2025,2,ก.พ.,2025-02,38,บึงกาฬ,0
2568,2025,2,ก.พ.,2025-02,39,หนองบัวลำภู,0
2568,2025,2,ก.พ.,2025-02,40,ขอนแก่น,0
2568,2025,2,ก.พ.,2025-02,41,อุดรธานี,0
2568,2025,2,ก.พ.,2025-02,42,เลย,0
2568,2025,2,ก.พ.,2025-02,43,หนองคาย,0
2568,2025,2,ก.พ.,2025-02,44,มหาสารคาม,0
2568,2025,2,ก.พ.,2025-02,45,ร้อยเอ็ด,0
2568,2025,2,ก.พ.,2025-02,46,กาฬสินธุ์,0
2568,2025,2,ก.พ.,2025-02,47,สกลนคร,0
2568,2025,2,ก.พ.,2025-02,48,นครพนม,0
2568,2025,2,ก.พ.,2025-02,49,มุกดาหาร,0
2568,2025,2,ก.พ.,2025-02,50,เชียงใหม่,4
2568,2025,2,ก.พ.,2025-02,51,ลำพูน,1
2568,2025,2,ก.พ.,2025-02,52,ลำปาง,0
2568,2025,2,ก.พ.,2025-02,53,อุตรดิตถ์,0
2568,2025,2,ก.พ.,2025-02,54,แพร่,0
2568,2025,2,ก.พ.,2025-02,55,น่าน,0
2568,2025,2,ก.พ.,2025-02,56,พะเยา,0
2568,2025,2,ก.พ.,2025-02,57,เชียงราย,0
2568,2025,2,ก.พ.,2025-02,58,แม่ฮ่องสอน,29
2568,2025,2,ก.พ.,2025-02,60,นครสวรรค์,0
2568,2025,2,ก.พ.,2025-02,61,อุทัยธานี,3
2568,2025,2,ก.พ.,2025-02,62,กำแพงเพชร,1
2568,2025,2,ก.พ.,2025-02,63,ตาก,138
2568,2025,2,ก.พ.,2025-02,64,สุโขทัย,0
2568,2025,2,ก.พ.,2025-02,65,พิษณุโลก,0
2568,2025,2,ก.พ.,2025-02,66,พิจิตร,0
2568,2025,2,ก.พ.,2025-02,67,เพชรบูรณ์,0
2568,2025,2,ก.พ.,2025-02,70,ราชบุรี,8
2568,2025,2,ก.พ.,2025-02,71,กาญจนบุรี,40
2568,2025,2,ก.พ.,2025-02,72,สุพรรณบุรี,0
2568,2025,2,ก.พ.,2025-02,73,นครปฐม,1
2568,2025,2,ก.พ.,2025-02,74,สมุทรสาคร,3
2568,2025,2,ก.พ.,2025-02,75,สมุทรสงคราม,0
2568,2025,2,ก.พ.,2025-02,76,เพชรบุรี,14
2568,2025,2,ก.พ.,2025-02,77,ประจวบคีรีขันธ์,40
2568,2025,2,ก.พ.,2025-02,80,นครศรีธรรมราช,0
2568,2025,2,ก.พ.,2025-02,81,กระบี่,0
2568,2025,2,ก.พ.,2025-02,82,พังงา,1
2568,2025,2,ก.พ.,2025-02,83,ภูเก็ต,0
2568,2025,2,ก.พ.,2025-02,84,สุราษฎร์ธานี,1
2568,2025,2,ก.พ.,2025-02,85,ระนอง,12
2568,2025,2,ก.พ.,2025-02,86,ชุมพร,7
2568,2025,2,ก.พ.,2025-02,90,สงขลา,0
2568,2025,2,ก.พ.,2025-02,91,สตูล,0
2568,2025,2,ก.พ.,2025-02,92,ตรัง,0
2568,2025,2,ก.พ.,2025-02,93,พัทลุง,0
2568,2025,2,ก.พ.,2025-02,94,ปัตตานี,0
2568,2025,2,ก.พ.,2025-02,95,ยะลา,1
2568,2025,2,ก.พ.,2025-02,96,นราธิวาส,0
2568,2025,3,มี.ค.,2025-03,10,กรุงเทพฯ,3
2568,2025,3,มี.ค.,2025-03,11,สมุทรปราการ,1
2568,2025,3,มี.ค.,2025-03,12,นนทบุรี,1
2568,2025,3,มี.ค.,2025-03,13,ปทุมธานี,1
2568,2025,3,มี.ค.,2025-03,14,พระนครศรีอยุธยา,0
2568,2025,3,มี.ค.,2025-03,15,อ่างทอง,1
2568,2025,3,มี.ค.,2025-03,16,ลพบุรี,0
2568,2025,3,มี.ค.,2025-03,17,สิงห์บุรี,0
2568,2025,3,มี.ค.,2025-03,18,ชัยนาท,0
2568,2025,3,มี.ค.,2025-03,19,สระบุรี,0
2568,2025,3,มี.ค.,2025-03,20,ชลบุรี,2
2568,2025,3,มี.ค.,2025-03,21,ระยอง,14
2568,2025,3,มี.ค.,2025-03,22,จันทบุรี,0
2568,2025,3,มี.ค.,2025-03,23,ตราด,0
2568,2025,3,มี.ค.,2025-03,24,ฉะเชิงเทรา,1
2568,2025,3,มี.ค.,2025-03,25,ปราจีนบุรี,0
2568,2025,3,มี.ค.,2025-03,26,นครนายก,0
2568,2025,3,มี.ค.,2025-03,27,สระแก้ว,0
2568,2025,3,มี.ค.,2025-03,30,นครราชสีมา,0
2568,2025,3,มี.ค.,2025-03,31,บุรีรัมย์,0
2568,2025,3,มี.ค.,2025-03,32,สุรินทร์,0
2568,2025,3,มี.ค.,2025-03,33,ศรีสะเกษ,0
2568,2025,3,มี.ค.,2025-03,34,อุบลราชธานี,0
2568,2025,3,มี.ค.,2025-03,35,ยโสธร,0
2568,2025,3,มี.ค.,2025-03,36,ชัยภูมิ,0
2568,2025,3,มี.ค.,2025-03,37,อำนาจเจริญ,0
2568,2025,3,มี.ค.,2025-03,38,บึงกาฬ,0
2568,2025,3,มี.ค.,2025-03,39,หนองบัวลำภู,0
2568,2025,3,มี.ค.,2025-03,40,ขอนแก่น,0
2568,2025,3,มี.ค.,2025-03,41,อุดรธานี,0
2568,2025,3,มี.ค.,2025-03,42,เลย,0
2568,2025,3,มี.ค.,2025-03,43,หนองคาย,0
2568,2025,3,มี.ค.,2025-03,44,มหาสารคาม,1
2568,2025,3,มี.ค.,2025-03,45,ร้อยเอ็ด,0
2568,2025,3,มี.ค.,2025-03,46,กาฬสินธุ์,0
2568,2025,3,มี.ค.,2025-03,47,สกลนคร,1
2568,2025,3,มี.ค.,2025-03,48,นครพนม,1
2568,2025,3,มี.ค.,2025-03,49,มุกดาหาร,0
2568,2025,3,มี.ค.,2025-03,50,เชียงใหม่,5
2568,2025,3,มี.ค.,2025-03,51,ลำพูน,0
2568,2025,3,มี.ค.,2025-03,52,ลำปาง,0
2568,2025,3,มี.ค.,2025-03,53,อุตรดิตถ์,0
2568,2025,3,มี.ค.,2025-03,54,แพร่,0
2568,2025,3,มี.ค.,2025-03,55,น่าน,0
2568,2025,3,มี.ค.,2025-03,56,พะเยา,0
2568,2025,3,มี.ค.,2025-03,57,เชียงราย,0
2568,2025,3,มี.ค.,2025-03,58,แม่ฮ่องสอน,41
2568,2025,3,มี.ค.,2025-03,60,นครสวรรค์,1
2568,2025,3,มี.ค.,2025-03,61,อุทัยธานี,6
2568,2025,3,มี.ค.,2025-03,62,กำแพงเพชร,1
2568,2025,3,มี.ค.,2025-03,63,ตาก,232
2568,2025,3,มี.ค.,2025-03,64,สุโขทัย,0
2568,2025,3,มี.ค.,2025-03,65,พิษณุโลก,0
2568,2025,3,มี.ค.,2025-03,66,พิจิตร,0
2568,2025,3,มี.ค.,2025-03,67,เพชรบูรณ์,0
2568,2025,3,มี.ค.,2025-03,70,ราชบุรี,18
2568,2025,3,มี.ค.,2025-03,71,กาญจนบุรี,75
2568,2025,3,มี.ค.,2025-03,72,สุพรรณบุรี,1
2568,2025,3,มี.ค.,2025-03,73,นครปฐม,0
2568,2025,3,มี.ค.,2025-03,74,สมุทรสาคร,2
2568,2025,3,มี.ค.,2025-03,75,สมุทรสงคราม,0
2568,2025,3,มี.ค.,2025-03,76,เพชรบุรี,15
2568,2025,3,มี.ค.,2025-03,77,ประจวบคีรีขันธ์,52
2568,2025,3,มี.ค.,2025-03,80,นครศรีธรรมราช,1
2568,2025,3,มี.ค.,2025-03,81,กระบี่,1
2568,2025,3,มี.ค.,2025-03,82,พังงา,3
2568,2025,3,มี.ค.,2025-03,83,ภูเก็ต,0
2568,2025,3,มี.ค.,2025-03,84,สุราษฎร์ธานี,2
2568,2025,3,มี.ค.,2025-03,85,ระนอง,18
2568,2025,3,มี.ค.,2025-03,86,ชุมพร,29
2568,2025,3,มี.ค.,2025-03,90,สงขลา,0
2568,2025,3,มี.ค.,2025-03,91,สตูล,0
2568,2025,3,มี.ค.,2025-03,92,ตรัง,1
2568,2025,3,มี.ค.,2025-03,93,พัทลุง,0
2568,2025,3,มี.ค.,2025-03,94,ปัตตานี,0
2568,2025,3,มี.ค.,2025-03,95,ยะลา,2
2568,2025,3,มี.ค.,2025-03,96,นราธิวาส,0
2568,2025,4,เม.ย.,2025-04,10,กรุงเทพฯ,5
2568,2025,4,เม.ย.,2025-04,11,สมุทรปราการ,1
2568,2025,4,เม.ย.,2025-04,12,นนทบุรี,3
2568,2025,4,เม.ย.,2025-04,13,ปทุมธานี,1
2568,2025,4,เม.ย.,2025-04,14,พระนครศรีอยุธยา,0
2568,2025,4,เม.ย.,2025-04,15,อ่างทอง,1
2568,2025,4,เม.ย.,2025-04,16,ลพบุรี,0
2568,2025,4,เม.ย.,2025-04,17,สิงห์บุรี,0
2568,2025,4,เม.ย.,2025-04,18,ชัยนาท,0
2568,2025,4,เม.ย.,2025-04,19,สระบุรี,0
2568,2025,4,เม.ย.,2025-04,20,ชลบุรี,2
2568,2025,4,เม.ย.,2025-04,21,ระยอง,25
2568,2025,4,เม.ย.,2025-04,22,จันทบุรี,0
2568,2025,4,เม.ย.,2025-04,23,ตราด,1
2568,2025,4,เม.ย.,2025-04,24,ฉะเชิงเทรา,0
2568,2025,4,เม.ย.,2025-04,25,ปราจีนบุรี,0
2568,2025,4,เม.ย.,2025-04,26,นครนายก,0
2568,2025,4,เม.ย.,2025-04,27,สระแก้ว,0
2568,2025,4,เม.ย.,2025-04,30,นครราชสีมา,0
2568,2025,4,เม.ย.,2025-04,31,บุรีรัมย์,0
2568,2025,4,เม.ย.,2025-04,32,สุรินทร์,0
2568,2025,4,เม.ย.,2025-04,33,ศรีสะเกษ,0
2568,2025,4,เม.ย.,2025-04,34,อุบลราชธานี,0
2568,2025,4,เม.ย.,2025-04,35,ยโสธร,0
2568,2025,4,เม.ย.,2025-04,36,ชัยภูมิ,0
2568,2025,4,เม.ย.,2025-04,37,อำนาจเจริญ,0
2568,2025,4,เม.ย.,2025-04,38,บึงกาฬ,0
2568,2025,4,เม.ย.,2025-04,39,หนองบัวลำภู,0
2568,2025,4,เม.ย.,2025-04,40,ขอนแก่น,0
2568,2025,4,เม.ย.,2025-04,41,อุดรธานี,0
2568,2025,4,เม.ย.,2025-04,42,เลย,0
2568,2025,4,เม.ย.,2025-04,43,หนองคาย,0
2568,2025,4,เม.ย.,2025-04,44,มหาสารคาม,0
2568,2025,4,เม.ย.,2025-04,45,ร้อยเอ็ด,0
2568,2025,4,เม.ย.,2025-04,46,กาฬสินธุ์,0
2568,2025,4,เม.ย.,2025-04,47,สกลนคร,0
2568,2025,4,เม.ย.,2025-04,48,นครพนม,0
2568,2025,4,เม.ย.,2025-04,49,มุกดาหาร,0
2568,2025,4,เม.ย.,2025-04,50,เชียงใหม่,7
2568,2025,4,เม.ย.,2025-04,51,ลำพูน,2
2568,2025,4,เม.ย.,2025-04,52,ลำปาง,1
2568,2025,4,เม.ย.,2025-04,53,อุตรดิตถ์,0
2568,2025,4,เม.ย.,2025-04,54,แพร่,0
2568,2025,4,เม.ย.,2025-04,55,น่าน,0
2568,2025,4,เม.ย.,2025-04,56,พะเยา,0
2568,2025,4,เม.ย.,2025-04,57,เชียงราย,0
2568,2025,4,เม.ย.,2025-04,58,แม่ฮ่องสอน,70
2568,2025,4,เม.ย.,2025-04,60,นครสวรรค์,0
2568,2025,4,เม.ย.,2025-04,61,อุทัยธานี,27
2568,2025,4,เม.ย.,2025-04,62,กำแพงเพชร,2
2568,2025,4,เม.ย.,2025-04,63,ตาก,371
2568,2025,4,เม.ย.,2025-04,64,สุโขทัย,2
2568,2025,4,เม.ย.,2025-04,65,พิษณุโลก,0
2568,2025,4,เม.ย.,2025-04,66,พิจิตร,0
2568,2025,4,เม.ย.,2025-04,67,เพชรบูรณ์,3
2568,2025,4,เม.ย.,2025-04,70,ราชบุรี,39
2568,2025,4,เม.ย.,2025-04,71,กาญจนบุรี,162
2568,2025,4,เม.ย.,2025-04,72,สุพรรณบุรี,1
2568,2025,4,เม.ย.,2025-04,73,นครปฐม,2
2568,2025,4,เม.ย.,2025-04,74,สมุทรสาคร,0
2568,2025,4,เม.ย.,2025-04,75,สมุทรสงคราม,0
2568,2025,4,เม.ย.,2025-04,76,เพชรบุรี,33
2568,2025,4,เม.ย.,2025-04,77,ประจวบคีรีขันธ์,92
2568,2025,4,เม.ย.,2025-04,80,นครศรีธรรมราช,0
2568,2025,4,เม.ย.,2025-04,81,กระบี่,3
2568,2025,4,เม.ย.,2025-04,82,พังงา,12
2568,2025,4,เม.ย.,2025-04,83,ภูเก็ต,1
2568,2025,4,เม.ย.,2025-04,84,สุราษฎร์ธานี,3
2568,2025,4,เม.ย.,2025-04,85,ระนอง,77
2568,2025,4,เม.ย.,2025-04,86,ชุมพร,20
2568,2025,4,เม.ย.,2025-04,90,สงขลา,1
2568,2025,4,เม.ย.,2025-04,91,สตูล,0
2568,2025,4,เม.ย.,2025-04,92,ตรัง,2
2568,2025,4,เม.ย.,2025-04,93,พัทลุง,0
2568,2025,4,เม.ย.,2025-04,94,ปัตตานี,0
2568,2025,4,เม.ย.,2025-04,95,ยะลา,1
2568,2025,4,เม.ย.,2025-04,96,นราธิวาส,0
2568,2025,5,พ.ค.,2025-05,10,กรุงเทพฯ,12
2568,2025,5,พ.ค.,2025-05,11,สมุทรปราการ,4
2568,2025,5,พ.ค.,2025-05,12,นนทบุรี,2
2568,2025,5,พ.ค.,2025-05,13,ปทุมธานี,2
2568,2025,5,พ.ค.,2025-05,14,พระนครศรีอยุธยา,2
2568,2025,5,พ.ค.,2025-05,15,อ่างทอง,0
2568,2025,5,พ.ค.,2025-05,16,ลพบุรี,1
2568,2025,5,พ.ค.,2025-05,17,สิงห์บุรี,0
2568,2025,5,พ.ค.,2025-05,18,ชัยนาท,1
2568,2025,5,พ.ค.,2025-05,19,สระบุรี,1
2568,2025,5,พ.ค.,2025-05,20,ชลบุรี,3
2568,2025,5,พ.ค.,2025-05,21,ระยอง,37
2568,2025,5,พ.ค.,2025-05,22,จันทบุรี,1
2568,2025,5,พ.ค.,2025-05,23,ตราด,1
2568,2025,5,พ.ค.,2025-05,24,ฉะเชิงเทรา,3
2568,2025,5,พ.ค.,2025-05,25,ปราจีนบุรี,0
2568,2025,5,พ.ค.,2025-05,26,นครนายก,0
2568,2025,5,พ.ค.,2025-05,27,สระแก้ว,1
2568,2025,5,พ.ค.,2025-05,30,นครราชสีมา,2
2568,2025,5,พ.ค.,2025-05,31,บุรีรัมย์,1
2568,2025,5,พ.ค.,2025-05,32,สุรินทร์,0
2568,2025,5,พ.ค.,2025-05,33,ศรีสะเกษ,0
2568,2025,5,พ.ค.,2025-05,34,อุบลราชธานี,1
2568,2025,5,พ.ค.,2025-05,35,ยโสธร,0
2568,2025,5,พ.ค.,2025-05,36,ชัยภูมิ,0
2568,2025,5,พ.ค.,2025-05,37,อำนาจเจริญ,0
2568,2025,5,พ.ค.,2025-05,38,บึงกาฬ,0
2568,2025,5,พ.ค.,2025-05,39,หนองบัวลำภู,0
2568,2025,5,พ.ค.,2025-05,40,ขอนแก่น,0
2568,2025,5,พ.ค.,2025-05,41,อุดรธานี,0
2568,2025,5,พ.ค.,2025-05,42,เลย,0
2568,2025,5,พ.ค.,2025-05,43,หนองคาย,0
2568,2025,5,พ.ค.,2025-05,44,มหาสารคาม,1
2568,2025,5,พ.ค.,2025-05,45,ร้อยเอ็ด,0
2568,2025,5,พ.ค.,2025-05,46,กาฬสินธุ์,0
2568,2025,5,พ.ค.,2025-05,47,สกลนคร,0
2568,2025,5,พ.ค.,2025-05,48,นครพนม,0
2568,2025,5,พ.ค.,2025-05,49,มุกดาหาร,0
2568,2025,5,พ.ค.,2025-05,50,เชียงใหม่,18
2568,2025,5,พ.ค.,2025-05,51,ลำพูน,0
2568,2025,5,พ.ค.,2025-05,52,ลำปาง,0
2568,2025,5,พ.ค.,2025-05,53,อุตรดิตถ์,0
2568,2025,5,พ.ค.,2025-05,54,แพร่,1
2568,2025,5,พ.ค.,2025-05,55,น่าน,2
2568,2025,5,พ.ค.,2025-05,56,พะเยา,0
2568,2025,5,พ.ค.,2025-05,57,เชียงราย,0
2568,2025,5,พ.ค.,2025-05,58,แม่ฮ่องสอน,164
2568,2025,5,พ.ค.,2025-05,60,นครสวรรค์,4
2568,2025,5,พ.ค.,2025-05,61,อุทัยธานี,20
2568,2025,5,พ.ค.,2025-05,62,กำแพงเพชร,6
2568,2025,5,พ.ค.,2025-05,63,ตาก,818
2568,2025,5,พ.ค.,2025-05,64,สุโขทัย,0
2568,2025,5,พ.ค.,2025-05,65,พิษณุโลก,2
2568,2025,5,พ.ค.,2025-05,66,พิจิตร,0
2568,2025,5,พ.ค.,2025-05,67,เพชรบูรณ์,1
2568,2025,5,พ.ค.,2025-05,70,ราชบุรี,166
2568,2025,5,พ.ค.,2025-05,71,กาญจนบุรี,534
2568,2025,5,พ.ค.,2025-05,72,สุพรรณบุรี,5
2568,2025,5,พ.ค.,2025-05,73,นครปฐม,7
2568,2025,5,พ.ค.,2025-05,74,สมุทรสาคร,1
2568,2025,5,พ.ค.,2025-05,75,สมุทรสงคราม,1
2568,2025,5,พ.ค.,2025-05,76,เพชรบุรี,96
2568,2025,5,พ.ค.,2025-05,77,ประจวบคีรีขันธ์,336
2568,2025,5,พ.ค.,2025-05,80,นครศรีธรรมราช,0
2568,2025,5,พ.ค.,2025-05,81,กระบี่,1
2568,2025,5,พ.ค.,2025-05,82,พังงา,44
2568,2025,5,พ.ค.,2025-05,83,ภูเก็ต,0
2568,2025,5,พ.ค.,2025-05,84,สุราษฎร์ธานี,7
2568,2025,5,พ.ค.,2025-05,85,ระนอง,88
2568,2025,5,พ.ค.,2025-05,86,ชุมพร,151
2568,2025,5,พ.ค.,2025-05,90,สงขลา,1
2568,2025,5,พ.ค.,2025-05,91,สตูล,0
2568,2025,5,พ.ค.,2025-05,92,ตรัง,3
2568,2025,5,พ.ค.,2025-05,93,พัทลุง,0
2568,2025,5,พ.ค.,2025-05,94,ปัตตานี,0
2568,2025,5,พ.ค.,2025-05,95,ยะลา,5
2568,2025,5,พ.ค.,2025-05,96,นราธิวาส,5
2568,2025,6,มิ.ย.,2025-06,10,กรุงเทพฯ,10
2568,2025,6,มิ.ย.,2025-06,11,สมุทรปราการ,1
2568,2025,6,มิ.ย.,2025-06,12,นนทบุรี,2
2568,2025,6,มิ.ย.,2025-06,13,ปทุมธานี,2
2568,2025,6,มิ.ย.,2025-06,14,พระนครศรีอยุธยา,0
2568,2025,6,มิ.ย.,2025-06,15,อ่างทอง,0
2568,2025,6,มิ.ย.,2025-06,16,ลพบุรี,1
2568,2025,6,มิ.ย.,2025-06,17,สิงห์บุรี,0
2568,2025,6,มิ.ย.,2025-06,18,ชัยนาท,0
2568,2025,6,มิ.ย.,2025-06,19,สระบุรี,0
2568,2025,6,มิ.ย.,2025-06,20,ชลบุรี,2
2568,2025,6,มิ.ย.,2025-06,21,ระยอง,33
2568,2025,6,มิ.ย.,2025-06,22,จันทบุรี,0
2568,2025,6,มิ.ย.,2025-06,23,ตราด,0
2568,2025,6,มิ.ย.,2025-06,24,ฉะเชิงเทรา,1
2568,2025,6,มิ.ย.,2025-06,25,ปราจีนบุรี,0
2568,2025,6,มิ.ย.,2025-06,26,นครนายก,1
2568,2025,6,มิ.ย.,2025-06,27,สระแก้ว,0
2568,2025,6,มิ.ย.,2025-06,30,นครราชสีมา,0
2568,2025,6,มิ.ย.,2025-06,31,บุรีรัมย์,0
2568,2025,6,มิ.ย.,2025-06,32,สุรินทร์,0
2568,2025,6,มิ.ย.,2025-06,33,ศรีสะเกษ,0
2568,2025,6,มิ.ย.,2025-06,34,อุบลราชธานี,0
2568,2025,6,มิ.ย.,2025-06,35,ยโสธร,0
2568,2025,6,มิ.ย.,2025-06,36,ชัยภูมิ,0
2568,2025,6,มิ.ย.,2025-06,37,อำนาจเจริญ,0
2568,2025,6,มิ.ย.,2025-06,38,บึงกาฬ,0
2568,2025,6,มิ.ย.,2025-06,39,หนองบัวลำภู,0
2568,2025,6,มิ.ย.,2025-06,40,ขอนแก่น,3
2568,2025,6,มิ.ย.,2025-06,41,อุดรธานี,0
2568,2025,6,มิ.ย.,2025-06,42,เลย,0
2568,2025,6,มิ.ย.,2025-06,43,หนองคาย,0
2568,2025,6,มิ.ย.,2025-06,44,มหาสารคาม,0
2568,2025,6,มิ.ย.,2025-06,45,ร้อยเอ็ด,0
2568,2025,6,มิ.ย.,2025-06,46,กาฬสินธุ์,0
2568,2025,6,มิ.ย.,2025-06,47,สกลนคร,0
2568,2025,6,มิ.ย.,2025-06,48,นครพนม,0
2568,2025,6,มิ.ย.,2025-06,49,มุกดาหาร,0
2568,2025,6,มิ.ย.,2025-06,50,เชียงใหม่,7
2568,2025,6,มิ.ย.,2025-06,51,ลำพูน,3
2568,2025,6,มิ.ย.,2025-06,52,ลำปาง,1
2568,2025,6,มิ.ย.,2025-06,53,อุตรดิตถ์,0
2568,2025,6,มิ.ย.,2025-06,54,แพร่,0
2568,2025,6,มิ.ย.,2025-06,55,น่าน,0
2568,2025,6,มิ.ย.,2025-06,56,พะเยา,0
2568,2025,6,มิ.ย.,2025-06,57,เชียงราย,1
2568,2025,6,มิ.ย.,2025-06,58,แม่ฮ่องสอน,240
2568,2025,6,มิ.ย.,2025-06,60,นครสวรรค์,0
2568,2025,6,มิ.ย.,2025-06,61,อุทัยธานี,10
2568,2025,6,มิ.ย.,2025-06,62,กำแพงเพชร,4
2568,2025,6,มิ.ย.,2025-06,63,ตาก,1065
2568,2025,6,มิ.ย.,2025-06,64,สุโขทัย,0
2568,2025,6,มิ.ย.,2025-06,65,พิษณุโลก,2
2568,2025,6,มิ.ย.,2025-06,66,พิจิตร,0
2568,2025,6,มิ.ย.,2025-06,67,เพชรบูรณ์,0
2568,2025,6,มิ.ย.,2025-06,70,ราชบุรี,134
2568,2025,6,มิ.ย.,2025-06,71,กาญจนบุรี,380
2568,2025,6,มิ.ย.,2025-06,72,สุพรรณบุรี,16
2568,2025,6,มิ.ย.,2025-06,73,นครปฐม,1
2568,2025,6,มิ.ย.,2025-06,74,สมุทรสาคร,1
2568,2025,6,มิ.ย.,2025-06,75,สมุทรสงคราม,0
2568,2025,6,มิ.ย.,2025-06,76,เพชรบุรี,52
2568,2025,6,มิ.ย.,2025-06,77,ประจวบคีรีขันธ์,239
2568,2025,6,มิ.ย.,2025-06,80,นครศรีธรรมราช,1
2568,2025,6,มิ.ย.,2025-06,81,กระบี่,2
2568,2025,6,มิ.ย.,2025-06,82,พังงา,10
2568,2025,6,มิ.ย.,2025-06,83,ภูเก็ต,2
2568,2025,6,มิ.ย.,2025-06,84,สุราษฎร์ธานี,8
2568,2025,6,มิ.ย.,2025-06,85,ระนอง,26
2568,2025,6,มิ.ย.,2025-06,86,ชุมพร,84
2568,2025,6,มิ.ย.,2025-06,90,สงขลา,0
2568,2025,6,มิ.ย.,2025-06,91,สตูล,0
2568,2025,6,มิ.ย.,2025-06,92,ตรัง,0
2568,2025,6,มิ.ย.,2025-06,93,พัทลุง,0
2568,2025,6,มิ.ย.,2025-06,94,ปัตตานี,0
2568,2025,6,มิ.ย.,2025-06,95,ยะลา,4
2568,2025,6,มิ.ย.,2025-06,96,นราธิวาส,2
2568,2025,7,ก.ค.,2025-07,10,กรุงเทพฯ,5
2568,2025,7,ก.ค.,2025-07,11,สมุทรปราการ,0
2568,2025,7,ก.ค.,2025-07,12,นนทบุรี,2
2568,2025,7,ก.ค.,2025-07,13,ปทุมธานี,0
2568,2025,7,ก.ค.,2025-07,14,พระนครศรีอยุธยา,0
2568,2025,7,ก.ค.,2025-07,15,อ่างทอง,0
2568,2025,7,ก.ค.,2025-07,16,ลพบุรี,1
2568,2025,7,ก.ค.,2025-07,17,สิงห์บุรี,0
2568,2025,7,ก.ค.,2025-07,18,ชัยนาท,1
2568,2025,7,ก.ค.,2025-07,19,สระบุรี,0
2568,2025,7,ก.ค.,2025-07,20,ชลบุรี,1
2568,2025,7,ก.ค.,2025-07,21,ระยอง,24
2568,2025,7,ก.ค.,2025-07,22,จันทบุรี,0
2568,2025,7,ก.ค.,2025-07,23,ตราด,1
2568,2025,7,ก.ค.,2025-07,24,ฉะเชิงเทรา,0
2568,2025,7,ก.ค.,2025-07,25,ปราจีนบุรี,0
2568,2025,7,ก.ค.,2025-07,26,นครนายก,0
2568,2025,7,ก.ค.,2025-07,27,สระแก้ว,0
2568,2025,7,ก.ค.,2025-07,30,นครราชสีมา,0
2568,2025,7,ก.ค.,2025-07,31,บุรีรัมย์,1
2568,2025,7,ก.ค.,2025-07,32,สุรินทร์,0
2568,2025,7,ก.ค.,2025-07,33,ศรีสะเกษ,0
2568,2025,7,ก.ค.,2025-07,34,อุบลราชธานี,0
2568,2025,7,ก.ค.,2025-07,35,ยโสธร,0
2568,2025,7,ก.ค.,2025-07,36,ชัยภูมิ,0
2568,2025,7,ก.ค.,2025-07,37,อำนาจเจริญ,0
2568,2025,7,ก.ค.,2025-07,38,บึงกาฬ,0
2568,2025,7,ก.ค.,2025-07,39,หนองบัวลำภู,0
2568,2025,7,ก.ค.,2025-07,40,ขอนแก่น,0
2568,2025,7,ก.ค.,2025-07,41,อุดรธานี,0
2568,2025,7,ก.ค.,2025-07,42,เลย,0
2568,2025,7,ก.ค.,2025-07,43,หนองคาย,0
2568,2025,7,ก.ค.,2025-07,44,มหาสารคาม,0
2568,2025,7,ก.ค.,2025-07,45,ร้อยเอ็ด,1
2568,2025,7,ก.ค.,2025-07,46,กาฬสินธุ์,0
2568,2025,7,ก.ค.,2025-07,47,สกลนคร,0
2568,2025,7,ก.ค.,2025-07,48,นครพนม,0
2568,2025,7,ก.ค.,2025-07,49,มุกดาหาร,0
2568,2025,7,ก.ค.,2025-07,50,เชียงใหม่,15
2568,2025,7,ก.ค.,2025-07,51,ลำพูน,0
2568,2025,7,ก.ค.,2025-07,52,ลำปาง,1
2568,2025,7,ก.ค.,2025-07,53,อุตรดิตถ์,0
2568,2025,7,ก.ค.,2025-07,54,แพร่,0
2568,2025,7,ก.ค.,2025-07,55,น่าน,0
2568,2025,7,ก.ค.,2025-07,56,พะเยา,1
2568,2025,7,ก.ค.,2025-07,57,เชียงราย,1
2568,2025,7,ก.ค.,2025-07,58,แม่ฮ่องสอน,114
2568,2025,7,ก.ค.,2025-07,60,นครสวรรค์,1
2568,2025,7,ก.ค.,2025-07,61,อุทัยธานี,15
2568,2025,7,ก.ค.,2025-07,62,กำแพงเพชร,0
2568,2025,7,ก.ค.,2025-07,63,ตาก,657
2568,2025,7,ก.ค.,2025-07,64,สุโขทัย,0
2568,2025,7,ก.ค.,2025-07,65,พิษณุโลก,7
2568,2025,7,ก.ค.,2025-07,66,พิจิตร,0
2568,2025,7,ก.ค.,2025-07,67,เพชรบูรณ์,0
2568,2025,7,ก.ค.,2025-07,70,ราชบุรี,58
2568,2025,7,ก.ค.,2025-07,71,กาญจนบุรี,210
2568,2025,7,ก.ค.,2025-07,72,สุพรรณบุรี,4
2568,2025,7,ก.ค.,2025-07,73,นครปฐม,1
2568,2025,7,ก.ค.,2025-07,74,สมุทรสาคร,1
2568,2025,7,ก.ค.,2025-07,75,สมุทรสงคราม,0
2568,2025,7,ก.ค.,2025-07,76,เพชรบุรี,32
2568,2025,7,ก.ค.,2025-07,77,ประจวบคีรีขันธ์,121
2568,2025,7,ก.ค.,2025-07,80,นครศรีธรรมราช,1
2568,2025,7,ก.ค.,2025-07,81,กระบี่,0
2568,2025,7,ก.ค.,2025-07,82,พังงา,7
2568,2025,7,ก.ค.,2025-07,83,ภูเก็ต,0
2568,2025,7,ก.ค.,2025-07,84,สุราษฎร์ธานี,4
2568,2025,7,ก.ค.,2025-07,85,ระนอง,16
2568,2025,7,ก.ค.,2025-07,86,ชุมพร,55
2568,2025,7,ก.ค.,2025-07,90,สงขลา,1
2568,2025,7,ก.ค.,2025-07,91,สตูล,1
2568,2025,7,ก.ค.,2025-07,92,ตรัง,0
2568,2025,7,ก.ค.,2025-07,93,พัทลุง,0
2568,2025,7,ก.ค.,2025-07,94,ปัตตานี,0
2568,2025,7,ก.ค.,2025-07,95,ยะลา,3
2568,2025,7,ก.ค.,2025-07,96,นราธิวาส,2
2568,2025,8,ส.ค.,2025-08,10,กรุงเทพฯ,6
2568,2025,8,ส.ค.,2025-08,11,สมุทรปราการ,0
2568,2025,8,ส.ค.,2025-08,12,นนทบุรี,1
2568,2025,8,ส.ค.,2025-08,13,ปทุมธานี,1
2568,2025,8,ส.ค.,2025-08,14,พระนครศรีอยุธยา,0
2568,2025,8,ส.ค.,2025-08,15,อ่างทอง,0
2568,2025,8,ส.ค.,2025-08,16,ลพบุรี,0
2568,2025,8,ส.ค.,2025-08,17,สิงห์บุรี,0
2568,2025,8,ส.ค.,2025-08,18,ชัยนาท,0
2568,2025,8,ส.ค.,2025-08,19,สระบุรี,0
2568,2025,8,ส.ค.,2025-08,20,ชลบุรี,2
2568,2025,8,ส.ค.,2025-08,21,ระยอง,25
2568,2025,8,ส.ค.,2025-08,22,จันทบุรี,1
2568,2025,8,ส.ค.,2025-08,23,ตราด,0
2568,2025,8,ส.ค.,2025-08,24,ฉะเชิงเทรา,0
2568,2025,8,ส.ค.,2025-08,25,ปราจีนบุรี,0
2568,2025,8,ส.ค.,2025-08,26,นครนายก,0
2568,2025,8,ส.ค.,2025-08,27,สระแก้ว,0
2568,2025,8,ส.ค.,2025-08,30,นครราชสีมา,0
2568,2025,8,ส.ค.,2025-08,31,บุรีรัมย์,1
2568,2025,8,ส.ค.,2025-08,32,สุรินทร์,0
2568,2025,8,ส.ค.,2025-08,33,ศรีสะเกษ,0
2568,2025,8,ส.ค.,2025-08,34,อุบลราชธานี,0
2568,2025,8,ส.ค.,2025-08,35,ยโสธร,0
2568,2025,8,ส.ค.,2025-08,36,ชัยภูมิ,0
2568,2025,8,ส.ค.,2025-08,37,อำนาจเจริญ,0
2568,2025,8,ส.ค.,2025-08,38,บึงกาฬ,0
2568,2025,8,ส.ค.,2025-08,39,หนองบัวลำภู,0
2568,2025,8,ส.ค.,2025-08,40,ขอนแก่น,0
2568,2025,8,ส.ค.,2025-08,41,อุดรธานี,0
2568,2025,8,ส.ค.,2025-08,42,เลย,0
2568,2025,8,ส.ค.,2025-08,43,หนองคาย,0
2568,2025,8,ส.ค.,2025-08,44,มหาสารคาม,0
2568,2025,8,ส.ค.,2025-08,45,ร้อยเอ็ด,0
2568,2025,8,ส.ค.,2025-08,46,กาฬสินธุ์,0
2568,2025,8,ส.ค.,2025-08,47,สกลนคร,0
2568,2025,8,ส.ค.,2025-08,48,นครพนม,0
2568,2025,8,ส.ค.,2025-08,49,มุกดาหาร,0
2568,2025,8,ส.ค.,2025-08,50,เชียงใหม่,14
2568,2025,8,ส.ค.,2025-08,51,ลำพูน,1
2568,2025,8,ส.ค.,2025-08,52,ลำปาง,1
2568,2025,8,ส.ค.,2025-08,53,อุตรดิตถ์,0
2568,2025,8,ส.ค.,2025-08,54,แพร่,1
2568,2025,8,ส.ค.,2025-08,55,น่าน,0
2568,2025,8,ส.ค.,2025-08,56,พะเยา,0
2568,2025,8,ส.ค.,2025-08,57,เชียงราย,0
2568,2025,8,ส.ค.,2025-08,58,แม่ฮ่องสอน,65
2568,2025,8,ส.ค.,2025-08,60,นครสวรรค์,2
2568,2025,8,ส.ค.,2025-08,61,อุทัยธานี,12
2568,2025,8,ส.ค.,2025-08,62,กำแพงเพชร,5
2568,2025,8,ส.ค.,2025-08,63,ตาก,345
2568,2025,8,ส.ค.,2025-08,64,สุโขทัย,0
2568,2025,8,ส.ค.,2025-08,65,พิษณุโลก,5
2568,2025,8,ส.ค.,2025-08,66,พิจิตร,0
2568,2025,8,ส.ค.,2025-08,67,เพชรบูรณ์,0
2568,2025,8,ส.ค.,2025-08,70,ราชบุรี,50
2568,2025,8,ส.ค.,2025-08,71,กาญจนบุรี,139
2568,2025,8,ส.ค.,2025-08,72,สุพรรณบุรี,14
2568,2025,8,ส.ค.,2025-08,73,นครปฐม,0
2568,2025,8,ส.ค.,2025-08,74,สมุทรสาคร,0
2568,2025,8,ส.ค.,2025-08,75,สมุทรสงคราม,1
2568,2025,8,ส.ค.,2025-08,76,เพชรบุรี,11
2568,2025,8,ส.ค.,2025-08,77,ประจวบคีรีขันธ์,80
2568,2025,8,ส.ค.,2025-08,80,นครศรีธรรมราช,1
2568,2025,8,ส.ค.,2025-08,81,กระบี่,0
2568,2025,8,ส.ค.,2025-08,82,พังงา,2
2568,2025,8,ส.ค.,2025-08,83,ภูเก็ต,0
2568,2025,8,ส.ค.,2025-08,84,สุราษฎร์ธานี,4
2568,2025,8,ส.ค.,2025-08,85,ระนอง,41
2568,2025,8,ส.ค.,2025-08,86,ชุมพร,22
2568,2025,8,ส.ค.,2025-08,90,สงขลา,0
2568,2025,8,ส.ค.,2025-08,91,สตูล,0
2568,2025,8,ส.ค.,2025-08,92,ตรัง,0
2568,2025,8,ส.ค.,2025-08,93,พัทลุง,0
2568,2025,8,ส.ค.,2025-08,94,ปัตตานี,0
2568,2025,8,ส.ค.,2025-08,95,ยะลา,2
2568,2025,8,ส.ค.,2025-08,96,นราธิวาส,1
2568,2025,9,ก.ย.,2025-09,10,กรุงเทพฯ,4
2568,2025,9,ก.ย.,2025-09,11,สมุทรปราการ,6
2568,2025,9,ก.ย.,2025-09,12,นนทบุรี,0
2568,2025,9,ก.ย.,2025-09,13,ปทุมธานี,2
2568,2025,9,ก.ย.,2025-09,14,พระนครศรีอยุธยา,1
2568,2025,9,ก.ย.,2025-09,15,อ่างทอง,0
2568,2025,9,ก.ย.,2025-09,16,ลพบุรี,1
2568,2025,9,ก.ย.,2025-09,17,สิงห์บุรี,0
2568,2025,9,ก.ย.,2025-09,18,ชัยนาท,0
2568,2025,9,ก.ย.,2025-09,19,สระบุรี,0
2568,2025,9,ก.ย.,2025-09,20,ชลบุรี,13
2568,2025,9,ก.ย.,2025-09,21,ระยอง,22
2568,2025,9,ก.ย.,2025-09,22,จันทบุรี,1
2568,2025,9,ก.ย.,2025-09,23,ตราด,0
2568,2025,9,ก.ย.,2025-09,24,ฉะเชิงเทรา,1
2568,2025,9,ก.ย.,2025-09,25,ปราจีนบุรี,0
2568,2025,9,ก.ย.,2025-09,26,นครนายก,1
2568,2025,9,ก.ย.,2025-09,27,สระแก้ว,0
2568,2025,9,ก.ย.,2025-09,30,นครราชสีมา,2
2568,2025,9,ก.ย.,2025-09,31,บุรีรัมย์,0
2568,2025,9,ก.ย.,2025-09,32,สุรินทร์,0
2568,2025,9,ก.ย.,2025-09,33,ศรีสะเกษ,1
2568,2025,9,ก.ย.,2025-09,34,อุบลราชธานี,1
2568,2025,9,ก.ย.,2025-09,35,ยโสธร,0
2568,2025,9,ก.ย.,2025-09,36,ชัยภูมิ,0
2568,2025,9,ก.ย.,2025-09,37,อำนาจเจริญ,0
2568,2025,9,ก.ย.,2025-09,38,บึงกาฬ,0
2568,2025,9,ก.ย.,2025-09,39,หนองบัวลำภู,0
2568,2025,9,ก.ย.,2025-09,40,ขอนแก่น,0
2568,2025,9,ก.ย.,2025-09,41,อุดรธานี,0
2568,2025,9,ก.ย.,2025-09,42,เลย,0
2568,2025,9,ก.ย.,2025-09,43,หนองคาย,0
2568,2025,9,ก.ย.,2025-09,44,มหาสารคาม,0
2568,2025,9,ก.ย.,2025-09,45,ร้อยเอ็ด,0
2568,2025,9,ก.ย.,2025-09,46,กาฬสินธุ์,0
2568,2025,9,ก.ย.,2025-09,47,สกลนคร,0
2568,2025,9,ก.ย.,2025-09,48,นครพนม,0
2568,2025,9,ก.ย.,2025-09,49,มุกดาหาร,0
2568,2025,9,ก.ย.,2025-09,50,เชียงใหม่,11
2568,2025,9,ก.ย.,2025-09,51,ลำพูน,0
2568,2025,9,ก.ย.,2025-09,52,ลำปาง,0
2568,2025,9,ก.ย.,2025-09,53,อุตรดิตถ์,0
2568,2025,9,ก.ย.,2025-09,54,แพร่,1
2568,2025,9,ก.ย.,2025-09,55,น่าน,0
2568,2025,9,ก.ย.,2025-09,56,พะเยา,0
2568,2025,9,ก.ย.,2025-09,57,เชียงราย,0
2568,2025,9,ก.ย.,2025-09,58,แม่ฮ่องสอน,59
2568,2025,9,ก.ย.,2025-09,60,นครสวรรค์,0
2568,2025,9,ก.ย.,2025-09,61,อุทัยธานี,4
2568,2025,9,ก.ย.,2025-09,62,กำแพงเพชร,0
2568,2025,9,ก.ย.,2025-09,63,ตาก,255
2568,2025,9,ก.ย.,2025-09,64,สุโขทัย,0
2568,2025,9,ก.ย.,2025-09,65,พิษณุโลก,1
2568,2025,9,ก.ย.,2025-09,66,พิจิตร,0
2568,2025,9,ก.ย.,2025-09,67,เพชรบูรณ์,2
2568,2025,9,ก.ย.,2025-09,70,ราชบุรี,48
2568,2025,9,ก.ย.,2025-09,71,กาญจนบุรี,94
2568,2025,9,ก.ย.,2025-09,72,สุพรรณบุรี,3
2568,2025,9,ก.ย.,2025-09,73,นครปฐม,2
2568,2025,9,ก.ย.,2025-09,74,สมุทรสาคร,2
2568,2025,9,ก.ย.,2025-09,75,สมุทรสงคราม,0
2568,2025,9,ก.ย.,2025-09,76,เพชรบุรี,15
2568,2025,9,ก.ย.,2025-09,77,ประจวบคีรีขันธ์,63
2568,2025,9,ก.ย.,2025-09,80,นครศรีธรรมราช,1
2568,2025,9,ก.ย.,2025-09,81,กระบี่,0
2568,2025,9,ก.ย.,2025-09,82,พังงา,3
2568,2025,9,ก.ย.,2025-09,83,ภูเก็ต,0
2568,2025,9,ก.ย.,2025-09,84,สุราษฎร์ธานี,9
2568,2025,9,ก.ย.,2025-09,85,ระนอง,12
2568,2025,9,ก.ย.,2025-09,86,ชุมพร,33
2568,2025,9,ก.ย.,2025-09,90,สงขลา,0
2568,2025,9,ก.ย.,2025-09,91,สตูล,0
2568,2025,9,ก.ย.,2025-09,92,ตรัง,1
2568,2025,9,ก.ย.,2025-09,93,พัทลุง,0
2568,2025,9,ก.ย.,2025-09,94,ปัตตานี,0
2568,2025,9,ก.ย.,2025-09,95,ยะลา,3
2568,2025,9,ก.ย.,2025-09,96,นราธิวาส,0
2568,2025,10,ต.ค.,2025-10,10,กรุงเทพฯ,6
2568,2025,10,ต.ค.,2025-10,11,สมุทรปราการ,0
2568,2025,10,ต.ค.,2025-10,12,นนทบุรี,0
2568,2025,10,ต.ค.,2025-10,13,ปทุมธานี,0
2568,2025,10,ต.ค.,2025-10,14,พระนครศรีอยุธยา,0
2568,2025,10,ต.ค.,2025-10,15,อ่างทอง,0
2568,2025,10,ต.ค.,2025-10,16,ลพบุรี,1
2568,2025,10,ต.ค.,2025-10,17,สิงห์บุรี,0
2568,2025,10,ต.ค.,2025-10,18,ชัยนาท,0
2568,2025,10,ต.ค.,2025-10,19,สระบุรี,0
2568,2025,10,ต.ค.,2025-10,20,ชลบุรี,5
2568,2025,10,ต.ค.,2025-10,21,ระยอง,19
2568,2025,10,ต.ค.,2025-10,22,จันทบุรี,0
2568,2025,10,ต.ค.,2025-10,23,ตราด,0
2568,2025,10,ต.ค.,2025-10,24,ฉะเชิงเทรา,4
2568,2025,10,ต.ค.,2025-10,25,ปราจีนบุรี,0
2568,2025,10,ต.ค.,2025-10,26,นครนายก,0
2568,2025,10,ต.ค.,2025-10,27,สระแก้ว,0
2568,2025,10,ต.ค.,2025-10,30,นครราชสีมา,0
2568,2025,10,ต.ค.,2025-10,31,บุรีรัมย์,0
2568,2025,10,ต.ค.,2025-10,32,สุรินทร์,0
2568,2025,10,ต.ค.,2025-10,33,ศรีสะเกษ,0
2568,2025,10,ต.ค.,2025-10,34,อุบลราชธานี,0
2568,2025,10,ต.ค.,2025-10,35,ยโสธร,0
2568,2025,10,ต.ค.,2025-10,36,ชัยภูมิ,0
2568,2025,10,ต.ค.,2025-10,37,อำนาจเจริญ,0
2568,2025,10,ต.ค.,2025-10,38,บึงกาฬ,0
2568,2025,10,ต.ค.,2025-10,39,หนองบัวลำภู,0
2568,2025,10,ต.ค.,2025-10,40,ขอนแก่น,0
2568,2025,10,ต.ค.,2025-10,41,อุดรธานี,0
2568,2025,10,ต.ค.,2025-10,42,เลย,0
2568,2025,10,ต.ค.,2025-10,43,หนองคาย,0
2568,2025,10,ต.ค.,2025-10,44,มหาสารคาม,0
2568,2025,10,ต.ค.,2025-10,45,ร้อยเอ็ด,0
2568,2025,10,ต.ค.,2025-10,46,กาฬสินธุ์,0
2568,2025,10,ต.ค.,2025-10,47,สกลนคร,0
2568,2025,10,ต.ค.,2025-10,48,นครพนม,0
2568,2025,10,ต.ค.,2025-10,49,มุกดาหาร,0
2568,2025,10,ต.ค.,2025-10,50,เชียงใหม่,15
2568,2025,10,ต.ค.,2025-10,51,ลำพูน,1
2568,2025,10,ต.ค.,2025-10,52,ลำปาง,0
2568,2025,10,ต.ค.,2025-10,53,อุตรดิตถ์,0
2568,2025,10,ต.ค.,2025-10,54,แพร่,0
2568,2025,10,ต.ค.,2025-10,55,น่าน,0
2568,2025,10,ต.ค.,2025-10,56,พะเยา,0
2568,2025,10,ต.ค.,2025-10,57,เชียงราย,0
2568,2025,10,ต.ค.,2025-10,58,แม่ฮ่องสอน,52
2568,2025,10,ต.ค.,2025-10,60,นครสวรรค์,1
2568,2025,10,ต.ค.,2025-10,61,อุทัยธานี,1
2568,2025,10,ต.ค.,2025-10,62,กำแพงเพชร,2
2568,2025,10,ต.ค.,2025-10,63,ตาก,205
2568,2025,10,ต.ค.,2025-10,64,สุโขทัย,0
2568,2025,10,ต.ค.,2025-10,65,พิษณุโลก,0
2568,2025,10,ต.ค.,2025-10,66,พิจิตร,0
2568,2025,10,ต.ค.,2025-10,67,เพชรบูรณ์,0
2568,2025,10,ต.ค.,2025-10,70,ราชบุรี,36
2568,2025,10,ต.ค.,2025-10,71,กาญจนบุรี,69
2568,2025,10,ต.ค.,2025-10,72,สุพรรณบุรี,2
2568,2025,10,ต.ค.,2025-10,73,นครปฐม,1
2568,2025,10,ต.ค.,2025-10,74,สมุทรสาคร,0
2568,2025,10,ต.ค.,2025-10,75,สมุทรสงคราม,0
2568,2025,10,ต.ค.,2025-10,76,เพชรบุรี,8
2568,2025,10,ต.ค.,2025-10,77,ประจวบคีรีขันธ์,58
2568,2025,10,ต.ค.,2025-10,80,นครศรีธรรมราช,0
2568,2025,10,ต.ค.,2025-10,81,กระบี่,0
2568,2025,10,ต.ค.,2025-10,82,พังงา,0
2568,2025,10,ต.ค.,2025-10,83,ภูเก็ต,1
2568,2025,10,ต.ค.,2025-10,84,สุราษฎร์ธานี,4
2568,2025,10,ต.ค.,2025-10,85,ระนอง,17
2568,2025,10,ต.ค.,2025-10,86,ชุมพร,22
2568,2025,10,ต.ค.,2025-10,90,สงขลา,0
2568,2025,10,ต.ค.,2025-10,91,สตูล,0
2568,2025,10,ต.ค.,2025-10,92,ตรัง,4
2568,2025,10,ต.ค.,2025-10,93,พัทลุง,0
2568,2025,10,ต.ค.,2025-10,94,ปัตตานี,0
2568,2025,10,ต.ค.,2025-10,95,ยะลา,7
2568,2025,10,ต.ค.,2025-10,96,นราธิวาส,0
2568,2025,11,พ.ย.,2025-11,10,กรุงเทพฯ,8
2568,2025,11,พ.ย.,2025-11,11,สมุทรปราการ,1
2568,2025,11,พ.ย.,2025-11,12,นนทบุรี,0
2568,2025,11,พ.ย.,2025-11,13,ปทุมธานี,2
2568,2025,11,พ.ย.,2025-11,14,พระนครศรีอยุธยา,0
2568,2025,11,พ.ย.,2025-11,15,อ่างทอง,0
2568,2025,11,พ.ย.,2025-11,16,ลพบุรี,0
2568,2025,11,พ.ย.,2025-11,17,สิงห์บุรี,0
2568,2025,11,พ.ย.,2025-11,18,ชัยนาท,0
2568,2025,11,พ.ย.,2025-11,19,สระบุรี,1
2568,2025,11,พ.ย.,2025-11,20,ชลบุรี,2
2568,2025,11,พ.ย.,2025-11,21,ระยอง,25
2568,2025,11,พ.ย.,2025-11,22,จันทบุรี,0
2568,2025,11,พ.ย.,2025-11,23,ตราด,0
2568,2025,11,พ.ย.,2025-11,24,ฉะเชิงเทรา,0
2568,2025,11,พ.ย.,2025-11,25,ปราจีนบุรี,0
2568,2025,11,พ.ย.,2025-11,26,นครนายก,0
2568,2025,11,พ.ย.,2025-11,27,สระแก้ว,0
2568,2025,11,พ.ย.,2025-11,30,นครราชสีมา,0
2568,2025,11,พ.ย.,2025-11,31,บุรีรัมย์,0
2568,2025,11,พ.ย.,2025-11,32,สุรินทร์,0
2568,2025,11,พ.ย.,2025-11,33,ศรีสะเกษ,0
2568,2025,11,พ.ย.,2025-11,34,อุบลราชธานี,0
2568,2025,11,พ.ย.,2025-11,35,ยโสธร,0
2568,2025,11,พ.ย.,2025-11,36,ชัยภูมิ,0
2568,2025,11,พ.ย.,2025-11,37,อำนาจเจริญ,0
2568,2025,11,พ.ย.,2025-11,38,บึงกาฬ,0
2568,2025,11,พ.ย.,2025-11,39,หนองบัวลำภู,0
2568,2025,11,พ.ย.,2025-11,40,ขอนแก่น,0
2568,2025,11,พ.ย.,2025-11,41,อุดรธานี,0
2568,2025,11,พ.ย.,2025-11,42,เลย,0
2568,2025,11,พ.ย.,2025-11,43,หนองคาย,0
2568,2025,11,พ.ย.,2025-11,44,มหาสารคาม,1
2568,2025,11,พ.ย.,2025-11,45,ร้อยเอ็ด,0
2568,2025,11,พ.ย.,2025-11,46,กาฬสินธุ์,0
2568,2025,11,พ.ย.,2025-11,47,สกลนคร,0
2568,2025,11,พ.ย.,2025-11,48,นครพนม,0
2568,2025,11,พ.ย.,2025-11,49,มุกดาหาร,0
2568,2025,11,พ.ย.,2025-11,50,เชียงใหม่,7
2568,2025,11,พ.ย.,2025-11,51,ลำพูน,1
2568,2025,11,พ.ย.,2025-11,52,ลำปาง,1
2568,2025,11,พ.ย.,2025-11,53,อุตรดิตถ์,0
2568,2025,11,พ.ย.,2025-11,54,แพร่,0
2568,2025,11,พ.ย.,2025-11,55,น่าน,0
2568,2025,11,พ.ย.,2025-11,56,พะเยา,0
2568,2025,11,พ.ย.,2025-11,57,เชียงราย,0
2568,2025,11,พ.ย.,2025-11,58,แม่ฮ่องสอน,60
2568,2025,11,พ.ย.,2025-11,60,นครสวรรค์,0
2568,2025,11,พ.ย.,2025-11,61,อุทัยธานี,4
2568,2025,11,พ.ย.,2025-11,62,กำแพงเพชร,0
2568,2025,11,พ.ย.,2025-11,63,ตาก,344
2568,2025,11,พ.ย.,2025-11,64,สุโขทัย,0
2568,2025,11,พ.ย.,2025-11,65,พิษณุโลก,0
2568,2025,11,พ.ย.,2025-11,66,พิจิตร,1
2568,2025,11,พ.ย.,2025-11,67,เพชรบูรณ์,4
2568,2025,11,พ.ย.,2025-11,70,ราชบุรี,9
2568,2025,11,พ.ย.,2025-11,71,กาญจนบุรี,78
2568,2025,11,พ.ย.,2025-11,72,สุพรรณบุรี,1
2568,2025,11,พ.ย.,2025-11,73,นครปฐม,1
2568,2025,11,พ.ย.,2025-11,74,สมุทรสาคร,0
2568,2025,11,พ.ย.,2025-11,75,สมุทรสงคราม,0
2568,2025,11,พ.ย.,2025-11,76,เพชรบุรี,2
2568,2025,11,พ.ย.,2025-11,77,ประจวบคีรีขันธ์,46
2568,2025,11,พ.ย.,2025-11,80,นครศรีธรรมราช,0
2568,2025,11,พ.ย.,2025-11,81,กระบี่,0
2568,2025,11,พ.ย.,2025-11,82,พังงา,0
2568,2025,11,พ.ย.,2025-11,83,ภูเก็ต,1
2568,2025,11,พ.ย.,2025-11,84,สุราษฎร์ธานี,6
2568,2025,11,พ.ย.,2025-11,85,ระนอง,23
2568,2025,11,พ.ย.,2025-11,86,ชุมพร,13
2568,2025,11,พ.ย.,2025-11,90,สงขลา,0
2568,2025,11,พ.ย.,2025-11,91,สตูล,0
2568,2025,11,พ.ย.,2025-11,92,ตรัง,0
2568,2025,11,พ.ย.,2025-11,93,พัทลุง,0
2568,2025,11,พ.ย.,2025-11,94,ปัตตานี,0
2568,2025,11,พ.ย.,2025-11,95,ยะลา,2
2568,2025,11,พ.ย.,2025-11,96,นราธิวาส,0
2568,2025,12,ธ.ค.,2025-12,10,กรุงเทพฯ,0
2568,2025,12,ธ.ค.,2025-12,11,สมุทรปราการ,1
2568,2025,12,ธ.ค.,2025-12,12,นนทบุรี,0
2568,2025,12,ธ.ค.,2025-12,13,ปทุมธานี,0
2568,2025,12,ธ.ค.,2025-12,14,พระนครศรีอยุธยา,0
2568,2025,12,ธ.ค.,2025-12,15,อ่างทอง,0
2568,2025,12,ธ.ค.,2025-12,16,ลพบุรี,0
2568,2025,12,ธ.ค.,2025-12,17,สิงห์บุรี,0
2568,2025,12,ธ.ค.,2025-12,18,ชัยนาท,0
2568,2025,12,ธ.ค.,2025-12,19,สระบุรี,0
2568,2025,12,ธ.ค.,2025-12,20,ชลบุรี,7
2568,2025,12,ธ.ค.,2025-12,21,ระยอง,21
2568,2025,12,ธ.ค.,2025-12,22,จันทบุรี,0
2568,2025,12,ธ.ค.,2025-12,23,ตราด,0
2568,2025,12,ธ.ค.,2025-12,24,ฉะเชิงเทรา,0
2568,2025,12,ธ.ค.,2025-12,25,ปราจีนบุรี,0
2568,2025,12,ธ.ค.,2025-12,26,นครนายก,0
2568,2025,12,ธ.ค.,2025-12,27,สระแก้ว,0
2568,2025,12,ธ.ค.,2025-12,30,นครราชสีมา,1
2568,2025,12,ธ.ค.,2025-12,31,บุรีรัมย์,0
2568,2025,12,ธ.ค.,2025-12,32,สุรินทร์,0
2568,2025,12,ธ.ค.,2025-12,33,ศรีสะเกษ,0
2568,2025,12,ธ.ค.,2025-12,34,อุบลราชธานี,0
2568,2025,12,ธ.ค.,2025-12,35,ยโสธร,0
2568,2025,12,ธ.ค.,2025-12,36,ชัยภูมิ,0
2568,2025,12,ธ.ค.,2025-12,37,อำนาจเจริญ,0
2568,2025,12,ธ.ค.,2025-12,38,บึงกาฬ,0
2568,2025,12,ธ.ค.,2025-12,39,หนองบัวลำภู,0
2568,2025,12,ธ.ค.,2025-12,40,ขอนแก่น,0
2568,2025,12,ธ.ค.,2025-12,41,อุดรธานี,0
2568,2025,12,ธ.ค.,2025-12,42,เลย,0
2568,2025,12,ธ.ค.,2025-12,43,หนองคาย,0
2568,2025,12,ธ.ค.,2025-12,44,มหาสารคาม,0
2568,2025,12,ธ.ค.,2025-12,45,ร้อยเอ็ด,0
2568,2025,12,ธ.ค.,2025-12,46,กาฬสินธุ์,0
2568,2025,12,ธ.ค.,2025-12,47,สกลนคร,0
2568,2025,12,ธ.ค.,2025-12,48,นครพนม,0
2568,2025,12,ธ.ค.,2025-12,49,มุกดาหาร,0
2568,2025,12,ธ.ค.,2025-12,50,เชียงใหม่,8
2568,2025,12,ธ.ค.,2025-12,51,ลำพูน,0
2568,2025,12,ธ.ค.,2025-12,52,ลำปาง,0
2568,2025,12,ธ.ค.,2025-12,53,อุตรดิตถ์,0
2568,2025,12,ธ.ค.,2025-12,54,แพร่,0
2568,2025,12,ธ.ค.,2025-12,55,น่าน,0
2568,2025,12,ธ.ค.,2025-12,56,พะเยา,0
2568,2025,12,ธ.ค.,2025-12,57,เชียงราย,1
2568,2025,12,ธ.ค.,2025-12,58,แม่ฮ่องสอน,53
2568,2025,12,ธ.ค.,2025-12,60,นครสวรรค์,1
2568,2025,12,ธ.ค.,2025-12,61,อุทัยธานี,1
2568,2025,12,ธ.ค.,2025-12,62,กำแพงเพชร,2
2568,2025,12,ธ.ค.,2025-12,63,ตาก,260
2568,2025,12,ธ.ค.,2025-12,64,สุโขทัย,0
2568,2025,12,ธ.ค.,2025-12,65,พิษณุโลก,0
2568,2025,12,ธ.ค.,2025-12,66,พิจิตร,0
2568,2025,12,ธ.ค.,2025-12,67,เพชรบูรณ์,4
2568,2025,12,ธ.ค.,2025-12,70,ราชบุรี,14
2568,2025,12,ธ.ค.,2025-12,71,กาญจนบุรี,56
2568,2025,12,ธ.ค.,2025-12,72,สุพรรณบุรี,2
2568,2025,12,ธ.ค.,2025-12,73,นครปฐม,0
2568,2025,12,ธ.ค.,2025-12,74,สมุทรสาคร,2
2568,2025,12,ธ.ค.,2025-12,75,สมุทรสงคราม,1
2568,2025,12,ธ.ค.,2025-12,76,เพชรบุรี,9
2568,2025,12,ธ.ค.,2025-12,77,ประจวบคีรีขันธ์,40
2568,2025,12,ธ.ค.,2025-12,80,นครศรีธรรมราช,0
2568,2025,12,ธ.ค.,2025-12,81,กระบี่,0
2568,2025,12,ธ.ค.,2025-12,82,พังงา,2
2568,2025,12,ธ.ค.,2025-12,83,ภูเก็ต,1
2568,2025,12,ธ.ค.,2025-12,84,สุราษฎร์ธานี,7
2568,2025,12,ธ.ค.,2025-12,85,ระนอง,40
2568,2025,12,ธ.ค.,2025-12,86,ชุมพร,10
2568,2025,12,ธ.ค.,2025-12,90,สงขลา,0
2568,2025,12,ธ.ค.,2025-12,91,สตูล,1
2568,2025,12,ธ.ค.,2025-12,92,ตรัง,0
2568,2025,12,ธ.ค.,2025-12,93,พัทลุง,0
2568,2025,12,ธ.ค.,2025-12,94,ปัตตานี,0
2568,2025,12,ธ.ค.,2025-12,95,ยะลา,6
2568,2025,12,ธ.ค.,2025-12,96,นราธิวาส,1
